id,seed,round,accuracy,loss
fixed,0,0,0.047,2.404
fixed,0,1,0.0,5.2808
fixed,0,2,0.0,5.9154
fixed,0,3,0.0,6.4506
fixed,0,4,0.0,6.4771
fixed,0,5,0.0,6.5276
fixed,0,6,0.0,6.9159
fixed,0,7,0.0,7.2518
fixed,0,8,0.0,7.3976
fixed,0,9,0.0,7.3697
fixed,0,10,0.0,7.5535
fixed,0,11,0.0,8.0058
fixed,0,12,0.0,8.2959
fixed,0,13,0.0,8.2076
fixed,0,14,0.0,8.0168
fixed,0,15,0.0,7.9027
fixed,0,16,0.0,7.6297
fixed,0,17,0.0,7.8486
fixed,0,18,0.0,8.1677
fixed,0,19,0.0,8.6337
fixed,0,20,0.0,8.3885
fixed,0,21,0.0,8.2005
fixed,0,22,0.0,8.5359
fixed,0,23,0.0,8.6881
fixed,0,24,0.0,8.5947
fixed,0,25,0.0,8.6239
fixed,0,26,0.0,8.6176
fixed,0,27,0.0,8.6188
fixed,0,28,0.0,8.6054
fixed,0,29,0.0,8.8065
fixed,0,30,0.0,8.8404
fixed,0,31,0.0,9.8566
fixed,0,32,0.0,9.3673
fixed,0,33,0.0,9.4563
fixed,0,34,0.0,9.6608
fixed,0,35,0.0,9.7194
fixed,0,36,0.0,9.9421
fixed,0,37,0.0,10.442
fixed,0,38,0.0,10.202
fixed,0,39,0.0,10.416
fixed,0,40,0.0,10.361
fixed,0,41,0.0,9.5976
fixed,0,42,0.0,10.324
fixed,0,43,0.0,10.282
fixed,0,44,0.0,10.559
fixed,0,45,0.0,10.542
fixed,0,46,0.0,10.655
fixed,0,47,0.0,10.837
fixed,0,48,0.0,10.949
fixed,0,49,0.0,11.187
fixed,0,50,0.0,10.782
fixed,0,51,0.0,11.282
fixed,0,52,0.0,11.357
fixed,0,53,0.0,11.023
fixed,0,54,0.0,10.85
fixed,0,55,0.0,11.126
fixed,0,56,0.0,11.099
fixed,0,57,0.0,11.902
fixed,0,58,0.0,11.722
fixed,0,59,0.0,11.677
fixed,0,60,0.0,12.155
fixed,0,61,0.0,12.07
fixed,0,62,0.0,12.736
fixed,0,63,0.0,12.717
fixed,0,64,0.0,13.018
fixed,0,65,0.0,13.199
fixed,0,66,0.0,13.299
fixed,0,67,0.0,12.805
fixed,0,68,0.0,12.54
fixed,0,69,0.0,13.399
fixed,0,70,0.0,13.776
fixed,0,71,0.0,13.079
fixed,0,72,0.0,13.498
fixed,0,73,0.0,13.744
fixed,0,74,0.0,13.614
fixed,0,75,0.0,13.972
fixed,0,76,0.0,14.3
fixed,0,77,0.0,14.659
fixed,0,78,0.0,13.954
fixed,0,79,0.0,13.152
fixed,0,80,0.0,12.513
fixed,0,81,0.0,12.417
fixed,0,82,0.0,13.54
fixed,0,83,0.0,13.724
fixed,0,84,0.0,13.263
fixed,0,85,0.0,12.907
fixed,0,86,0.0,12.425
fixed,0,87,0.0,13.492
fixed,0,88,0.0,12.927
fixed,0,89,0.0,13.251
fixed,0,90,0.0,13.292
fixed,0,91,0.0,14.26
fixed,0,92,0.0,14.45
fixed,0,93,0.0,14.176
fixed,0,94,0.0,14.122
fixed,0,95,0.0,14.008
fixed,0,96,0.0,13.811
fixed,0,97,0.0,13.634
fixed,0,98,0.0,13.679
fixed,0,99,0.0,13.309
fixed,0,100,0.0,13.235
fixed,0,101,0.0,13.029
fixed,0,102,0.0,12.66
fixed,0,103,0.0,13.477
fixed,0,104,0.0,13.38
fixed,0,105,0.0,14.199
fixed,0,106,0.0,14.291
fixed,0,107,0.0,14.139
fixed,0,108,0.0,13.778
fixed,0,109,0.0,14.18
fixed,0,110,0.0,14.752
fixed,0,111,0.0,14.2
fixed,0,112,0.0,13.82
fixed,0,113,0.0,13.337
fixed,0,114,0.0,13.171
fixed,0,115,0.0,13.852
fixed,0,116,0.0,13.675
fixed,0,117,0.0,14.159
fixed,0,118,0.0,13.886
fixed,0,119,0.0,14.148
fixed,0,120,0.0,13.884
fixed,0,121,0.0,12.88
fixed,0,122,0.0,12.616
fixed,0,123,0.0,12.606
fixed,0,124,0.0,13.659
fixed,0,125,0.0,13.29
fixed,0,126,0.0,13.947
fixed,0,127,0.0,13.784
fixed,0,128,0.0,13.806
fixed,0,129,0.0,12.692
fixed,0,130,0.0,13.211
fixed,0,131,0.0,13.632
fixed,0,132,0.0,13.469
fixed,0,133,0.0,13.741
fixed,0,134,0.0,13.806
fixed,0,135,0.0,13.453
fixed,0,136,0.0,12.631
fixed,0,137,0.0,13.134
fixed,0,138,0.0,12.564
fixed,0,139,0.0,13.504
fixed,0,140,0.0,12.609
fixed,0,141,0.0,12.961
fixed,0,142,0.0,13.153
fixed,0,143,0.0,13.702
fixed,0,144,0.0,14.757
fixed,0,145,0.0,14.625
fixed,0,146,0.0,14.878
fixed,0,147,0.0,14.558
fixed,0,148,0.0,14.396
fixed,0,149,0.0,14.206
fixed,0,150,0.0,14.438
fixed,0,151,0.0,15.613
fixed,0,152,0.0,14.257
fixed,0,153,0.0,14.773
fixed,0,154,0.0,14.063
fixed,0,155,0.0,13.874
fixed,0,156,0.0,14.028
fixed,0,157,0.0,13.996
fixed,0,158,0.0,14.245
fixed,0,159,0.0,14.612
fixed,0,160,0.0,14.317
fixed,0,161,0.0,15.65
fixed,0,162,0.0,14.562
fixed,0,163,0.0,14.656
fixed,0,164,0.0,14.542
fixed,0,165,0.0,14.098
fixed,0,166,0.0,15.358
fixed,0,167,0.0,15.441
fixed,0,168,0.0,15.007
fixed,0,169,0.0,14.695
fixed,0,170,0.0,15.682
fixed,0,171,0.0,15.601
fixed,0,172,0.0,15.683
fixed,0,173,0.0,16.236
fixed,0,174,0.0,16.604
fixed,0,175,0.0,16.696
fixed,0,176,0.0,17.151
fixed,0,177,0.0,17.038
fixed,0,178,0.0,16.163
fixed,0,179,0.0,15.677
fixed,0,180,0.0,15.707
fixed,0,181,0.2465,3.1733
fixed,0,182,0.251,3.0326
fixed,0,183,0.3005,2.6962
fixed,0,184,0.281,2.8117
fixed,0,185,0.3365,2.4908
fixed,0,186,0.342,2.3692
fixed,0,187,0.36,2.1857
fixed,0,188,0.318,2.4834
fixed,0,189,0.404,2.0941
fixed,0,190,0.3595,2.3638
fixed,0,191,0.367,2.3092
fixed,0,192,0.37,2.4638
fixed,0,193,0.3445,2.507
fixed,0,194,0.3595,2.4732
fixed,0,195,0.3705,2.349
fixed,0,196,0.3705,2.4034
fixed,0,197,0.392,2.2336
fixed,0,198,0.3675,2.3056
fixed,0,199,0.376,2.2755
fixed,0,200,0.401,2.1459
fixed,1,0,0.047,2.404
fixed,1,1,0.0,5.3787
fixed,1,2,0.0,5.6607
fixed,1,3,0.0,5.9454
fixed,1,4,0.0,5.9762
fixed,1,5,0.0,6.7134
fixed,1,6,0.0,7.0054
fixed,1,7,0.0,7.2329
fixed,1,8,0.0,7.7931
fixed,1,9,0.0,7.8451
fixed,1,10,0.0,8.034
fixed,1,11,0.0,8.2229
fixed,1,12,0.0,8.1852
fixed,1,13,0.0,8.2011
fixed,1,14,0.0,8.3197
fixed,1,15,0.0,8.3193
fixed,1,16,0.0,8.3204
fixed,1,17,0.0,8.0429
fixed,1,18,0.0,8.3372
fixed,1,19,0.0,8.1949
fixed,1,20,0.0,8.266
fixed,1,21,0.0,8.1747
fixed,1,22,0.0,8.2547
fixed,1,23,0.0,8.6473
fixed,1,24,0.0,8.4299
fixed,1,25,0.0,8.6571
fixed,1,26,0.0,8.7223
fixed,1,27,0.0,8.6986
fixed,1,28,0.0,9.1788
fixed,1,29,0.0,9.4207
fixed,1,30,0.0,9.4995
fixed,1,31,0.0,9.8557
fixed,1,32,0.0,10.183
fixed,1,33,0.0,10.305
fixed,1,34,0.0,9.831
fixed,1,35,0.0,9.9106
fixed,1,36,0.0,9.8527
fixed,1,37,0.0,10.576
fixed,1,38,0.0,10.319
fixed,1,39,0.0,10.296
fixed,1,40,0.0,10.571
fixed,1,41,0.0,11.274
fixed,1,42,0.0,10.905
fixed,1,43,0.0,10.79
fixed,1,44,0.0,10.751
fixed,1,45,0.0,11.234
fixed,1,46,0.0,10.636
fixed,1,47,0.0,10.755
fixed,1,48,0.0,10.948
fixed,1,49,0.0,10.32
fixed,1,50,0.0,10.571
fixed,1,51,0.0,10.77
fixed,1,52,0.0,10.134
fixed,1,53,0.0,10.929
fixed,1,54,0.0,10.926
fixed,1,55,0.0,10.791
fixed,1,56,0.0,9.3953
fixed,1,57,0.0,9.9007
fixed,1,58,0.0,10.169
fixed,1,59,0.0,10.313
fixed,1,60,0.0,9.6557
fixed,1,61,0.0,10.752
fixed,1,62,0.0,10.701
fixed,1,63,0.0,10.678
fixed,1,64,0.0,11.53
fixed,1,65,0.0,11.564
fixed,1,66,0.0,11.955
fixed,1,67,0.0,12.323
fixed,1,68,0.0,12.406
fixed,1,69,0.0,12.769
fixed,1,70,0.0,12.767
fixed,1,71,0.0,13.201
fixed,1,72,0.0,12.963
fixed,1,73,0.0,11.982
fixed,1,74,0.0,12.632
fixed,1,75,0.0,13.194
fixed,1,76,0.0,13.103
fixed,1,77,0.0,12.524
fixed,1,78,0.0,13.251
fixed,1,79,0.0,12.827
fixed,1,80,0.0,12.85
fixed,1,81,0.0,12.099
fixed,1,82,0.0,12.401
fixed,1,83,0.0,13.13
fixed,1,84,0.0,12.802
fixed,1,85,0.0,12.61
fixed,1,86,0.0,13.25
fixed,1,87,0.0,13.623
fixed,1,88,0.0,13.839
fixed,1,89,0.0,13.913
fixed,1,90,0.0,14.253
fixed,1,91,0.0,14.096
fixed,1,92,0.0,13.348
fixed,1,93,0.0,13.496
fixed,1,94,0.0,13.498
fixed,1,95,0.0,13.42
fixed,1,96,0.0,13.741
fixed,1,97,0.0,14.294
fixed,1,98,0.0,14.416
fixed,1,99,0.0,14.009
fixed,1,100,0.0,13.816
fixed,1,101,0.0,14.031
fixed,1,102,0.0,13.627
fixed,1,103,0.0,14.105
fixed,1,104,0.0,13.444
fixed,1,105,0.0,13.852
fixed,1,106,0.0,13.563
fixed,1,107,0.0,14.391
fixed,1,108,0.0,14.05
fixed,1,109,0.0,14.078
fixed,1,110,0.0,13.785
fixed,1,111,0.0,14.389
fixed,1,112,0.0,13.72
fixed,1,113,0.0,14.222
fixed,1,114,0.0,15.075
fixed,1,115,0.0,15.128
fixed,1,116,0.0,14.78
fixed,1,117,0.0,14.424
fixed,1,118,0.0,15.923
fixed,1,119,0.0,15.986
fixed,1,120,0.0,16.082
fixed,1,121,0.0,16.025
fixed,1,122,0.0,14.867
fixed,1,123,0.0,15.718
fixed,1,124,0.0,15.134
fixed,1,125,0.0,14.998
fixed,1,126,0.0,14.599
fixed,1,127,0.0,13.827
fixed,1,128,0.0,13.836
fixed,1,129,0.0,14.935
fixed,1,130,0.0,15.52
fixed,1,131,0.0,15.797
fixed,1,132,0.0,15.676
fixed,1,133,0.0,15.026
fixed,1,134,0.0,13.819
fixed,1,135,0.0,14.583
fixed,1,136,0.0,13.912
fixed,1,137,0.0,15.088
fixed,1,138,0.0,14.661
fixed,1,139,0.0,14.737
fixed,1,140,0.0,14.588
fixed,1,141,0.0,14.688
fixed,1,142,0.0,14.723
fixed,1,143,0.0,15.475
fixed,1,144,0.0,15.785
fixed,1,145,0.0,15.481
fixed,1,146,0.0,14.753
fixed,1,147,0.0,14.875
fixed,1,148,0.0,15.098
fixed,1,149,0.0,15.412
fixed,1,150,0.0,14.771
fixed,1,151,0.0,14.414
fixed,1,152,0.0,14.615
fixed,1,153,0.0,14.914
fixed,1,154,0.0,15.488
fixed,1,155,0.0,14.029
fixed,1,156,0.0,14.442
fixed,1,157,0.0,14.594
fixed,1,158,0.0,15.063
fixed,1,159,0.0,15.12
fixed,1,160,0.0,16.171
fixed,1,161,0.0,16.12
fixed,1,162,0.0,15.244
fixed,1,163,0.0,15.658
fixed,1,164,0.0,15.958
fixed,1,165,0.0,15.208
fixed,1,166,0.0,16.234
fixed,1,167,0.0,16.925
fixed,1,168,0.0,16.372
fixed,1,169,0.0,16.008
fixed,1,170,0.0,17.29
fixed,1,171,0.0,16.742
fixed,1,172,0.0,17.355
fixed,1,173,0.0,17.177
fixed,1,174,0.0,17.55
fixed,1,175,0.0,17.049
fixed,1,176,0.0,16.232
fixed,1,177,0.0,17.703
fixed,1,178,0.0,17.121
fixed,1,179,0.0,16.353
fixed,1,180,0.0,17.275
fixed,1,181,0.118,4.1922
fixed,1,182,0.1355,3.7185
fixed,1,183,0.23,2.9285
fixed,1,184,0.1885,3.2141
fixed,1,185,0.2875,2.6426
fixed,1,186,0.286,2.6132
fixed,1,187,0.2985,2.6172
fixed,1,188,0.3005,2.5029
fixed,1,189,0.2995,2.6461
fixed,1,190,0.3755,2.2132
fixed,1,191,0.3235,2.525
fixed,1,192,0.3745,2.3135
fixed,1,193,0.3925,2.3129
fixed,1,194,0.383,2.3449
fixed,1,195,0.405,2.2422
fixed,1,196,0.425,2.0719
fixed,1,197,0.441,1.9174
fixed,1,198,0.396,2.1944
fixed,1,199,0.427,2.019
fixed,1,200,0.4055,2.1826
fixed,2,0,0.047,2.404
fixed,2,1,0.0,5.571
fixed,2,2,0.0,5.9496
fixed,2,3,0.0,6.3981
fixed,2,4,0.0,6.8264
fixed,2,5,0.0,7.0256
fixed,2,6,0.0,6.8619
fixed,2,7,0.0,7.0232
fixed,2,8,0.0,6.9926
fixed,2,9,0.0,7.471
fixed,2,10,0.0,7.7661
fixed,2,11,0.0,7.9086
fixed,2,12,0.0,7.8419
fixed,2,13,0.0,8.1899
fixed,2,14,0.0,8.4858
fixed,2,15,0.0,8.3182
fixed,2,16,0.0,8.2986
fixed,2,17,0.0,8.2508
fixed,2,18,0.0,8.3447
fixed,2,19,0.0,8.3972
fixed,2,20,0.0,8.7077
fixed,2,21,0.0,8.9406
fixed,2,22,0.0,8.9976
fixed,2,23,0.0,9.1831
fixed,2,24,0.0,9.2957
fixed,2,25,0.0,9.9032
fixed,2,26,0.0,10.046
fixed,2,27,0.0,10.044
fixed,2,28,0.0,10.332
fixed,2,29,0.0,10.823
fixed,2,30,0.0,10.763
fixed,2,31,0.0,10.74
fixed,2,32,0.0,11.429
fixed,2,33,0.0,11.143
fixed,2,34,0.0,11.171
fixed,2,35,0.0,11.761
fixed,2,36,0.0,11.928
fixed,2,37,0.0,12.027
fixed,2,38,0.0,11.762
fixed,2,39,0.0,12.298
fixed,2,40,0.0,12.159
fixed,2,41,0.0,12.573
fixed,2,42,0.0,12.772
fixed,2,43,0.0,12.916
fixed,2,44,0.0,13.217
fixed,2,45,0.0,12.847
fixed,2,46,0.0,12.746
fixed,2,47,0.0,12.625
fixed,2,48,0.0,12.597
fixed,2,49,0.0,12.63
fixed,2,50,0.0,12.64
fixed,2,51,0.0,12.957
fixed,2,52,0.0,12.976
fixed,2,53,0.0,12.788
fixed,2,54,0.0,13.172
fixed,2,55,0.0,12.938
fixed,2,56,0.0,13.237
fixed,2,57,0.0,12.028
fixed,2,58,0.0,11.38
fixed,2,59,0.0,11.843
fixed,2,60,0.0,11.774
fixed,2,61,0.0,11.812
fixed,2,62,0.0,12.634
fixed,2,63,0.0,12.979
fixed,2,64,0.0,12.039
fixed,2,65,0.0,12.371
fixed,2,66,0.0,12.205
fixed,2,67,0.0,12.332
fixed,2,68,0.0,12.273
fixed,2,69,0.0,12.734
fixed,2,70,0.0,13.26
fixed,2,71,0.0,13.572
fixed,2,72,0.0,12.712
fixed,2,73,0.0,12.005
fixed,2,74,0.0,12.051
fixed,2,75,0.0,12.6
fixed,2,76,0.0,12.725
fixed,2,77,0.0,12.84
fixed,2,78,0.0,13.225
fixed,2,79,0.0,13.218
fixed,2,80,0.0,12.914
fixed,2,81,0.0,12.331
fixed,2,82,0.0,13.083
fixed,2,83,0.0,13.226
fixed,2,84,0.0,14.04
fixed,2,85,0.0,13.825
fixed,2,86,0.0,14.211
fixed,2,87,0.0,13.164
fixed,2,88,0.0,13.516
fixed,2,89,0.0,12.702
fixed,2,90,0.0,12.213
fixed,2,91,0.0,12.438
fixed,2,92,0.0,12.089
fixed,2,93,0.0,12.004
fixed,2,94,0.0,11.903
fixed,2,95,0.0,13.005
fixed,2,96,0.0,12.82
fixed,2,97,0.0,13.471
fixed,2,98,0.0,14.091
fixed,2,99,0.0,14.367
fixed,2,100,0.0,14.485
fixed,2,101,0.0,14.572
fixed,2,102,0.0,13.903
fixed,2,103,0.0,14.613
fixed,2,104,0.0,14.804
fixed,2,105,0.0,13.668
fixed,2,106,0.0,13.879
fixed,2,107,0.0,13.688
fixed,2,108,0.0,13.766
fixed,2,109,0.0,13.824
fixed,2,110,0.0,14.098
fixed,2,111,0.0,13.713
fixed,2,112,0.0,13.036
fixed,2,113,0.0,12.974
fixed,2,114,0.0,12.285
fixed,2,115,0.0,12.278
fixed,2,116,0.0,12.969
fixed,2,117,0.0,13.605
fixed,2,118,0.0,13.821
fixed,2,119,0.0,14.387
fixed,2,120,0.0,13.719
fixed,2,121,0.0,13.35
fixed,2,122,0.0,13.886
fixed,2,123,0.0,14.226
fixed,2,124,0.0,15.517
fixed,2,125,0.0,14.819
fixed,2,126,0.0,14.783
fixed,2,127,0.0,14.554
fixed,2,128,0.0,14.403
fixed,2,129,0.0,14.284
fixed,2,130,0.0,14.859
fixed,2,131,0.0,14.378
fixed,2,132,0.0,14.365
fixed,2,133,0.0,14.266
fixed,2,134,0.0,15.572
fixed,2,135,0.0,15.161
fixed,2,136,0.0,15.568
fixed,2,137,0.0,15.015
fixed,2,138,0.0,16.064
fixed,2,139,0.0,15.086
fixed,2,140,0.0,14.064
fixed,2,141,0.0,13.945
fixed,2,142,0.0,15.194
fixed,2,143,0.0,15.494
fixed,2,144,0.0,15.461
fixed,2,145,0.0,15.242
fixed,2,146,0.0,14.953
fixed,2,147,0.0,15.435
fixed,2,148,0.0,15.192
fixed,2,149,0.0,15.543
fixed,2,150,0.0,14.106
fixed,2,151,0.0,14.566
fixed,2,152,0.0,16.206
fixed,2,153,0.0,16.93
fixed,2,154,0.0,17.36
fixed,2,155,0.0,16.577
fixed,2,156,0.0,16.145
fixed,2,157,0.0,16.335
fixed,2,158,0.0,16.134
fixed,2,159,0.0,16.125
fixed,2,160,0.0,16.561
fixed,2,161,0.0,15.372
fixed,2,162,0.0,16.168
fixed,2,163,0.0,16.618
fixed,2,164,0.0,15.487
fixed,2,165,0.0,14.96
fixed,2,166,0.0,15.565
fixed,2,167,0.0,14.807
fixed,2,168,0.0,15.309
fixed,2,169,0.0,15.495
fixed,2,170,0.0,16.264
fixed,2,171,0.0,17.002
fixed,2,172,0.0,17.088
fixed,2,173,0.0,15.769
fixed,2,174,0.0,16.186
fixed,2,175,0.0,16.23
fixed,2,176,0.0,16.009
fixed,2,177,0.0,16.038
fixed,2,178,0.0,16.443
fixed,2,179,0.0,16.931
fixed,2,180,0.0,17.201
fixed,2,181,0.1665,3.7549
fixed,2,182,0.1625,3.783
fixed,2,183,0.234,3.1712
fixed,2,184,0.2565,3.0435
fixed,2,185,0.2445,3.023
fixed,2,186,0.2645,2.9382
fixed,2,187,0.291,2.8399
fixed,2,188,0.292,2.7947
fixed,2,189,0.3115,2.833
fixed,2,190,0.3095,2.6568
fixed,2,191,0.323,2.7627
fixed,2,192,0.278,2.8367
fixed,2,193,0.3195,2.5579
fixed,2,194,0.28,2.7355
fixed,2,195,0.325,2.6392
fixed,2,196,0.297,2.884
fixed,2,197,0.333,2.5947
fixed,2,198,0.3795,2.3707
fixed,2,199,0.333,2.6059
fixed,2,200,0.405,2.3952
fixed,3,0,0.047,2.404
fixed,3,1,0.0,5.2607
fixed,3,2,0.0,5.8255
fixed,3,3,0.0,6.2973
fixed,3,4,0.0,6.4847
fixed,3,5,0.0,6.8915
fixed,3,6,0.0,6.9038
fixed,3,7,0.0,7.1791
fixed,3,8,0.0,7.2939
fixed,3,9,0.0,7.5487
fixed,3,10,0.0,7.3974
fixed,3,11,0.0,7.9018
fixed,3,12,0.0,7.8319
fixed,3,13,0.0,7.8601
fixed,3,14,0.0,8.5647
fixed,3,15,0.0,8.5999
fixed,3,16,0.0,8.9289
fixed,3,17,0.0,9.2345
fixed,3,18,0.0,8.9496
fixed,3,19,0.0,9.0838
fixed,3,20,0.0,9.2226
fixed,3,21,0.0,9.2818
fixed,3,22,0.0,9.5603
fixed,3,23,0.0,9.1653
fixed,3,24,0.0,8.9643
fixed,3,25,0.0,8.7157
fixed,3,26,0.0,9.0245
fixed,3,27,0.0,9.3944
fixed,3,28,0.0,9.3719
fixed,3,29,0.0,9.67
fixed,3,30,0.0,9.9441
fixed,3,31,0.0,9.8029
fixed,3,32,0.0,9.3487
fixed,3,33,0.0,9.6272
fixed,3,34,0.0,10.168
fixed,3,35,0.0,10.132
fixed,3,36,0.0,9.9357
fixed,3,37,0.0,10.811
fixed,3,38,0.0,10.671
fixed,3,39,0.0,10.398
fixed,3,40,0.0,11.071
fixed,3,41,0.0,10.611
fixed,3,42,0.0,10.374
fixed,3,43,0.0,11.033
fixed,3,44,0.0,10.934
fixed,3,45,0.0,11.359
fixed,3,46,0.0,10.876
fixed,3,47,0.0,10.571
fixed,3,48,0.0,11.251
fixed,3,49,0.0,11.208
fixed,3,50,0.0,11.559
fixed,3,51,0.0,11.404
fixed,3,52,0.0,11.506
fixed,3,53,0.0,11.719
fixed,3,54,0.0,11.724
fixed,3,55,0.0,11.839
fixed,3,56,0.0,11.859
fixed,3,57,0.0,11.842
fixed,3,58,0.0,12.964
fixed,3,59,0.0,12.239
fixed,3,60,0.0,12.135
fixed,3,61,0.0,12.402
fixed,3,62,0.0,12.769
fixed,3,63,0.0,12.69
fixed,3,64,0.0,12.336
fixed,3,65,0.0,12.41
fixed,3,66,0.0,13.08
fixed,3,67,0.0,12.761
fixed,3,68,0.0,12.836
fixed,3,69,0.0,13.051
fixed,3,70,0.0,12.847
fixed,3,71,0.0,12.141
fixed,3,72,0.0,11.764
fixed,3,73,0.0,11.711
fixed,3,74,0.0,11.768
fixed,3,75,0.0,12.413
fixed,3,76,0.0,12.712
fixed,3,77,0.0,13.325
fixed,3,78,0.0,12.276
fixed,3,79,0.0,12.262
fixed,3,80,0.0,12.222
fixed,3,81,0.0,12.518
fixed,3,82,0.0,12.227
fixed,3,83,0.0,12.05
fixed,3,84,0.0,11.364
fixed,3,85,0.0,11.674
fixed,3,86,0.0,11.743
fixed,3,87,0.0,11.686
fixed,3,88,0.0,11.539
fixed,3,89,0.0,11.512
fixed,3,90,0.0,11.125
fixed,3,91,0.0,12.025
fixed,3,92,0.0,12.526
fixed,3,93,0.0,12.137
fixed,3,94,0.0,12.4
fixed,3,95,0.0,12.421
fixed,3,96,0.0,12.531
fixed,3,97,0.0,12.596
fixed,3,98,0.0,13.045
fixed,3,99,0.0,13.54
fixed,3,100,0.0,13.894
fixed,3,101,0.0,13.266
fixed,3,102,0.0,12.383
fixed,3,103,0.0,13.262
fixed,3,104,0.0,12.771
fixed,3,105,0.0,13.791
fixed,3,106,0.0,13.257
fixed,3,107,0.0,13.031
fixed,3,108,0.0,12.456
fixed,3,109,0.0,13.965
fixed,3,110,0.0,15.274
fixed,3,111,0.0,14.923
fixed,3,112,0.0,14.099
fixed,3,113,0.0,14.66
fixed,3,114,0.0,14.587
fixed,3,115,0.0,14.279
fixed,3,116,0.0,13.935
fixed,3,117,0.0,13.763
fixed,3,118,0.0,13.154
fixed,3,119,0.0,14.012
fixed,3,120,0.0,14.498
fixed,3,121,0.0,14.552
fixed,3,122,0.0,14.787
fixed,3,123,0.0,13.591
fixed,3,124,0.0,13.54
fixed,3,125,0.0,13.75
fixed,3,126,0.0,13.956
fixed,3,127,0.0,14.482
fixed,3,128,0.0,14.638
fixed,3,129,0.0,14.702
fixed,3,130,0.0,14.542
fixed,3,131,0.0,15.308
fixed,3,132,0.0,15.067
fixed,3,133,0.0,15.497
fixed,3,134,0.0,16.262
fixed,3,135,0.0,16.784
fixed,3,136,0.0,15.4
fixed,3,137,0.0,15.714
fixed,3,138,0.0,16.04
fixed,3,139,0.0,16.402
fixed,3,140,0.0,14.962
fixed,3,141,0.0,15.428
fixed,3,142,0.0,15.736
fixed,3,143,0.0,15.847
fixed,3,144,0.0,15.848
fixed,3,145,0.0,15.7
fixed,3,146,0.0,15.632
fixed,3,147,0.0,15.994
fixed,3,148,0.0,15.041
fixed,3,149,0.0,16.033
fixed,3,150,0.0,16.542
fixed,3,151,0.0,16.429
fixed,3,152,0.0,16.542
fixed,3,153,0.0,15.749
fixed,3,154,0.0,15.194
fixed,3,155,0.0,16.097
fixed,3,156,0.0,16.266
fixed,3,157,0.0,17.143
fixed,3,158,0.0,16.31
fixed,3,159,0.0,15.595
fixed,3,160,0.0,17.061
fixed,3,161,0.0,16.776
fixed,3,162,0.0,16.487
fixed,3,163,0.0,17.012
fixed,3,164,0.0,16.407
fixed,3,165,0.0,16.415
fixed,3,166,0.0,16.644
fixed,3,167,0.0,17.204
fixed,3,168,0.0,19.025
fixed,3,169,0.0,18.084
fixed,3,170,0.0,17.639
fixed,3,171,0.0,17.303
fixed,3,172,0.0,17.733
fixed,3,173,0.0,17.543
fixed,3,174,0.0,18.232
fixed,3,175,0.0,17.854
fixed,3,176,0.0,16.939
fixed,3,177,0.0,17.108
fixed,3,178,0.0,18.454
fixed,3,179,0.0,17.198
fixed,3,180,0.0,17.613
fixed,3,181,0.0895,4.2392
fixed,3,182,0.165,3.2932
fixed,3,183,0.1865,3.1251
fixed,3,184,0.229,2.868
fixed,3,185,0.226,2.7964
fixed,3,186,0.264,2.6889
fixed,3,187,0.2855,2.557
fixed,3,188,0.3115,2.4127
fixed,3,189,0.2485,2.7448
fixed,3,190,0.3045,2.4664
fixed,3,191,0.334,2.2898
fixed,3,192,0.3065,2.5274
fixed,3,193,0.353,2.2669
fixed,3,194,0.4095,2.1057
fixed,3,195,0.357,2.2359
fixed,3,196,0.3835,2.1819
fixed,3,197,0.3915,2.2014
fixed,3,198,0.348,2.324
fixed,3,199,0.439,1.9244
fixed,3,200,0.4235,1.9567
fixed,4,0,0.047,2.404
fixed,4,1,0.0,5.3439
fixed,4,2,0.0,5.9225
fixed,4,3,0.0,5.9887
fixed,4,4,0.0,6.2541
fixed,4,5,0.0,6.5319
fixed,4,6,0.0,6.6486
fixed,4,7,0.0,6.9945
fixed,4,8,0.0,7.2535
fixed,4,9,0.0,7.8181
fixed,4,10,0.0,7.9833
fixed,4,11,0.0,8.0086
fixed,4,12,0.0,8.2144
fixed,4,13,0.0,8.4754
fixed,4,14,0.0,8.2773
fixed,4,15,0.0,8.9415
fixed,4,16,0.0,8.7718
fixed,4,17,0.0,9.3718
fixed,4,18,0.0,9.2825
fixed,4,19,0.0,9.1317
fixed,4,20,0.0,9.4297
fixed,4,21,0.0,8.9744
fixed,4,22,0.0,9.4215
fixed,4,23,0.0,9.3008
fixed,4,24,0.0,9.1061
fixed,4,25,0.0,9.5078
fixed,4,26,0.0,9.6519
fixed,4,27,0.0,9.0176
fixed,4,28,0.0,9.0248
fixed,4,29,0.0,8.6478
fixed,4,30,0.0,8.7604
fixed,4,31,0.0,9.4606
fixed,4,32,0.0,9.1448
fixed,4,33,0.0,9.5039
fixed,4,34,0.0,9.621
fixed,4,35,0.0,9.8312
fixed,4,36,0.0,9.8742
fixed,4,37,0.0,9.9185
fixed,4,38,0.0,9.5753
fixed,4,39,0.0,10.197
fixed,4,40,0.0,9.7289
fixed,4,41,0.0,9.692
fixed,4,42,0.0,9.767
fixed,4,43,0.0,10.3
fixed,4,44,0.0,9.7921
fixed,4,45,0.0,9.7168
fixed,4,46,0.0,10.007
fixed,4,47,0.0,10.357
fixed,4,48,0.0,10.73
fixed,4,49,0.0,10.635
fixed,4,50,0.0,10.023
fixed,4,51,0.0,9.8897
fixed,4,52,0.0,10.039
fixed,4,53,0.0,10.129
fixed,4,54,0.0,10.212
fixed,4,55,0.0,10.644
fixed,4,56,0.0,11.283
fixed,4,57,0.0,12.043
fixed,4,58,0.0,11.062
fixed,4,59,0.0,11.46
fixed,4,60,0.0,10.86
fixed,4,61,0.0,10.584
fixed,4,62,0.0,9.9812
fixed,4,63,0.0,11.113
fixed,4,64,0.0,9.7443
fixed,4,65,0.0,10.791
fixed,4,66,0.0,11.029
fixed,4,67,0.0,11.71
fixed,4,68,0.0,11.87
fixed,4,69,0.0,12.021
fixed,4,70,0.0,12.267
fixed,4,71,0.0,11.451
fixed,4,72,0.0,11.412
fixed,4,73,0.0,11.373
fixed,4,74,0.0,11.221
fixed,4,75,0.0,11.134
fixed,4,76,0.0,11.118
fixed,4,77,0.0,12.342
fixed,4,78,0.0,12.334
fixed,4,79,0.0,12.041
fixed,4,80,0.0,12.215
fixed,4,81,0.0,11.478
fixed,4,82,0.0,11.08
fixed,4,83,0.0,11.923
fixed,4,84,0.0,11.826
fixed,4,85,0.0,11.708
fixed,4,86,0.0,12.84
fixed,4,87,0.0,12.389
fixed,4,88,0.0,13.592
fixed,4,89,0.0,13.022
fixed,4,90,0.0,13.115
fixed,4,91,0.0,13.783
fixed,4,92,0.0,13.625
fixed,4,93,0.0,13.935
fixed,4,94,0.0,14.153
fixed,4,95,0.0,14.446
fixed,4,96,0.0,15.227
fixed,4,97,0.0,14.33
fixed,4,98,0.0,13.763
fixed,4,99,0.0,13.409
fixed,4,100,0.0,13.514
fixed,4,101,0.0,14.192
fixed,4,102,0.0,13.464
fixed,4,103,0.0,14.416
fixed,4,104,0.0,13.841
fixed,4,105,0.0,13.927
fixed,4,106,0.0,14.359
fixed,4,107,0.0,13.388
fixed,4,108,0.0,13.493
fixed,4,109,0.0,13.756
fixed,4,110,0.0,13.202
fixed,4,111,0.0,13.794
fixed,4,112,0.0,13.495
fixed,4,113,0.0,13.827
fixed,4,114,0.0,13.373
fixed,4,115,0.0,13.281
fixed,4,116,0.0,14.675
fixed,4,117,0.0,14.305
fixed,4,118,0.0,15.298
fixed,4,119,0.0,16.551
fixed,4,120,0.0,15.269
fixed,4,121,0.0,14.47
fixed,4,122,0.0,13.841
fixed,4,123,0.0005,13.209
fixed,4,124,0.0,14.221
fixed,4,125,0.0,13.706
fixed,4,126,0.0,14.033
fixed,4,127,0.0,14.235
fixed,4,128,0.0,13.434
fixed,4,129,0.0,14.116
fixed,4,130,0.0,14.036
fixed,4,131,0.0,14.546
fixed,4,132,0.0005,14.742
fixed,4,133,0.0005,13.552
fixed,4,134,0.0,14.952
fixed,4,135,0.0,14.818
fixed,4,136,0.0,14.764
fixed,4,137,0.0,14.186
fixed,4,138,0.0,15.001
fixed,4,139,0.0,14.561
fixed,4,140,0.0,14.738
fixed,4,141,0.0,15.536
fixed,4,142,0.0,15.642
fixed,4,143,0.0,15.492
fixed,4,144,0.0,14.582
fixed,4,145,0.0,15.77
fixed,4,146,0.0,15.939
fixed,4,147,0.0,15.078
fixed,4,148,0.0,14.607
fixed,4,149,0.0,15.571
fixed,4,150,0.0,15.758
fixed,4,151,0.0,16.053
fixed,4,152,0.0,15.728
fixed,4,153,0.0,15.622
fixed,4,154,0.0,15.944
fixed,4,155,0.0,15.027
fixed,4,156,0.0,15.105
fixed,4,157,0.0,14.799
fixed,4,158,0.0,16.202
fixed,4,159,0.0,16.04
fixed,4,160,0.0,17.433
fixed,4,161,0.0,16.99
fixed,4,162,0.0,16.017
fixed,4,163,0.0,15.089
fixed,4,164,0.0,14.56
fixed,4,165,0.0,13.978
fixed,4,166,0.0,13.58
fixed,4,167,0.0,13.005
fixed,4,168,0.0,13.324
fixed,4,169,0.0,14.107
fixed,4,170,0.0,13.701
fixed,4,171,0.0,13.677
fixed,4,172,0.0,14.165
fixed,4,173,0.0,14.0
fixed,4,174,0.0,15.16
fixed,4,175,0.0,13.76
fixed,4,176,0.0,14.854
fixed,4,177,0.0,16.031
fixed,4,178,0.0,15.913
fixed,4,179,0.0,15.258
fixed,4,180,0.0,16.281
fixed,4,181,0.166,3.4143
fixed,4,182,0.213,3.0131
fixed,4,183,0.2645,2.6622
fixed,4,184,0.285,2.5694
fixed,4,185,0.332,2.3082
fixed,4,186,0.3715,2.1955
fixed,4,187,0.383,2.0937
fixed,4,188,0.376,2.1691
fixed,4,189,0.36,2.2673
fixed,4,190,0.435,1.8712
fixed,4,191,0.362,2.2896
fixed,4,192,0.3675,2.1888
fixed,4,193,0.3255,2.4655
fixed,4,194,0.371,2.2014
fixed,4,195,0.3965,2.1406
fixed,4,196,0.429,2.0059
fixed,4,197,0.396,2.2134
fixed,4,198,0.4065,2.1611
fixed,4,199,0.4235,2.0149
fixed,4,200,0.448,1.9074
fixed,5,0,0.047,2.404
fixed,5,1,0.0,5.4694
fixed,5,2,0.0,6.0313
fixed,5,3,0.0,6.7219
fixed,5,4,0.0,6.9087
fixed,5,5,0.0,6.9154
fixed,5,6,0.0,6.9175
fixed,5,7,0.0,7.1954
fixed,5,8,0.0,7.3774
fixed,5,9,0.0,7.449
fixed,5,10,0.0,7.5893
fixed,5,11,0.0,7.6135
fixed,5,12,0.0,8.1919
fixed,5,13,0.0,8.3705
fixed,5,14,0.0,8.3211
fixed,5,15,0.0,8.1265
fixed,5,16,0.0,7.7565
fixed,5,17,0.0,7.858
fixed,5,18,0.0,8.4544
fixed,5,19,0.0,8.6311
fixed,5,20,0.0,8.6816
fixed,5,21,0.0,9.0477
fixed,5,22,0.0,8.8605
fixed,5,23,0.0,9.0607
fixed,5,24,0.0,9.2105
fixed,5,25,0.0,9.0788
fixed,5,26,0.0,9.4202
fixed,5,27,0.0,9.4166
fixed,5,28,0.0,9.3442
fixed,5,29,0.0,9.3112
fixed,5,30,0.0,9.2196
fixed,5,31,0.0,9.0553
fixed,5,32,0.0,9.4212
fixed,5,33,0.0,9.7115
fixed,5,34,0.0,9.4816
fixed,5,35,0.0,9.3986
fixed,5,36,0.0,8.8513
fixed,5,37,0.0,9.3452
fixed,5,38,0.0,9.506
fixed,5,39,0.0,9.5982
fixed,5,40,0.0,9.7826
fixed,5,41,0.0,9.7824
fixed,5,42,0.0,9.7337
fixed,5,43,0.0,9.6068
fixed,5,44,0.0,9.8004
fixed,5,45,0.0,9.7788
fixed,5,46,0.0,10.234
fixed,5,47,0.0,9.8715
fixed,5,48,0.0,10.542
fixed,5,49,0.0,10.433
fixed,5,50,0.0,10.943
fixed,5,51,0.0,11.383
fixed,5,52,0.0,11.535
fixed,5,53,0.0,10.608
fixed,5,54,0.0,10.812
fixed,5,55,0.0,11.186
fixed,5,56,0.0,10.898
fixed,5,57,0.0,10.898
fixed,5,58,0.0,11.196
fixed,5,59,0.0,10.72
fixed,5,60,0.0,11.417
fixed,5,61,0.0,11.393
fixed,5,62,0.0,11.199
fixed,5,63,0.0,10.989
fixed,5,64,0.0,10.852
fixed,5,65,0.0,10.829
fixed,5,66,0.0,10.405
fixed,5,67,0.0,11.325
fixed,5,68,0.0,10.959
fixed,5,69,0.0,10.662
fixed,5,70,0.0,10.773
fixed,5,71,0.0,11.42
fixed,5,72,0.0,11.748
fixed,5,73,0.0,11.788
fixed,5,74,0.0,11.734
fixed,5,75,0.0,11.095
fixed,5,76,0.0,11.208
fixed,5,77,0.0,11.575
fixed,5,78,0.0,10.983
fixed,5,79,0.0,11.393
fixed,5,80,0.0,11.483
fixed,5,81,0.0,11.862
fixed,5,82,0.0,11.714
fixed,5,83,0.0,11.716
fixed,5,84,0.0,11.716
fixed,5,85,0.0,12.391
fixed,5,86,0.0,12.394
fixed,5,87,0.0,11.684
fixed,5,88,0.0,11.51
fixed,5,89,0.0,11.625
fixed,5,90,0.0,11.962
fixed,5,91,0.0,12.624
fixed,5,92,0.0,12.593
fixed,5,93,0.0,12.116
fixed,5,94,0.0,12.391
fixed,5,95,0.0,12.869
fixed,5,96,0.0,12.089
fixed,5,97,0.0,12.501
fixed,5,98,0.0,13.223
fixed,5,99,0.0,13.683
fixed,5,100,0.0,14.034
fixed,5,101,0.0,14.046
fixed,5,102,0.0,13.624
fixed,5,103,0.0,13.805
fixed,5,104,0.0,14.288
fixed,5,105,0.0,14.091
fixed,5,106,0.0,14.206
fixed,5,107,0.0,13.935
fixed,5,108,0.0,13.52
fixed,5,109,0.0,13.273
fixed,5,110,0.0,13.708
fixed,5,111,0.0,13.061
fixed,5,112,0.0,13.788
fixed,5,113,0.0,13.907
fixed,5,114,0.0,13.931
fixed,5,115,0.0,13.816
fixed,5,116,0.0,14.152
fixed,5,117,0.0,14.237
fixed,5,118,0.0,13.992
fixed,5,119,0.0,13.716
fixed,5,120,0.0,13.371
fixed,5,121,0.0,13.204
fixed,5,122,0.0,13.151
fixed,5,123,0.0,12.818
fixed,5,124,0.0,11.548
fixed,5,125,0.0,12.885
fixed,5,126,0.0,12.247
fixed,5,127,0.0,12.539
fixed,5,128,0.0,12.551
fixed,5,129,0.0,12.461
fixed,5,130,0.0,12.181
fixed,5,131,0.0,13.168
fixed,5,132,0.0,12.732
fixed,5,133,0.0,12.054
fixed,5,134,0.0,12.526
fixed,5,135,0.0,12.841
fixed,5,136,0.0,13.037
fixed,5,137,0.0,12.955
fixed,5,138,0.0,12.204
fixed,5,139,0.0,12.127
fixed,5,140,0.0,12.428
fixed,5,141,0.0,12.469
fixed,5,142,0.0,13.047
fixed,5,143,0.0,14.118
fixed,5,144,0.0,12.948
fixed,5,145,0.0,13.164
fixed,5,146,0.0,14.158
fixed,5,147,0.0,15.471
fixed,5,148,0.0,15.455
fixed,5,149,0.0,16.202
fixed,5,150,0.0,15.875
fixed,5,151,0.0,15.968
fixed,5,152,0.0,15.165
fixed,5,153,0.0,14.383
fixed,5,154,0.0,13.495
fixed,5,155,0.0,13.767
fixed,5,156,0.0,14.377
fixed,5,157,0.0,14.017
fixed,5,158,0.0,14.451
fixed,5,159,0.0,13.492
fixed,5,160,0.0,13.773
fixed,5,161,0.0,14.349
fixed,5,162,0.0,14.532
fixed,5,163,0.0,14.236
fixed,5,164,0.0,14.385
fixed,5,165,0.0,15.501
fixed,5,166,0.0,15.638
fixed,5,167,0.0,15.377
fixed,5,168,0.0,14.999
fixed,5,169,0.0,14.256
fixed,5,170,0.0,14.736
fixed,5,171,0.0,14.513
fixed,5,172,0.0,14.637
fixed,5,173,0.0,14.975
fixed,5,174,0.0,15.469
fixed,5,175,0.0,15.687
fixed,5,176,0.0,15.414
fixed,5,177,0.0,15.048
fixed,5,178,0.0,15.6
fixed,5,179,0.0,15.328
fixed,5,180,0.0,14.733
fixed,5,181,0.2095,3.4338
fixed,5,182,0.2715,2.9625
fixed,5,183,0.2175,3.3123
fixed,5,184,0.3395,2.7428
fixed,5,185,0.336,2.6618
fixed,5,186,0.3175,2.6393
fixed,5,187,0.3015,2.7652
fixed,5,188,0.355,2.6024
fixed,5,189,0.299,2.9325
fixed,5,190,0.335,2.5019
fixed,5,191,0.355,2.5693
fixed,5,192,0.389,2.4705
fixed,5,193,0.4385,2.14
fixed,5,194,0.4335,2.1204
fixed,5,195,0.4365,2.1643
fixed,5,196,0.3695,2.4754
fixed,5,197,0.4045,2.4025
fixed,5,198,0.385,2.4876
fixed,5,199,0.3785,2.5418
fixed,5,200,0.4305,2.1815
dpa-dp-0.85,0,0,0.047,2.404
dpa-dp-0.85,0,1,0.0,5.2591
dpa-dp-0.85,0,2,0.0,5.9011
dpa-dp-0.85,0,3,0.0,6.4394
dpa-dp-0.85,0,4,0.0,6.4501
dpa-dp-0.85,0,5,0.0,6.4954
dpa-dp-0.85,0,6,0.0,6.8831
dpa-dp-0.85,0,7,0.0,7.2163
dpa-dp-0.85,0,8,0.0,7.3686
dpa-dp-0.85,0,9,0.0,7.3377
dpa-dp-0.85,0,10,0.0,7.5178
dpa-dp-0.85,0,11,0.0,7.9932
dpa-dp-0.85,0,12,0.0,8.2878
dpa-dp-0.85,0,13,0.0,8.1994
dpa-dp-0.85,0,14,0.0,8.0
dpa-dp-0.85,0,15,0.0,7.8712
dpa-dp-0.85,0,16,0.0,7.5907
dpa-dp-0.85,0,17,0.0,7.8068
dpa-dp-0.85,0,18,0.0,8.1547
dpa-dp-0.85,0,19,0.0,8.6341
dpa-dp-0.85,0,20,0.0,8.3641
dpa-dp-0.85,0,21,0.0,8.1691
dpa-dp-0.85,0,22,0.0,8.5226
dpa-dp-0.85,0,23,0.0,8.6892
dpa-dp-0.85,0,24,0.0,8.578
dpa-dp-0.85,0,25,0.0,8.6129
dpa-dp-0.85,0,26,0.0,8.6123
dpa-dp-0.85,0,27,0.0,8.6138
dpa-dp-0.85,0,28,0.0,8.6102
dpa-dp-0.85,0,29,0.0,8.8072
dpa-dp-0.85,0,30,0.0,8.8255
dpa-dp-0.85,0,31,0.0,9.8783
dpa-dp-0.85,0,32,0.0,9.3535
dpa-dp-0.85,0,33,0.0,9.4667
dpa-dp-0.85,0,34,0.0,9.6899
dpa-dp-0.85,0,35,0.0,9.726
dpa-dp-0.85,0,36,0.0,9.9652
dpa-dp-0.85,0,37,0.0,10.473
dpa-dp-0.85,0,38,0.0,10.229
dpa-dp-0.85,0,39,0.0,10.436
dpa-dp-0.85,0,40,0.0,10.413
dpa-dp-0.85,0,41,0.0,9.5975
dpa-dp-0.85,0,42,0.0,10.382
dpa-dp-0.85,0,43,0.0,10.302
dpa-dp-0.85,0,44,0.0,10.599
dpa-dp-0.85,0,45,0.0,10.619
dpa-dp-0.85,0,46,0.0,10.707
dpa-dp-0.85,0,47,0.0,10.897
dpa-dp-0.85,0,48,0.0,11.039
dpa-dp-0.85,0,49,0.0,11.26
dpa-dp-0.85,0,50,0.0,10.852
dpa-dp-0.85,0,51,0.0,11.377
dpa-dp-0.85,0,52,0.0,11.452
dpa-dp-0.85,0,53,0.0,11.174
dpa-dp-0.85,0,54,0.0,11.008
dpa-dp-0.85,0,55,0.0,11.315
dpa-dp-0.85,0,56,0.0,11.239
dpa-dp-0.85,0,57,0.0,12.048
dpa-dp-0.85,0,58,0.0,11.936
dpa-dp-0.85,0,59,0.0,11.819
dpa-dp-0.85,0,60,0.0,12.36
dpa-dp-0.85,0,61,0.0,12.209
dpa-dp-0.85,0,62,0.0,12.913
dpa-dp-0.85,0,63,0.0,12.864
dpa-dp-0.85,0,64,0.0,13.174
dpa-dp-0.85,0,65,0.0,13.344
dpa-dp-0.85,0,66,0.0,13.482
dpa-dp-0.85,0,67,0.0,12.963
dpa-dp-0.85,0,68,0.0,12.652
dpa-dp-0.85,0,69,0.0,13.596
dpa-dp-0.85,0,70,0.0,13.95
dpa-dp-0.85,0,71,0.0,13.201
dpa-dp-0.85,0,72,0.0,13.573
dpa-dp-0.85,0,73,0.0,13.887
dpa-dp-0.85,0,74,0.0,13.767
dpa-dp-0.85,0,75,0.0,14.111
dpa-dp-0.85,0,76,0.0,14.427
dpa-dp-0.85,0,77,0.0,14.857
dpa-dp-0.85,0,78,0.0,14.137
dpa-dp-0.85,0,79,0.0,13.299
dpa-dp-0.85,0,80,0.0,12.606
dpa-dp-0.85,0,81,0.0,12.486
dpa-dp-0.85,0,82,0.0,13.722
dpa-dp-0.85,0,83,0.0,13.93
dpa-dp-0.85,0,84,0.0,13.436
dpa-dp-0.85,0,85,0.0,13.09
dpa-dp-0.85,0,86,0.0,12.559
dpa-dp-0.85,0,87,0.0,13.697
dpa-dp-0.85,0,88,0.0,13.075
dpa-dp-0.85,0,89,0.0,13.466
dpa-dp-0.85,0,90,0.0,13.526
dpa-dp-0.85,0,91,0.0,14.535
dpa-dp-0.85,0,92,0.0,14.733
dpa-dp-0.85,0,93,0.0,14.436
dpa-dp-0.85,0,94,0.0,14.334
dpa-dp-0.85,0,95,0.0,14.227
dpa-dp-0.85,0,96,0.0,14.058
dpa-dp-0.85,0,97,0.0,13.852
dpa-dp-0.85,0,98,0.0,13.859
dpa-dp-0.85,0,99,0.0,13.421
dpa-dp-0.85,0,100,0.0,13.299
dpa-dp-0.85,0,101,0.0,13.11
dpa-dp-0.85,0,102,0.0,12.761
dpa-dp-0.85,0,103,0.0,13.667
dpa-dp-0.85,0,104,0.0,13.56
dpa-dp-0.85,0,105,0.0,14.447
dpa-dp-0.85,0,106,0.0,14.452
dpa-dp-0.85,0,107,0.0,14.335
dpa-dp-0.85,0,108,0.0,13.944
dpa-dp-0.85,0,109,0.0,14.333
dpa-dp-0.85,0,110,0.0,14.954
dpa-dp-0.85,0,111,0.0,14.317
dpa-dp-0.85,0,112,0.0,13.937
dpa-dp-0.85,0,113,0.0,13.367
dpa-dp-0.85,0,114,0.0,13.292
dpa-dp-0.85,0,115,0.0,14.043
dpa-dp-0.85,0,116,0.0,13.826
dpa-dp-0.85,0,117,0.0,14.322
dpa-dp-0.85,0,118,0.0,14.021
dpa-dp-0.85,0,119,0.0,14.3
dpa-dp-0.85,0,120,0.0,14.049
dpa-dp-0.85,0,121,0.0,12.95
dpa-dp-0.85,0,122,0.0,12.749
dpa-dp-0.85,0,123,0.0,12.749
dpa-dp-0.85,0,124,0.0,13.897
dpa-dp-0.85,0,125,0.0,13.462
dpa-dp-0.85,0,126,0.0,14.238
dpa-dp-0.85,0,127,0.0,13.981
dpa-dp-0.85,0,128,0.0,14.032
dpa-dp-0.85,0,129,0.0,12.973
dpa-dp-0.85,0,130,0.0,13.532
dpa-dp-0.85,0,131,0.0,13.991
dpa-dp-0.85,0,132,0.0,13.721
dpa-dp-0.85,0,133,0.0,14.0
dpa-dp-0.85,0,134,0.0,14.101
dpa-dp-0.85,0,135,0.0,13.743
dpa-dp-0.85,0,136,0.0,12.853
dpa-dp-0.85,0,137,0.0,13.314
dpa-dp-0.85,0,138,0.0,12.768
dpa-dp-0.85,0,139,0.0,13.675
dpa-dp-0.85,0,140,0.0,12.718
dpa-dp-0.85,0,141,0.0,13.075
dpa-dp-0.85,0,142,0.0,13.307
dpa-dp-0.85,0,143,0.0,13.911
dpa-dp-0.85,0,144,0.0,15.014
dpa-dp-0.85,0,145,0.0,14.843
dpa-dp-0.85,0,146,0.0,15.024
dpa-dp-0.85,0,147,0.0,14.8
dpa-dp-0.85,0,148,0.0,14.638
dpa-dp-0.85,0,149,0.0,14.476
dpa-dp-0.85,0,150,0.0,14.75
dpa-dp-0.85,0,151,0.0,15.999
dpa-dp-0.85,0,152,0.0,14.583
dpa-dp-0.85,0,153,0.0,15.107
dpa-dp-0.85,0,154,0.0,14.345
dpa-dp-0.85,0,155,0.0,14.091
dpa-dp-0.85,0,156,0.0,14.211
dpa-dp-0.85,0,157,0.0,14.194
dpa-dp-0.85,0,158,0.0,14.411
dpa-dp-0.85,0,159,0.0,14.838
dpa-dp-0.85,0,160,0.0,14.631
dpa-dp-0.85,0,161,0.0,15.959
dpa-dp-0.85,0,162,0.0,14.777
dpa-dp-0.85,0,163,0.0,14.836
dpa-dp-0.85,0,164,0.0,14.681
dpa-dp-0.85,0,165,0.0,14.317
dpa-dp-0.85,0,166,0.0,15.66
dpa-dp-0.85,0,167,0.0,15.768
dpa-dp-0.85,0,168,0.0,15.269
dpa-dp-0.85,0,169,0.0,14.938
dpa-dp-0.85,0,170,0.0,16.023
dpa-dp-0.85,0,171,0.0,15.83
dpa-dp-0.85,0,172,0.0,15.911
dpa-dp-0.85,0,173,0.0,16.37
dpa-dp-0.85,0,174,0.0,16.925
dpa-dp-0.85,0,175,0.0,16.981
dpa-dp-0.85,0,176,0.0,17.351
dpa-dp-0.85,0,177,0.0,17.308
dpa-dp-0.85,0,178,0.0,16.427
dpa-dp-0.85,0,179,0.0,15.796
dpa-dp-0.85,0,180,0.0,15.755
dpa-dp-0.85,0,181,0.23,3.1721
dpa-dp-0.85,0,182,0.2435,3.04
dpa-dp-0.85,0,183,0.2945,2.6825
dpa-dp-0.85,0,184,0.291,2.7298
dpa-dp-0.85,0,185,0.3345,2.4814
dpa-dp-0.85,0,186,0.3315,2.3884
dpa-dp-0.85,0,187,0.365,2.175
dpa-dp-0.85,0,188,0.33,2.4154
dpa-dp-0.85,0,189,0.399,2.1053
dpa-dp-0.85,0,190,0.3705,2.2635
dpa-dp-0.85,0,191,0.3765,2.2636
dpa-dp-0.85,0,192,0.384,2.3178
dpa-dp-0.85,0,193,0.368,2.3587
dpa-dp-0.85,0,194,0.3615,2.3874
dpa-dp-0.85,0,195,0.386,2.2417
dpa-dp-0.85,0,196,0.38,2.2896
dpa-dp-0.85,0,197,0.3895,2.1777
dpa-dp-0.85,0,198,0.389,2.1872
dpa-dp-0.85,0,199,0.393,2.1788
dpa-dp-0.85,0,200,0.4245,1.9943
dpa-dp-0.85,1,0,0.047,2.404
dpa-dp-0.85,1,1,0.0,5.3571
dpa-dp-0.85,1,2,0.0,5.6301
dpa-dp-0.85,1,3,0.0,5.903
dpa-dp-0.85,1,4,0.0,5.932
dpa-dp-0.85,1,5,0.0,6.6864
dpa-dp-0.85,1,6,0.0,6.9826
dpa-dp-0.85,1,7,0.0,7.2103
dpa-dp-0.85,1,8,0.0,7.7882
dpa-dp-0.85,1,9,0.0,7.822
dpa-dp-0.85,1,10,0.0,8.0226
dpa-dp-0.85,1,11,0.0,8.2151
dpa-dp-0.85,1,12,0.0,8.1626
dpa-dp-0.85,1,13,0.0,8.1874
dpa-dp-0.85,1,14,0.0,8.2929
dpa-dp-0.85,1,15,0.0,8.2943
dpa-dp-0.85,1,16,0.0,8.2914
dpa-dp-0.85,1,17,0.0,8.0123
dpa-dp-0.85,1,18,0.0,8.3275
dpa-dp-0.85,1,19,0.0,8.1834
dpa-dp-0.85,1,20,0.0,8.2318
dpa-dp-0.85,1,21,0.0,8.1518
dpa-dp-0.85,1,22,0.0,8.2272
dpa-dp-0.85,1,23,0.0,8.6359
dpa-dp-0.85,1,24,0.0,8.4044
dpa-dp-0.85,1,25,0.0,8.6725
dpa-dp-0.85,1,26,0.0,8.7181
dpa-dp-0.85,1,27,0.0,8.7221
dpa-dp-0.85,1,28,0.0,9.2145
dpa-dp-0.85,1,29,0.0,9.4625
dpa-dp-0.85,1,30,0.0,9.5202
dpa-dp-0.85,1,31,0.0,9.8879
dpa-dp-0.85,1,32,0.0,10.222
dpa-dp-0.85,1,33,0.0,10.371
dpa-dp-0.85,1,34,0.0,9.8849
dpa-dp-0.85,1,35,0.0,9.9723
dpa-dp-0.85,1,36,0.0,9.9109
dpa-dp-0.85,1,37,0.0,10.642
dpa-dp-0.85,1,38,0.0,10.362
dpa-dp-0.85,1,39,0.0,10.309
dpa-dp-0.85,1,40,0.0,10.61
dpa-dp-0.85,1,41,0.0,11.336
dpa-dp-0.85,1,42,0.0,10.966
dpa-dp-0.85,1,43,0.0,10.846
dpa-dp-0.85,1,44,0.0,10.825
dpa-dp-0.85,1,45,0.0,11.311
dpa-dp-0.85,1,46,0.0,10.692
dpa-dp-0.85,1,47,0.0,10.798
dpa-dp-0.85,1,48,0.0,11.002
dpa-dp-0.85,1,49,0.0,10.337
dpa-dp-0.85,1,50,0.0,10.622
dpa-dp-0.85,1,51,0.0,10.837
dpa-dp-0.85,1,52,0.0,10.161
dpa-dp-0.85,1,53,0.0,10.984
dpa-dp-0.85,1,54,0.0,11.034
dpa-dp-0.85,1,55,0.0,10.854
dpa-dp-0.85,1,56,0.0,9.4051
dpa-dp-0.85,1,57,0.0,9.9653
dpa-dp-0.85,1,58,0.0,10.218
dpa-dp-0.85,1,59,0.0,10.394
dpa-dp-0.85,1,60,0.0,9.7331
dpa-dp-0.85,1,61,0.0,10.862
dpa-dp-0.85,1,62,0.0,10.785
dpa-dp-0.85,1,63,0.0,10.786
dpa-dp-0.85,1,64,0.0,11.671
dpa-dp-0.85,1,65,0.0,11.736
dpa-dp-0.85,1,66,0.0,12.127
dpa-dp-0.85,1,67,0.0,12.523
dpa-dp-0.85,1,68,0.0,12.539
dpa-dp-0.85,1,69,0.0,12.94
dpa-dp-0.85,1,70,0.0,12.922
dpa-dp-0.85,1,71,0.0,13.396
dpa-dp-0.85,1,72,0.0,13.186
dpa-dp-0.85,1,73,0.0,12.161
dpa-dp-0.85,1,74,0.0,12.807
dpa-dp-0.85,1,75,0.0,13.404
dpa-dp-0.85,1,76,0.0,13.3
dpa-dp-0.85,1,77,0.0,12.789
dpa-dp-0.85,1,78,0.0,13.517
dpa-dp-0.85,1,79,0.0,12.995
dpa-dp-0.85,1,80,0.0,13.006
dpa-dp-0.85,1,81,0.0,12.235
dpa-dp-0.85,1,82,0.0,12.498
dpa-dp-0.85,1,83,0.0,13.227
dpa-dp-0.85,1,84,0.0,12.933
dpa-dp-0.85,1,85,0.0,12.752
dpa-dp-0.85,1,86,0.0,13.425
dpa-dp-0.85,1,87,0.0,13.785
dpa-dp-0.85,1,88,0.0,13.971
dpa-dp-0.85,1,89,0.0,14.03
dpa-dp-0.85,1,90,0.0,14.312
dpa-dp-0.85,1,91,0.0,14.218
dpa-dp-0.85,1,92,0.0,13.391
dpa-dp-0.85,1,93,0.0,13.633
dpa-dp-0.85,1,94,0.0,13.631
dpa-dp-0.85,1,95,0.0,13.591
dpa-dp-0.85,1,96,0.0,13.925
dpa-dp-0.85,1,97,0.0,14.471
dpa-dp-0.85,1,98,0.0,14.564
dpa-dp-0.85,1,99,0.0,14.078
dpa-dp-0.85,1,100,0.0,13.907
dpa-dp-0.85,1,101,0.0,14.159
dpa-dp-0.85,1,102,0.0,13.722
dpa-dp-0.85,1,103,0.0,14.287
dpa-dp-0.85,1,104,0.0,13.563
dpa-dp-0.85,1,105,0.0,13.998
dpa-dp-0.85,1,106,0.0,13.679
dpa-dp-0.85,1,107,0.0,14.586
dpa-dp-0.85,1,108,0.0,14.228
dpa-dp-0.85,1,109,0.0,14.278
dpa-dp-0.85,1,110,0.0,13.976
dpa-dp-0.85,1,111,0.0,14.592
dpa-dp-0.85,1,112,0.0,13.925
dpa-dp-0.85,1,113,0.0,14.49
dpa-dp-0.85,1,114,0.0,15.316
dpa-dp-0.85,1,115,0.0,15.462
dpa-dp-0.85,1,116,0.0,15.046
dpa-dp-0.85,1,117,0.0,14.686
dpa-dp-0.85,1,118,0.0,16.212
dpa-dp-0.85,1,119,0.0,16.237
dpa-dp-0.85,1,120,0.0,16.251
dpa-dp-0.85,1,121,0.0,16.242
dpa-dp-0.85,1,122,0.0,15.073
dpa-dp-0.85,1,123,0.0,15.985
dpa-dp-0.85,1,124,0.0,15.418
dpa-dp-0.85,1,125,0.0,15.326
dpa-dp-0.85,1,126,0.0,14.88
dpa-dp-0.85,1,127,0.0,13.964
dpa-dp-0.85,1,128,0.0,14.111
dpa-dp-0.85,1,129,0.0,15.246
dpa-dp-0.85,1,130,0.0,15.87
dpa-dp-0.85,1,131,0.0,16.191
dpa-dp-0.85,1,132,0.0,16.073
dpa-dp-0.85,1,133,0.0,15.405
dpa-dp-0.85,1,134,0.0,14.072
dpa-dp-0.85,1,135,0.0,14.866
dpa-dp-0.85,1,136,0.0,14.169
dpa-dp-0.85,1,137,0.0,15.459
dpa-dp-0.85,1,138,0.0,14.972
dpa-dp-0.85,1,139,0.0,15.047
dpa-dp-0.85,1,140,0.0,14.787
dpa-dp-0.85,1,141,0.0,14.931
dpa-dp-0.85,1,142,0.0,14.937
dpa-dp-0.85,1,143,0.0,15.656
dpa-dp-0.85,1,144,0.0,16.001
dpa-dp-0.85,1,145,0.0,15.607
dpa-dp-0.85,1,146,0.0,14.905
dpa-dp-0.85,1,147,0.0,14.982
dpa-dp-0.85,1,148,0.0,15.258
dpa-dp-0.85,1,149,0.0,15.609
dpa-dp-0.85,1,150,0.0,14.889
dpa-dp-0.85,1,151,0.0,14.621
dpa-dp-0.85,1,152,0.0,14.777
dpa-dp-0.85,1,153,0.0,15.199
dpa-dp-0.85,1,154,0.0,15.752
dpa-dp-0.85,1,155,0.0,14.278
dpa-dp-0.85,1,156,0.0,14.755
dpa-dp-0.85,1,157,0.0,14.9
dpa-dp-0.85,1,158,0.0,15.228
dpa-dp-0.85,1,159,0.0,15.232
dpa-dp-0.85,1,160,0.0,16.28
dpa-dp-0.85,1,161,0.0,16.283
dpa-dp-0.85,1,162,0.0,15.347
dpa-dp-0.85,1,163,0.0,15.809
dpa-dp-0.85,1,164,0.0,16.114
dpa-dp-0.85,1,165,0.0,15.534
dpa-dp-0.85,1,166,0.0,16.591
dpa-dp-0.85,1,167,0.0,17.263
dpa-dp-0.85,1,168,0.0,16.567
dpa-dp-0.85,1,169,0.0,16.225
dpa-dp-0.85,1,170,0.0,17.498
dpa-dp-0.85,1,171,0.0,17.058
dpa-dp-0.85,1,172,0.0,17.661
dpa-dp-0.85,1,173,0.0,17.509
dpa-dp-0.85,1,174,0.0,17.834
dpa-dp-0.85,1,175,0.0,17.387
dpa-dp-0.85,1,176,0.0,16.542
dpa-dp-0.85,1,177,0.0,17.974
dpa-dp-0.85,1,178,0.0,17.395
dpa-dp-0.85,1,179,0.0,16.522
dpa-dp-0.85,1,180,0.0,17.554
dpa-dp-0.85,1,181,0.116,4.1037
dpa-dp-0.85,1,182,0.157,3.5795
dpa-dp-0.85,1,183,0.2345,2.9222
dpa-dp-0.85,1,184,0.212,3.1047
dpa-dp-0.85,1,185,0.2975,2.5892
dpa-dp-0.85,1,186,0.302,2.552
dpa-dp-0.85,1,187,0.3065,2.5431
dpa-dp-0.85,1,188,0.3245,2.3699
dpa-dp-0.85,1,189,0.3105,2.5594
dpa-dp-0.85,1,190,0.369,2.2374
dpa-dp-0.85,1,191,0.341,2.4127
dpa-dp-0.85,1,192,0.3815,2.2674
dpa-dp-0.85,1,193,0.39,2.2649
dpa-dp-0.85,1,194,0.392,2.2647
dpa-dp-0.85,1,195,0.4075,2.1758
dpa-dp-0.85,1,196,0.408,2.0714
dpa-dp-0.85,1,197,0.4345,1.9521
dpa-dp-0.85,1,198,0.4065,2.1338
dpa-dp-0.85,1,199,0.439,1.9669
dpa-dp-0.85,1,200,0.4115,2.1298
dpa-dp-0.85,2,0,0.047,2.404
dpa-dp-0.85,2,1,0.0,5.5603
dpa-dp-0.85,2,2,0.0,5.9356
dpa-dp-0.85,2,3,0.0,6.3779
dpa-dp-0.85,2,4,0.0,6.8042
dpa-dp-0.85,2,5,0.0,6.9895
dpa-dp-0.85,2,6,0.0,6.8154
dpa-dp-0.85,2,7,0.0,6.9976
dpa-dp-0.85,2,8,0.0,6.9538
dpa-dp-0.85,2,9,0.0,7.4443
dpa-dp-0.85,2,10,0.0,7.755
dpa-dp-0.85,2,11,0.0,7.8956
dpa-dp-0.85,2,12,0.0,7.8216
dpa-dp-0.85,2,13,0.0,8.1885
dpa-dp-0.85,2,14,0.0,8.4971
dpa-dp-0.85,2,15,0.0,8.3214
dpa-dp-0.85,2,16,0.0,8.2869
dpa-dp-0.85,2,17,0.0,8.2486
dpa-dp-0.85,2,18,0.0,8.3553
dpa-dp-0.85,2,19,0.0,8.4008
dpa-dp-0.85,2,20,0.0,8.7428
dpa-dp-0.85,2,21,0.0,8.9841
dpa-dp-0.85,2,22,0.0,9.0333
dpa-dp-0.85,2,23,0.0,9.2248
dpa-dp-0.85,2,24,0.0,9.3422
dpa-dp-0.85,2,25,0.0,9.9665
dpa-dp-0.85,2,26,0.0,10.105
dpa-dp-0.85,2,27,0.0,10.099
dpa-dp-0.85,2,28,0.0,10.396
dpa-dp-0.85,2,29,0.0,10.936
dpa-dp-0.85,2,30,0.0,10.854
dpa-dp-0.85,2,31,0.0,10.844
dpa-dp-0.85,2,32,0.0,11.559
dpa-dp-0.85,2,33,0.0,11.258
dpa-dp-0.85,2,34,0.0,11.291
dpa-dp-0.85,2,35,0.0,11.884
dpa-dp-0.85,2,36,0.0,12.032
dpa-dp-0.85,2,37,0.0,12.156
dpa-dp-0.85,2,38,0.0,11.866
dpa-dp-0.85,2,39,0.0,12.419
dpa-dp-0.85,2,40,0.0,12.28
dpa-dp-0.85,2,41,0.0,12.728
dpa-dp-0.85,2,42,0.0,12.93
dpa-dp-0.85,2,43,0.0,13.086
dpa-dp-0.85,2,44,0.0,13.402
dpa-dp-0.85,2,45,0.0,12.992
dpa-dp-0.85,2,46,0.0,12.929
dpa-dp-0.85,2,47,0.0,12.776
dpa-dp-0.85,2,48,0.0,12.733
dpa-dp-0.85,2,49,0.0,12.759
dpa-dp-0.85,2,50,0.0,12.758
dpa-dp-0.85,2,51,0.0,13.082
dpa-dp-0.85,2,52,0.0,13.103
dpa-dp-0.85,2,53,0.0,12.951
dpa-dp-0.85,2,54,0.0,13.374
dpa-dp-0.85,2,55,0.0,13.127
dpa-dp-0.85,2,56,0.0,13.461
dpa-dp-0.85,2,57,0.0,12.215
dpa-dp-0.85,2,58,0.0,11.539
dpa-dp-0.85,2,59,0.0,12.015
dpa-dp-0.85,2,60,0.0,11.953
dpa-dp-0.85,2,61,0.0,11.933
dpa-dp-0.85,2,62,0.0,12.831
dpa-dp-0.85,2,63,0.0,13.17
dpa-dp-0.85,2,64,0.0,12.202
dpa-dp-0.85,2,65,0.0,12.505
dpa-dp-0.85,2,66,0.0,12.357
dpa-dp-0.85,2,67,0.0,12.507
dpa-dp-0.85,2,68,0.0,12.472
dpa-dp-0.85,2,69,0.0,12.928
dpa-dp-0.85,2,70,0.0,13.506
dpa-dp-0.85,2,71,0.0,13.866
dpa-dp-0.85,2,72,0.0,12.994
dpa-dp-0.85,2,73,0.0,12.23
dpa-dp-0.85,2,74,0.0,12.278
dpa-dp-0.85,2,75,0.0,12.793
dpa-dp-0.85,2,76,0.0,12.903
dpa-dp-0.85,2,77,0.0,12.976
dpa-dp-0.85,2,78,0.0,13.348
dpa-dp-0.85,2,79,0.0,13.391
dpa-dp-0.85,2,80,0.0,13.066
dpa-dp-0.85,2,81,0.0,12.444
dpa-dp-0.85,2,82,0.0,13.256
dpa-dp-0.85,2,83,0.0,13.424
dpa-dp-0.85,2,84,0.0,14.226
dpa-dp-0.85,2,85,0.0,13.983
dpa-dp-0.85,2,86,0.0,14.366
dpa-dp-0.85,2,87,0.0,13.265
dpa-dp-0.85,2,88,0.0,13.621
dpa-dp-0.85,2,89,0.0,12.756
dpa-dp-0.85,2,90,0.0,12.282
dpa-dp-0.85,2,91,0.0,12.482
dpa-dp-0.85,2,92,0.0,12.155
dpa-dp-0.85,2,93,0.0,12.091
dpa-dp-0.85,2,94,0.0,12.031
dpa-dp-0.85,2,95,0.0,13.141
dpa-dp-0.85,2,96,0.0,12.933
dpa-dp-0.85,2,97,0.0,13.677
dpa-dp-0.85,2,98,0.0,14.286
dpa-dp-0.85,2,99,0.0,14.55
dpa-dp-0.85,2,100,0.0,14.598
dpa-dp-0.85,2,101,0.0,14.739
dpa-dp-0.85,2,102,0.0,14.009
dpa-dp-0.85,2,103,0.0,14.844
dpa-dp-0.85,2,104,0.0,14.924
dpa-dp-0.85,2,105,0.0,13.772
dpa-dp-0.85,2,106,0.0,13.989
dpa-dp-0.85,2,107,0.0,13.739
dpa-dp-0.85,2,108,0.0,13.832
dpa-dp-0.85,2,109,0.0,13.903
dpa-dp-0.85,2,110,0.0,14.232
dpa-dp-0.85,2,111,0.0,13.811
dpa-dp-0.85,2,112,0.0,13.072
dpa-dp-0.85,2,113,0.0,13.055
dpa-dp-0.85,2,114,0.0,12.339
dpa-dp-0.85,2,115,0.0,12.405
dpa-dp-0.85,2,116,0.0,13.037
dpa-dp-0.85,2,117,0.0,13.741
dpa-dp-0.85,2,118,0.0,13.965
dpa-dp-0.85,2,119,0.0,14.633
dpa-dp-0.85,2,120,0.0,13.96
dpa-dp-0.85,2,121,0.0,13.586
dpa-dp-0.85,2,122,0.0,14.147
dpa-dp-0.85,2,123,0.0,14.495
dpa-dp-0.85,2,124,0.0,15.728
dpa-dp-0.85,2,125,0.0,15.069
dpa-dp-0.85,2,126,0.0,14.993
dpa-dp-0.85,2,127,0.0,14.79
dpa-dp-0.85,2,128,0.0,14.639
dpa-dp-0.85,2,129,0.0,14.542
dpa-dp-0.85,2,130,0.0,15.075
dpa-dp-0.85,2,131,0.0,14.575
dpa-dp-0.85,2,132,0.0,14.548
dpa-dp-0.85,2,133,0.0,14.453
dpa-dp-0.85,2,134,0.0,15.75
dpa-dp-0.85,2,135,0.0,15.372
dpa-dp-0.85,2,136,0.0,15.681
dpa-dp-0.85,2,137,0.0,15.113
dpa-dp-0.85,2,138,0.0,16.182
dpa-dp-0.85,2,139,0.0,15.231
dpa-dp-0.85,2,140,0.0,14.175
dpa-dp-0.85,2,141,0.0,14.076
dpa-dp-0.85,2,142,0.0,15.328
dpa-dp-0.85,2,143,0.0,15.768
dpa-dp-0.85,2,144,0.0,15.696
dpa-dp-0.85,2,145,0.0,15.412
dpa-dp-0.85,2,146,0.0,15.17
dpa-dp-0.85,2,147,0.0,15.655
dpa-dp-0.85,2,148,0.0,15.443
dpa-dp-0.85,2,149,0.0,15.836
dpa-dp-0.85,2,150,0.0,14.305
dpa-dp-0.85,2,151,0.0,14.855
dpa-dp-0.85,2,152,0.0,16.62
dpa-dp-0.85,2,153,0.0,17.384
dpa-dp-0.85,2,154,0.0,17.822
dpa-dp-0.85,2,155,0.0,16.926
dpa-dp-0.85,2,156,0.0,16.486
dpa-dp-0.85,2,157,0.0,16.597
dpa-dp-0.85,2,158,0.0,16.501
dpa-dp-0.85,2,159,0.0,16.47
dpa-dp-0.85,2,160,0.0,17.006
dpa-dp-0.85,2,161,0.0,15.624
dpa-dp-0.85,2,162,0.0,16.465
dpa-dp-0.85,2,163,0.0,16.909
dpa-dp-0.85,2,164,0.0,15.791
dpa-dp-0.85,2,165,0.0,15.275
dpa-dp-0.85,2,166,0.0,15.714
dpa-dp-0.85,2,167,0.0,15.048
dpa-dp-0.85,2,168,0.0,15.503
dpa-dp-0.85,2,169,0.0,15.64
dpa-dp-0.85,2,170,0.0,16.364
dpa-dp-0.85,2,171,0.0,17.305
dpa-dp-0.85,2,172,0.0,17.365
dpa-dp-0.85,2,173,0.0,15.989
dpa-dp-0.85,2,174,0.0,16.394
dpa-dp-0.85,2,175,0.0,16.436
dpa-dp-0.85,2,176,0.0,16.163
dpa-dp-0.85,2,177,0.0,16.261
dpa-dp-0.85,2,178,0.0,16.72
dpa-dp-0.85,2,179,0.0,17.208
dpa-dp-0.85,2,180,0.0,17.434
dpa-dp-0.85,2,181,0.1845,3.63
dpa-dp-0.85,2,182,0.1875,3.5559
dpa-dp-0.85,2,183,0.2555,2.9938
dpa-dp-0.85,2,184,0.29,2.8237
dpa-dp-0.85,2,185,0.2815,2.7844
dpa-dp-0.85,2,186,0.2865,2.7891
dpa-dp-0.85,2,187,0.303,2.7298
dpa-dp-0.85,2,188,0.3145,2.645
dpa-dp-0.85,2,189,0.336,2.671
dpa-dp-0.85,2,190,0.339,2.493
dpa-dp-0.85,2,191,0.353,2.5867
dpa-dp-0.85,2,192,0.334,2.572
dpa-dp-0.85,2,193,0.3425,2.3984
dpa-dp-0.85,2,194,0.331,2.4945
dpa-dp-0.85,2,195,0.3725,2.3626
dpa-dp-0.85,2,196,0.3245,2.6346
dpa-dp-0.85,2,197,0.371,2.3617
dpa-dp-0.85,2,198,0.404,2.2197
dpa-dp-0.85,2,199,0.3835,2.3837
dpa-dp-0.85,2,200,0.43,2.2402
dpa-dp-0.85,3,0,0.047,2.404
dpa-dp-0.85,3,1,0.0,5.241
dpa-dp-0.85,3,2,0.0,5.8086
dpa-dp-0.85,3,3,0.0,6.2748
dpa-dp-0.85,3,4,0.0,6.4608
dpa-dp-0.85,3,5,0.0,6.8681
dpa-dp-0.85,3,6,0.0,6.8646
dpa-dp-0.85,3,7,0.0,7.149
dpa-dp-0.85,3,8,0.0,7.2608
dpa-dp-0.85,3,9,0.0,7.511
dpa-dp-0.85,3,10,0.0,7.358
dpa-dp-0.85,3,11,0.0,7.8788
dpa-dp-0.85,3,12,0.0,7.8025
dpa-dp-0.85,3,13,0.0,7.834
dpa-dp-0.85,3,14,0.0,8.5664
dpa-dp-0.85,3,15,0.0,8.6077
dpa-dp-0.85,3,16,0.0,8.9219
dpa-dp-0.85,3,17,0.0,9.2207
dpa-dp-0.85,3,18,0.0,8.927
dpa-dp-0.85,3,19,0.0,9.0676
dpa-dp-0.85,3,20,0.0,9.2182
dpa-dp-0.85,3,21,0.0,9.2647
dpa-dp-0.85,3,22,0.0,9.5466
dpa-dp-0.85,3,23,0.0,9.1566
dpa-dp-0.85,3,24,0.0,8.9809
dpa-dp-0.85,3,25,0.0,8.7412
dpa-dp-0.85,3,26,0.0,9.0362
dpa-dp-0.85,3,27,0.0,9.3941
dpa-dp-0.85,3,28,0.0,9.3725
dpa-dp-0.85,3,29,0.0,9.6519
dpa-dp-0.85,3,30,0.0,9.9535
dpa-dp-0.85,3,31,0.0,9.7871
dpa-dp-0.85,3,32,0.0,9.3532
dpa-dp-0.85,3,33,0.0,9.6566
dpa-dp-0.85,3,34,0.0,10.227
dpa-dp-0.85,3,35,0.0,10.167
dpa-dp-0.85,3,36,0.0,9.9628
dpa-dp-0.85,3,37,0.0,10.851
dpa-dp-0.85,3,38,0.0,10.718
dpa-dp-0.85,3,39,0.0,10.448
dpa-dp-0.85,3,40,0.0,11.133
dpa-dp-0.85,3,41,0.0,10.672
dpa-dp-0.85,3,42,0.0,10.391
dpa-dp-0.85,3,43,0.0,11.092
dpa-dp-0.85,3,44,0.0,10.997
dpa-dp-0.85,3,45,0.0,11.444
dpa-dp-0.85,3,46,0.0,10.93
dpa-dp-0.85,3,47,0.0,10.584
dpa-dp-0.85,3,48,0.0,11.307
dpa-dp-0.85,3,49,0.0,11.244
dpa-dp-0.85,3,50,0.0,11.644
dpa-dp-0.85,3,51,0.0,11.492
dpa-dp-0.85,3,52,0.0,11.576
dpa-dp-0.85,3,53,0.0,11.836
dpa-dp-0.85,3,54,0.0,11.789
dpa-dp-0.85,3,55,0.0,11.956
dpa-dp-0.85,3,56,0.0,11.98
dpa-dp-0.85,3,57,0.0,11.946
dpa-dp-0.85,3,58,0.0,13.072
dpa-dp-0.85,3,59,0.0,12.325
dpa-dp-0.85,3,60,0.0,12.233
dpa-dp-0.85,3,61,0.0,12.517
dpa-dp-0.85,3,62,0.0,12.918
dpa-dp-0.85,3,63,0.0,12.811
dpa-dp-0.85,3,64,0.0,12.494
dpa-dp-0.85,3,65,0.0,12.617
dpa-dp-0.85,3,66,0.0,13.259
dpa-dp-0.85,3,67,0.0,12.924
dpa-dp-0.85,3,68,0.0,13.026
dpa-dp-0.85,3,69,0.0,13.232
dpa-dp-0.85,3,70,0.0,12.975
dpa-dp-0.85,3,71,0.0,12.25
dpa-dp-0.85,3,72,0.0,11.85
dpa-dp-0.85,3,73,0.0,11.83
dpa-dp-0.85,3,74,0.0,11.895
dpa-dp-0.85,3,75,0.0,12.578
dpa-dp-0.85,3,76,0.0,12.909
dpa-dp-0.85,3,77,0.0,13.529
dpa-dp-0.85,3,78,0.0,12.393
dpa-dp-0.85,3,79,0.0,12.342
dpa-dp-0.85,3,80,0.0,12.293
dpa-dp-0.85,3,81,0.0,12.683
dpa-dp-0.85,3,82,0.0,12.39
dpa-dp-0.85,3,83,0.0,12.158
dpa-dp-0.85,3,84,0.0,11.526
dpa-dp-0.85,3,85,0.0,11.82
dpa-dp-0.85,3,86,0.0,11.901
dpa-dp-0.85,3,87,0.0,11.815
dpa-dp-0.85,3,88,0.0,11.691
dpa-dp-0.85,3,89,0.0,11.661
dpa-dp-0.85,3,90,0.0,11.252
dpa-dp-0.85,3,91,0.0,12.167
dpa-dp-0.85,3,92,0.0,12.647
dpa-dp-0.85,3,93,0.0,12.235
dpa-dp-0.85,3,94,0.0,12.506
dpa-dp-0.85,3,95,0.0,12.524
dpa-dp-0.85,3,96,0.0,12.642
dpa-dp-0.85,3,97,0.0,12.708
dpa-dp-0.85,3,98,0.0,13.153
dpa-dp-0.85,3,99,0.0,13.668
dpa-dp-0.85,3,100,0.0,14.034
dpa-dp-0.85,3,101,0.0,13.352
dpa-dp-0.85,3,102,0.0,12.499
dpa-dp-0.85,3,103,0.0,13.461
dpa-dp-0.85,3,104,0.0,12.877
dpa-dp-0.85,3,105,0.0,13.991
dpa-dp-0.85,3,106,0.0,13.433
dpa-dp-0.85,3,107,0.0,13.218
dpa-dp-0.85,3,108,0.0,12.63
dpa-dp-0.85,3,109,0.0,14.217
dpa-dp-0.85,3,110,0.0,15.516
dpa-dp-0.85,3,111,0.0,15.209
dpa-dp-0.85,3,112,0.0,14.294
dpa-dp-0.85,3,113,0.0,14.961
dpa-dp-0.85,3,114,0.0,14.915
dpa-dp-0.85,3,115,0.0,14.592
dpa-dp-0.85,3,116,0.0,14.231
dpa-dp-0.85,3,117,0.0,14.026
dpa-dp-0.85,3,118,0.0,13.299
dpa-dp-0.85,3,119,0.0,14.226
dpa-dp-0.85,3,120,0.0,14.698
dpa-dp-0.85,3,121,0.0,14.745
dpa-dp-0.85,3,122,0.0,14.955
dpa-dp-0.85,3,123,0.0,13.704
dpa-dp-0.85,3,124,0.0,13.63
dpa-dp-0.85,3,125,0.0,13.817
dpa-dp-0.85,3,126,0.0,14.048
dpa-dp-0.85,3,127,0.0,14.634
dpa-dp-0.85,3,128,0.0,14.725
dpa-dp-0.85,3,129,0.0,14.798
dpa-dp-0.85,3,130,0.0,14.78
dpa-dp-0.85,3,131,0.0,15.522
dpa-dp-0.85,3,132,0.0,15.224
dpa-dp-0.85,3,133,0.0,15.68
dpa-dp-0.85,3,134,0.0,16.524
dpa-dp-0.85,3,135,0.0,16.995
dpa-dp-0.85,3,136,0.0,15.537
dpa-dp-0.85,3,137,0.0,15.837
dpa-dp-0.85,3,138,0.0,16.28
dpa-dp-0.85,3,139,0.0,16.574
dpa-dp-0.85,3,140,0.0,15.108
dpa-dp-0.85,3,141,0.0,15.607
dpa-dp-0.85,3,142,0.0,15.849
dpa-dp-0.85,3,143,0.0,16.012
dpa-dp-0.85,3,144,0.0,16.053
dpa-dp-0.85,3,145,0.0,15.892
dpa-dp-0.85,3,146,0.0,15.785
dpa-dp-0.85,3,147,0.0,16.16
dpa-dp-0.85,3,148,0.0,15.247
dpa-dp-0.85,3,149,0.0,16.21
dpa-dp-0.85,3,150,0.0,16.818
dpa-dp-0.85,3,151,0.0,16.637
dpa-dp-0.85,3,152,0.0,16.761
dpa-dp-0.85,3,153,0.0,16.017
dpa-dp-0.85,3,154,0.0,15.425
dpa-dp-0.85,3,155,0.0,16.213
dpa-dp-0.85,3,156,0.0,16.351
dpa-dp-0.85,3,157,0.0,17.289
dpa-dp-0.85,3,158,0.0,16.438
dpa-dp-0.85,3,159,0.0,15.696
dpa-dp-0.85,3,160,0.0,17.254
dpa-dp-0.85,3,161,0.0,16.97
dpa-dp-0.85,3,162,0.0,16.695
dpa-dp-0.85,3,163,0.0,17.24
dpa-dp-0.85,3,164,0.0,16.639
dpa-dp-0.85,3,165,0.0,16.682
dpa-dp-0.85,3,166,0.0,16.905
dpa-dp-0.85,3,167,0.0,17.416
dpa-dp-0.85,3,168,0.0,19.22
dpa-dp-0.85,3,169,0.0,18.272
dpa-dp-0.85,3,170,0.0,17.831
dpa-dp-0.85,3,171,0.0,17.443
dpa-dp-0.85,3,172,0.0,18.022
dpa-dp-0.85,3,173,0.0,17.698
dpa-dp-0.85,3,174,0.0,18.464
dpa-dp-0.85,3,175,0.0,18.096
dpa-dp-0.85,3,176,0.0,17.116
dpa-dp-0.85,3,177,0.0,17.335
dpa-dp-0.85,3,178,0.0,18.724
dpa-dp-0.85,3,179,0.0,17.468
dpa-dp-0.85,3,180,0.0,17.896
dpa-dp-0.85,3,181,0.106,4.0941
dpa-dp-0.85,3,182,0.1735,3.2679
dpa-dp-0.85,3,183,0.197,3.0389
dpa-dp-0.85,3,184,0.2425,2.7834
dpa-dp-0.85,3,185,0.249,2.7071
dpa-dp-0.85,3,186,0.2805,2.6294
dpa-dp-0.85,3,187,0.2945,2.5278
dpa-dp-0.85,3,188,0.32,2.391
dpa-dp-0.85,3,189,0.2705,2.637
dpa-dp-0.85,3,190,0.319,2.402
dpa-dp-0.85,3,191,0.353,2.2345
dpa-dp-0.85,3,192,0.3375,2.3764
dpa-dp-0.85,3,193,0.359,2.2353
dpa-dp-0.85,3,194,0.4075,2.0809
dpa-dp-0.85,3,195,0.3725,2.1788
dpa-dp-0.85,3,196,0.371,2.1989
dpa-dp-0.85,3,197,0.395,2.1245
dpa-dp-0.85,3,198,0.3715,2.2141
dpa-dp-0.85,3,199,0.4335,1.927
dpa-dp-0.85,3,200,0.429,1.9262
dpa-dp-0.85,4,0,0.047,2.404
dpa-dp-0.85,4,1,0.0,5.3265
dpa-dp-0.85,4,2,0.0,5.8996
dpa-dp-0.85,4,3,0.0,5.9591
dpa-dp-0.85,4,4,0.0,6.2269
dpa-dp-0.85,4,5,0.0,6.5025
dpa-dp-0.85,4,6,0.0,6.6035
dpa-dp-0.85,4,7,0.0,6.9606
dpa-dp-0.85,4,8,0.0,7.2151
dpa-dp-0.85,4,9,0.0,7.795
dpa-dp-0.85,4,10,0.0,7.9576
dpa-dp-0.85,4,11,0.0,7.9877
dpa-dp-0.85,4,12,0.0,8.192
dpa-dp-0.85,4,13,0.0,8.4365
dpa-dp-0.85,4,14,0.0,8.2356
dpa-dp-0.85,4,15,0.0,8.9264
dpa-dp-0.85,4,16,0.0,8.7646
dpa-dp-0.85,4,17,0.0,9.3944
dpa-dp-0.85,4,18,0.0,9.3154
dpa-dp-0.85,4,19,0.0,9.1562
dpa-dp-0.85,4,20,0.0,9.4542
dpa-dp-0.85,4,21,0.0,8.9667
dpa-dp-0.85,4,22,0.0,9.4392
dpa-dp-0.85,4,23,0.0,9.2865
dpa-dp-0.85,4,24,0.0,9.0917
dpa-dp-0.85,4,25,0.0,9.5097
dpa-dp-0.85,4,26,0.0,9.6584
dpa-dp-0.85,4,27,0.0,9.0152
dpa-dp-0.85,4,28,0.0,9.004
dpa-dp-0.85,4,29,0.0,8.6145
dpa-dp-0.85,4,30,0.0,8.752
dpa-dp-0.85,4,31,0.0,9.4998
dpa-dp-0.85,4,32,0.0,9.1503
dpa-dp-0.85,4,33,0.0,9.5107
dpa-dp-0.85,4,34,0.0,9.6159
dpa-dp-0.85,4,35,0.0,9.8363
dpa-dp-0.85,4,36,0.0,9.8739
dpa-dp-0.85,4,37,0.0,9.9478
dpa-dp-0.85,4,38,0.0,9.5642
dpa-dp-0.85,4,39,0.0,10.196
dpa-dp-0.85,4,40,0.0,9.7265
dpa-dp-0.85,4,41,0.0,9.6939
dpa-dp-0.85,4,42,0.0,9.7744
dpa-dp-0.85,4,43,0.0,10.326
dpa-dp-0.85,4,44,0.0,9.8261
dpa-dp-0.85,4,45,0.0,9.7724
dpa-dp-0.85,4,46,0.0,10.068
dpa-dp-0.85,4,47,0.0,10.421
dpa-dp-0.85,4,48,0.0,10.788
dpa-dp-0.85,4,49,0.0,10.68
dpa-dp-0.85,4,50,0.0,10.047
dpa-dp-0.85,4,51,0.0,9.8969
dpa-dp-0.85,4,52,0.0,10.041
dpa-dp-0.85,4,53,0.0,10.139
dpa-dp-0.85,4,54,0.0,10.226
dpa-dp-0.85,4,55,0.0,10.71
dpa-dp-0.85,4,56,0.0,11.428
dpa-dp-0.85,4,57,0.0,12.148
dpa-dp-0.85,4,58,0.0,11.131
dpa-dp-0.85,4,59,0.0,11.529
dpa-dp-0.85,4,60,0.0,10.924
dpa-dp-0.85,4,61,0.0,10.614
dpa-dp-0.85,4,62,0.0,9.9667
dpa-dp-0.85,4,63,0.0,11.2
dpa-dp-0.85,4,64,0.0,9.7558
dpa-dp-0.85,4,65,0.0,10.893
dpa-dp-0.85,4,66,0.0,11.166
dpa-dp-0.85,4,67,0.0,11.853
dpa-dp-0.85,4,68,0.0,12.034
dpa-dp-0.85,4,69,0.0,12.167
dpa-dp-0.85,4,70,0.0,12.471
dpa-dp-0.85,4,71,0.0,11.568
dpa-dp-0.85,4,72,0.0,11.59
dpa-dp-0.85,4,73,0.0,11.564
dpa-dp-0.85,4,74,0.0,11.376
dpa-dp-0.85,4,75,0.0,11.288
dpa-dp-0.85,4,76,0.0,11.282
dpa-dp-0.85,4,77,0.0,12.573
dpa-dp-0.85,4,78,0.0,12.546
dpa-dp-0.85,4,79,0.0,12.246
dpa-dp-0.85,4,80,0.0,12.408
dpa-dp-0.85,4,81,0.0,11.623
dpa-dp-0.85,4,82,0.0,11.159
dpa-dp-0.85,4,83,0.0,12.063
dpa-dp-0.85,4,84,0.0,12.019
dpa-dp-0.85,4,85,0.0,11.881
dpa-dp-0.85,4,86,0.0,13.058
dpa-dp-0.85,4,87,0.0,12.558
dpa-dp-0.85,4,88,0.0,13.863
dpa-dp-0.85,4,89,0.0,13.276
dpa-dp-0.85,4,90,0.0,13.323
dpa-dp-0.85,4,91,0.0,13.998
dpa-dp-0.85,4,92,0.0,13.824
dpa-dp-0.85,4,93,0.0,14.091
dpa-dp-0.85,4,94,0.0,14.313
dpa-dp-0.85,4,95,0.0,14.638
dpa-dp-0.85,4,96,0.0,15.499
dpa-dp-0.85,4,97,0.0,14.542
dpa-dp-0.85,4,98,0.0,13.874
dpa-dp-0.85,4,99,0.0,13.513
dpa-dp-0.85,4,100,0.0,13.684
dpa-dp-0.85,4,101,0.0,14.367
dpa-dp-0.85,4,102,0.0,13.603
dpa-dp-0.85,4,103,0.0,14.603
dpa-dp-0.85,4,104,0.0,14.001
dpa-dp-0.85,4,105,0.0,14.16
dpa-dp-0.85,4,106,0.0,14.594
dpa-dp-0.85,4,107,0.0,13.528
dpa-dp-0.85,4,108,0.0,13.612
dpa-dp-0.85,4,109,0.0,13.894
dpa-dp-0.85,4,110,0.0,13.343
dpa-dp-0.85,4,111,0.0,14.015
dpa-dp-0.85,4,112,0.0,13.72
dpa-dp-0.85,4,113,0.0,14.028
dpa-dp-0.85,4,114,0.0,13.628
dpa-dp-0.85,4,115,0.0,13.547
dpa-dp-0.85,4,116,0.0,14.97
dpa-dp-0.85,4,117,0.0,14.534
dpa-dp-0.85,4,118,0.0,15.638
dpa-dp-0.85,4,119,0.0,16.89
dpa-dp-0.85,4,120,0.0,15.526
dpa-dp-0.85,4,121,0.0,14.726
dpa-dp-0.85,4,122,0.0,14.029
dpa-dp-0.85,4,123,0.0005,13.361
dpa-dp-0.85,4,124,0.0,14.453
dpa-dp-0.85,4,125,0.0,13.991
dpa-dp-0.85,4,126,0.0,14.217
dpa-dp-0.85,4,127,0.0,14.52
dpa-dp-0.85,4,128,0.0,13.634
dpa-dp-0.85,4,129,0.0,14.433
dpa-dp-0.85,4,130,0.0,14.254
dpa-dp-0.85,4,131,0.0,14.723
dpa-dp-0.85,4,132,0.0005,14.969
dpa-dp-0.85,4,133,0.0005,13.76
dpa-dp-0.85,4,134,0.0,15.197
dpa-dp-0.85,4,135,0.0,15.121
dpa-dp-0.85,4,136,0.0,15.042
dpa-dp-0.85,4,137,0.0,14.427
dpa-dp-0.85,4,138,0.0,15.221
dpa-dp-0.85,4,139,0.0,14.855
dpa-dp-0.85,4,140,0.0,14.986
dpa-dp-0.85,4,141,0.0,15.774
dpa-dp-0.85,4,142,0.0,15.941
dpa-dp-0.85,4,143,0.0,15.774
dpa-dp-0.85,4,144,0.0,14.799
dpa-dp-0.85,4,145,0.0,16.048
dpa-dp-0.85,4,146,0.0,16.301
dpa-dp-0.85,4,147,0.0,15.292
dpa-dp-0.85,4,148,0.0,14.714
dpa-dp-0.85,4,149,0.0,15.708
dpa-dp-0.85,4,150,0.0,15.864
dpa-dp-0.85,4,151,0.0,16.157
dpa-dp-0.85,4,152,0.0,15.808
dpa-dp-0.85,4,153,0.0,15.705
dpa-dp-0.85,4,154,0.0,16.076
dpa-dp-0.85,4,155,0.0,15.154
dpa-dp-0.85,4,156,0.0,15.149
dpa-dp-0.85,4,157,0.0,14.858
dpa-dp-0.85,4,158,0.0,16.299
dpa-dp-0.85,4,159,0.0,16.107
dpa-dp-0.85,4,160,0.0,17.579
dpa-dp-0.85,4,161,0.0,17.205
dpa-dp-0.85,4,162,0.0,16.157
dpa-dp-0.85,4,163,0.0,15.348
dpa-dp-0.85,4,164,0.0,14.663
dpa-dp-0.85,4,165,0.0,13.999
dpa-dp-0.85,4,166,0.0,13.718
dpa-dp-0.85,4,167,0.0,13.087
dpa-dp-0.85,4,168,0.0,13.483
dpa-dp-0.85,4,169,0.0,14.322
dpa-dp-0.85,4,170,0.0,13.778
dpa-dp-0.85,4,171,0.0,13.878
dpa-dp-0.85,4,172,0.0,14.385
dpa-dp-0.85,4,173,0.0,14.158
dpa-dp-0.85,4,174,0.0,15.348
dpa-dp-0.85,4,175,0.0,13.804
dpa-dp-0.85,4,176,0.0,15.165
dpa-dp-0.85,4,177,0.0,16.286
dpa-dp-0.85,4,178,0.0,16.205
dpa-dp-0.85,4,179,0.0,15.589
dpa-dp-0.85,4,180,0.0,16.639
dpa-dp-0.85,4,181,0.1585,3.3779
dpa-dp-0.85,4,182,0.2295,2.9126
dpa-dp-0.85,4,183,0.275,2.58
dpa-dp-0.85,4,184,0.2925,2.5311
dpa-dp-0.85,4,185,0.338,2.2868
dpa-dp-0.85,4,186,0.3705,2.1733
dpa-dp-0.85,4,187,0.3965,2.0293
dpa-dp-0.85,4,188,0.3895,2.1177
dpa-dp-0.85,4,189,0.377,2.2396
dpa-dp-0.85,4,190,0.4425,1.8945
dpa-dp-0.85,4,191,0.394,2.1533
dpa-dp-0.85,4,192,0.4025,2.0359
dpa-dp-0.85,4,193,0.358,2.3044
dpa-dp-0.85,4,194,0.39,2.1401
dpa-dp-0.85,4,195,0.4205,2.0444
dpa-dp-0.85,4,196,0.438,1.9618
dpa-dp-0.85,4,197,0.415,2.1149
dpa-dp-0.85,4,198,0.4255,2.0577
dpa-dp-0.85,4,199,0.442,1.9542
dpa-dp-0.85,4,200,0.452,1.9029
dpa-dp-0.85,5,0,0.047,2.404
dpa-dp-0.85,5,1,0.0,5.4518
dpa-dp-0.85,5,2,0.0,6.0181
dpa-dp-0.85,5,3,0.0,6.7137
dpa-dp-0.85,5,4,0.0,6.8934
dpa-dp-0.85,5,5,0.0,6.8865
dpa-dp-0.85,5,6,0.0,6.8828
dpa-dp-0.85,5,7,0.0,7.173
dpa-dp-0.85,5,8,0.0,7.3511
dpa-dp-0.85,5,9,0.0,7.414
dpa-dp-0.85,5,10,0.0,7.5609
dpa-dp-0.85,5,11,0.0,7.5863
dpa-dp-0.85,5,12,0.0,8.1848
dpa-dp-0.85,5,13,0.0,8.3728
dpa-dp-0.85,5,14,0.0,8.3274
dpa-dp-0.85,5,15,0.0,8.1199
dpa-dp-0.85,5,16,0.0,7.719
dpa-dp-0.85,5,17,0.0,7.8347
dpa-dp-0.85,5,18,0.0,8.433
dpa-dp-0.85,5,19,0.0,8.6297
dpa-dp-0.85,5,20,0.0,8.6768
dpa-dp-0.85,5,21,0.0,9.0497
dpa-dp-0.85,5,22,0.0,8.8443
dpa-dp-0.85,5,23,0.0,9.0324
dpa-dp-0.85,5,24,0.0,9.1803
dpa-dp-0.85,5,25,0.0,9.0372
dpa-dp-0.85,5,26,0.0,9.3921
dpa-dp-0.85,5,27,0.0,9.3526
dpa-dp-0.85,5,28,0.0,9.3042
dpa-dp-0.85,5,29,0.0,9.2798
dpa-dp-0.85,5,30,0.0,9.2172
dpa-dp-0.85,5,31,0.0,9.0364
dpa-dp-0.85,5,32,0.0,9.418
dpa-dp-0.85,5,33,0.0,9.7336
dpa-dp-0.85,5,34,0.0,9.5042
dpa-dp-0.85,5,35,0.0,9.4256
dpa-dp-0.85,5,36,0.0,8.8461
dpa-dp-0.85,5,37,0.0,9.3511
dpa-dp-0.85,5,38,0.0,9.5386
dpa-dp-0.85,5,39,0.0,9.6491
dpa-dp-0.85,5,40,0.0,9.8087
dpa-dp-0.85,5,41,0.0,9.8267
dpa-dp-0.85,5,42,0.0,9.7733
dpa-dp-0.85,5,43,0.0,9.6805
dpa-dp-0.85,5,44,0.0,9.8622
dpa-dp-0.85,5,45,0.0,9.8774
dpa-dp-0.85,5,46,0.0,10.361
dpa-dp-0.85,5,47,0.0,9.9671
dpa-dp-0.85,5,48,0.0,10.636
dpa-dp-0.85,5,49,0.0,10.518
dpa-dp-0.85,5,50,0.0,10.99
dpa-dp-0.85,5,51,0.0,11.46
dpa-dp-0.85,5,52,0.0,11.64
dpa-dp-0.85,5,53,0.0,10.651
dpa-dp-0.85,5,54,0.0,10.858
dpa-dp-0.85,5,55,0.0,11.272
dpa-dp-0.85,5,56,0.0,10.939
dpa-dp-0.85,5,57,0.0,10.947
dpa-dp-0.85,5,58,0.0,11.269
dpa-dp-0.85,5,59,0.0,10.768
dpa-dp-0.85,5,60,0.0,11.529
dpa-dp-0.85,5,61,0.0,11.488
dpa-dp-0.85,5,62,0.0,11.284
dpa-dp-0.85,5,63,0.0,11.083
dpa-dp-0.85,5,64,0.0,10.9
dpa-dp-0.85,5,65,0.0,10.941
dpa-dp-0.85,5,66,0.0,10.517
dpa-dp-0.85,5,67,0.0,11.484
dpa-dp-0.85,5,68,0.0,11.125
dpa-dp-0.85,5,69,0.0,10.808
dpa-dp-0.85,5,70,0.0,10.894
dpa-dp-0.85,5,71,0.0,11.594
dpa-dp-0.85,5,72,0.0,11.925
dpa-dp-0.85,5,73,0.0,11.926
dpa-dp-0.85,5,74,0.0,11.853
dpa-dp-0.85,5,75,0.0,11.174
dpa-dp-0.85,5,76,0.0,11.308
dpa-dp-0.85,5,77,0.0,11.677
dpa-dp-0.85,5,78,0.0,11.062
dpa-dp-0.85,5,79,0.0,11.422
dpa-dp-0.85,5,80,0.0,11.532
dpa-dp-0.85,5,81,0.0,11.973
dpa-dp-0.85,5,82,0.0,11.869
dpa-dp-0.85,5,83,0.0,11.836
dpa-dp-0.85,5,84,0.0,11.821
dpa-dp-0.85,5,85,0.0,12.514
dpa-dp-0.85,5,86,0.0,12.535
dpa-dp-0.85,5,87,0.0,11.758
dpa-dp-0.85,5,88,0.0,11.641
dpa-dp-0.85,5,89,0.0,11.779
dpa-dp-0.85,5,90,0.0,12.101
dpa-dp-0.85,5,91,0.0,12.833
dpa-dp-0.85,5,92,0.0,12.862
dpa-dp-0.85,5,93,0.0,12.327
dpa-dp-0.85,5,94,0.0,12.616
dpa-dp-0.85,5,95,0.0,13.125
dpa-dp-0.85,5,96,0.0,12.296
dpa-dp-0.85,5,97,0.0,12.73
dpa-dp-0.85,5,98,0.0,13.464
dpa-dp-0.85,5,99,0.0,13.941
dpa-dp-0.85,5,100,0.0,14.275
dpa-dp-0.85,5,101,0.0,14.219
dpa-dp-0.85,5,102,0.0,13.809
dpa-dp-0.85,5,103,0.0,14.046
dpa-dp-0.85,5,104,0.0,14.552
dpa-dp-0.85,5,105,0.0,14.282
dpa-dp-0.85,5,106,0.0,14.456
dpa-dp-0.85,5,107,0.0,14.063
dpa-dp-0.85,5,108,0.0,13.693
dpa-dp-0.85,5,109,0.0,13.4
dpa-dp-0.85,5,110,0.0,13.831
dpa-dp-0.85,5,111,0.0,13.189
dpa-dp-0.85,5,112,0.0,13.96
dpa-dp-0.85,5,113,0.0,14.097
dpa-dp-0.85,5,114,0.0,14.169
dpa-dp-0.85,5,115,0.0,14.09
dpa-dp-0.85,5,116,0.0,14.44
dpa-dp-0.85,5,117,0.0,14.464
dpa-dp-0.85,5,118,0.0,14.158
dpa-dp-0.85,5,119,0.0,13.867
dpa-dp-0.85,5,120,0.0,13.408
dpa-dp-0.85,5,121,0.0,13.332
dpa-dp-0.85,5,122,0.0,13.241
dpa-dp-0.85,5,123,0.0,12.964
dpa-dp-0.85,5,124,0.0,11.637
dpa-dp-0.85,5,125,0.0,13.033
dpa-dp-0.85,5,126,0.0,12.355
dpa-dp-0.85,5,127,0.0,12.656
dpa-dp-0.85,5,128,0.0,12.722
dpa-dp-0.85,5,129,0.0,12.531
dpa-dp-0.85,5,130,0.0,12.304
dpa-dp-0.85,5,131,0.0,13.403
dpa-dp-0.85,5,132,0.0,12.898
dpa-dp-0.85,5,133,0.0,12.25
dpa-dp-0.85,5,134,0.0,12.711
dpa-dp-0.85,5,135,0.0,13.052
dpa-dp-0.85,5,136,0.0,13.239
dpa-dp-0.85,5,137,0.0,13.133
dpa-dp-0.85,5,138,0.0,12.333
dpa-dp-0.85,5,139,0.0,12.27
dpa-dp-0.85,5,140,0.0,12.562
dpa-dp-0.85,5,141,0.0,12.621
dpa-dp-0.85,5,142,0.0,13.231
dpa-dp-0.85,5,143,0.0,14.357
dpa-dp-0.85,5,144,0.0,13.122
dpa-dp-0.85,5,145,0.0,13.352
dpa-dp-0.85,5,146,0.0,14.385
dpa-dp-0.85,5,147,0.0,15.688
dpa-dp-0.85,5,148,0.0,15.707
dpa-dp-0.85,5,149,0.0,16.533
dpa-dp-0.85,5,150,0.0,16.218
dpa-dp-0.85,5,151,0.0,16.339
dpa-dp-0.85,5,152,0.0,15.427
dpa-dp-0.85,5,153,0.0,14.612
dpa-dp-0.85,5,154,0.0,13.795
dpa-dp-0.85,5,155,0.0,14.074
dpa-dp-0.85,5,156,0.0,14.636
dpa-dp-0.85,5,157,0.0,14.305
dpa-dp-0.85,5,158,0.0,14.743
dpa-dp-0.85,5,159,0.0,13.744
dpa-dp-0.85,5,160,0.0,14.054
dpa-dp-0.85,5,161,0.0,14.551
dpa-dp-0.85,5,162,0.0,14.766
dpa-dp-0.85,5,163,0.0,14.523
dpa-dp-0.85,5,164,0.0,14.631
dpa-dp-0.85,5,165,0.0,15.733
dpa-dp-0.85,5,166,0.0,15.956
dpa-dp-0.85,5,167,0.0,15.646
dpa-dp-0.85,5,168,0.0,15.238
dpa-dp-0.85,5,169,0.0,14.505
dpa-dp-0.85,5,170,0.0,14.992
dpa-dp-0.85,5,171,0.0,14.791
dpa-dp-0.85,5,172,0.0,14.983
dpa-dp-0.85,5,173,0.0,15.261
dpa-dp-0.85,5,174,0.0,15.814
dpa-dp-0.85,5,175,0.0,16.1
dpa-dp-0.85,5,176,0.0,15.783
dpa-dp-0.85,5,177,0.0,15.4
dpa-dp-0.85,5,178,0.0,15.977
dpa-dp-0.85,5,179,0.0,15.682
dpa-dp-0.85,5,180,0.0,15.078
dpa-dp-0.85,5,181,0.214,3.4337
dpa-dp-0.85,5,182,0.258,3.0531
dpa-dp-0.85,5,183,0.241,3.1404
dpa-dp-0.85,5,184,0.3305,2.774
dpa-dp-0.85,5,185,0.337,2.6825
dpa-dp-0.85,5,186,0.334,2.5906
dpa-dp-0.85,5,187,0.3175,2.7192
dpa-dp-0.85,5,188,0.364,2.5481
dpa-dp-0.85,5,189,0.315,2.8531
dpa-dp-0.85,5,190,0.349,2.4901
dpa-dp-0.85,5,191,0.3635,2.5203
dpa-dp-0.85,5,192,0.4065,2.3848
dpa-dp-0.85,5,193,0.434,2.1858
dpa-dp-0.85,5,194,0.4275,2.1781
dpa-dp-0.85,5,195,0.4335,2.2105
dpa-dp-0.85,5,196,0.3745,2.499
dpa-dp-0.85,5,197,0.4155,2.3552
dpa-dp-0.85,5,198,0.403,2.3857
dpa-dp-0.85,5,199,0.3825,2.4385
dpa-dp-0.85,5,200,0.4385,2.171
dpa-dp-0.75,0,0,0.047,2.404
dpa-dp-0.75,0,1,0.0,5.2174
dpa-dp-0.75,0,2,0.0,5.8732
dpa-dp-0.75,0,3,0.0,6.4205
dpa-dp-0.75,0,4,0.0,6.4007
dpa-dp-0.75,0,5,0.0,6.4378
dpa-dp-0.75,0,6,0.0,6.8159
dpa-dp-0.75,0,7,0.0,7.1436
dpa-dp-0.75,0,8,0.0,7.3096
dpa-dp-0.75,0,9,0.0,7.2762
dpa-dp-0.75,0,10,0.0,7.4526
dpa-dp-0.75,0,11,0.0,7.9686
dpa-dp-0.75,0,12,0.0,8.2797
dpa-dp-0.75,0,13,0.0,8.1852
dpa-dp-0.75,0,14,0.0,7.9635
dpa-dp-0.75,0,15,0.0,7.8044
dpa-dp-0.75,0,16,0.0,7.5082
dpa-dp-0.75,0,17,0.0,7.7417
dpa-dp-0.75,0,18,0.0,8.1292
dpa-dp-0.75,0,19,0.0,8.6521
dpa-dp-0.75,0,20,0.0,8.32
dpa-dp-0.75,0,21,0.0,8.1229
dpa-dp-0.75,0,22,0.0,8.5133
dpa-dp-0.75,0,23,0.0,8.6943
dpa-dp-0.75,0,24,0.0,8.5403
dpa-dp-0.75,0,25,0.0,8.5923
dpa-dp-0.75,0,26,0.0,8.629
dpa-dp-0.75,0,27,0.0,8.6109
dpa-dp-0.75,0,28,0.0,8.6452
dpa-dp-0.75,0,29,0.0,8.8406
dpa-dp-0.75,0,30,0.0,8.8124
dpa-dp-0.75,0,31,0.0,9.9164
dpa-dp-0.75,0,32,0.0,9.3418
dpa-dp-0.75,0,33,0.0,9.5048
dpa-dp-0.75,0,34,0.0,9.7551
dpa-dp-0.75,0,35,0.0,9.7563
dpa-dp-0.75,0,36,0.0,10.008
dpa-dp-0.75,0,37,0.0,10.558
dpa-dp-0.75,0,38,0.0,10.303
dpa-dp-0.75,0,39,0.0,10.545
dpa-dp-0.75,0,40,0.0,10.558
dpa-dp-0.75,0,41,0.0,9.6285
dpa-dp-0.75,0,42,0.0,10.546
dpa-dp-0.75,0,43,0.0,10.381
dpa-dp-0.75,0,44,0.0,10.693
dpa-dp-0.75,0,45,0.0,10.793
dpa-dp-0.75,0,46,0.0,10.853
dpa-dp-0.75,0,47,0.0,11.089
dpa-dp-0.75,0,48,0.0,11.254
dpa-dp-0.75,0,49,0.0,11.411
dpa-dp-0.75,0,50,0.0,11.044
dpa-dp-0.75,0,51,0.0,11.604
dpa-dp-0.75,0,52,0.0,11.664
dpa-dp-0.75,0,53,0.0,11.511
dpa-dp-0.75,0,54,0.0,11.384
dpa-dp-0.75,0,55,0.0,11.719
dpa-dp-0.75,0,56,0.0,11.51
dpa-dp-0.75,0,57,0.0,12.348
dpa-dp-0.75,0,58,0.0,12.375
dpa-dp-0.75,0,59,0.0,12.125
dpa-dp-0.75,0,60,0.0,12.76
dpa-dp-0.75,0,61,0.0,12.495
dpa-dp-0.75,0,62,0.0,13.255
dpa-dp-0.75,0,63,0.0,13.157
dpa-dp-0.75,0,64,0.0,13.493
dpa-dp-0.75,0,65,0.0,13.672
dpa-dp-0.75,0,66,0.0,13.846
dpa-dp-0.75,0,67,0.0,13.258
dpa-dp-0.75,0,68,0.0,12.841
dpa-dp-0.75,0,69,0.0,13.871
dpa-dp-0.75,0,70,0.0,14.332
dpa-dp-0.75,0,71,0.0,13.494
dpa-dp-0.75,0,72,0.0,13.774
dpa-dp-0.75,0,73,0.0,14.21
dpa-dp-0.75,0,74,0.0,14.101
dpa-dp-0.75,0,75,0.0,14.379
dpa-dp-0.75,0,76,0.0,14.712
dpa-dp-0.75,0,77,0.0,15.307
dpa-dp-0.75,0,78,0.0,14.504
dpa-dp-0.75,0,79,0.0,13.591
dpa-dp-0.75,0,80,0.0,12.871
dpa-dp-0.75,0,81,0.0,12.686
dpa-dp-0.75,0,82,0.0,14.12
dpa-dp-0.75,0,83,0.0,14.394
dpa-dp-0.75,0,84,0.0,13.761
dpa-dp-0.75,0,85,0.0,13.434
dpa-dp-0.75,0,86,0.0,12.857
dpa-dp-0.75,0,87,0.0,14.099
dpa-dp-0.75,0,88,0.0,13.352
dpa-dp-0.75,0,89,0.0,13.879
dpa-dp-0.75,0,90,0.0,14.039
dpa-dp-0.75,0,91,0.0,15.063
dpa-dp-0.75,0,92,0.0,15.272
dpa-dp-0.75,0,93,0.0,14.986
dpa-dp-0.75,0,94,0.0,14.747
dpa-dp-0.75,0,95,0.0,14.604
dpa-dp-0.75,0,96,0.0,14.555
dpa-dp-0.75,0,97,0.0,14.351
dpa-dp-0.75,0,98,0.0,14.232
dpa-dp-0.75,0,99,0.0,13.718
dpa-dp-0.75,0,100,0.0,13.473
dpa-dp-0.75,0,101,0.0,13.322
dpa-dp-0.75,0,102,0.0,13.118
dpa-dp-0.75,0,103,0.0,14.085
dpa-dp-0.75,0,104,0.0,14.023
dpa-dp-0.75,0,105,0.0,14.941
dpa-dp-0.75,0,106,0.0,14.829
dpa-dp-0.75,0,107,0.0,14.783
dpa-dp-0.75,0,108,0.0,14.358
dpa-dp-0.75,0,109,0.0,14.782
dpa-dp-0.75,0,110,0.0,15.463
dpa-dp-0.75,0,111,0.0,14.639
dpa-dp-0.75,0,112,0.0,14.155
dpa-dp-0.75,0,113,0.0,13.345
dpa-dp-0.75,0,114,0.0,13.439
dpa-dp-0.75,0,115,0.0,14.416
dpa-dp-0.75,0,116,0.0,14.088
dpa-dp-0.75,0,117,0.0,14.625
dpa-dp-0.75,0,118,0.0,14.292
dpa-dp-0.75,0,119,0.0,14.536
dpa-dp-0.75,0,120,0.0,14.321
dpa-dp-0.75,0,121,0.0,13.029
dpa-dp-0.75,0,122,0.0,13.072
dpa-dp-0.75,0,123,0.0,13.118
dpa-dp-0.75,0,124,0.0,14.309
dpa-dp-0.75,0,125,0.0,13.786
dpa-dp-0.75,0,126,0.0,14.77
dpa-dp-0.75,0,127,0.0,14.423
dpa-dp-0.75,0,128,0.0,14.512
dpa-dp-0.75,0,129,0.0,13.585
dpa-dp-0.75,0,130,0.0,14.233
dpa-dp-0.75,0,131,0.0,14.715
dpa-dp-0.75,0,132,0.0,14.269
dpa-dp-0.75,0,133,0.0,14.532
dpa-dp-0.75,0,134,0.0,14.672
dpa-dp-0.75,0,135,0.0,14.316
dpa-dp-0.75,0,136,0.0,13.279
dpa-dp-0.75,0,137,0.0,13.744
dpa-dp-0.75,0,138,0.0,13.215
dpa-dp-0.75,0,139,0.0,14.168
dpa-dp-0.75,0,140,0.0,13.155
dpa-dp-0.75,0,141,0.0,13.468
dpa-dp-0.75,0,142,0.0,13.698
dpa-dp-0.75,0,143,0.0,14.425
dpa-dp-0.75,0,144,0.0,15.579
dpa-dp-0.75,0,145,0.0,15.35
dpa-dp-0.75,0,146,0.0,15.4
dpa-dp-0.75,0,147,0.0,15.348
dpa-dp-0.75,0,148,0.0,15.229
dpa-dp-0.75,0,149,0.0,15.1
dpa-dp-0.75,0,150,0.0,15.407
dpa-dp-0.75,0,151,0.0,16.563
dpa-dp-0.75,0,152,0.0,15.128
dpa-dp-0.75,0,153,0.0,15.687
dpa-dp-0.75,0,154,0.0,14.837
dpa-dp-0.75,0,155,0.0,14.455
dpa-dp-0.75,0,156,0.0,14.595
dpa-dp-0.75,0,157,0.0,14.635
dpa-dp-0.75,0,158,0.0,14.812
dpa-dp-0.75,0,159,0.0,15.411
dpa-dp-0.75,0,160,0.0,15.317
dpa-dp-0.75,0,161,0.0,16.698
dpa-dp-0.75,0,162,0.0,15.327
dpa-dp-0.75,0,163,0.0,15.099
dpa-dp-0.75,0,164,0.0,15.174
dpa-dp-0.75,0,165,0.0,14.864
dpa-dp-0.75,0,166,0.0,16.341
dpa-dp-0.75,0,167,0.0,16.331
dpa-dp-0.75,0,168,0.0,15.549
dpa-dp-0.75,0,169,0.0,15.303
dpa-dp-0.75,0,170,0.0,16.691
dpa-dp-0.75,0,171,0.0,16.315
dpa-dp-0.75,0,172,0.0,16.249
dpa-dp-0.75,0,173,0.0,16.692
dpa-dp-0.75,0,174,0.0,17.406
dpa-dp-0.75,0,175,0.0,17.402
dpa-dp-0.75,0,176,0.0,17.554
dpa-dp-0.75,0,177,0.0,17.679
dpa-dp-0.75,0,178,0.0,16.804
dpa-dp-0.75,0,179,0.0,16.031
dpa-dp-0.75,0,180,0.0,16.129
dpa-dp-0.75,0,181,0.228,3.2394
dpa-dp-0.75,0,182,0.241,3.0624
dpa-dp-0.75,0,183,0.294,2.6972
dpa-dp-0.75,0,184,0.283,2.7524
dpa-dp-0.75,0,185,0.3345,2.5311
dpa-dp-0.75,0,186,0.3325,2.4603
dpa-dp-0.75,0,187,0.362,2.2249
dpa-dp-0.75,0,188,0.334,2.4472
dpa-dp-0.75,0,189,0.3875,2.1788
dpa-dp-0.75,0,190,0.382,2.2114
dpa-dp-0.75,0,191,0.3835,2.2572
dpa-dp-0.75,0,192,0.384,2.2904
dpa-dp-0.75,0,193,0.378,2.2635
dpa-dp-0.75,0,194,0.368,2.3516
dpa-dp-0.75,0,195,0.39,2.2293
dpa-dp-0.75,0,196,0.3915,2.2386
dpa-dp-0.75,0,197,0.3885,2.1926
dpa-dp-0.75,0,198,0.3895,2.1353
dpa-dp-0.75,0,199,0.4105,2.0707
dpa-dp-0.75,0,200,0.44,1.9194
dpa-dp-0.75,1,0,0.047,2.404
dpa-dp-0.75,1,1,0.0,5.3118
dpa-dp-0.75,1,2,0.0,5.5678
dpa-dp-0.75,1,3,0.0,5.822
dpa-dp-0.75,1,4,0.0,5.8415
dpa-dp-0.75,1,5,0.0,6.6295
dpa-dp-0.75,1,6,0.0,6.9371
dpa-dp-0.75,1,7,0.0,7.1654
dpa-dp-0.75,1,8,0.0,7.7798
dpa-dp-0.75,1,9,0.0,7.7848
dpa-dp-0.75,1,10,0.0,8.0066
dpa-dp-0.75,1,11,0.0,8.1972
dpa-dp-0.75,1,12,0.0,8.1161
dpa-dp-0.75,1,13,0.0,8.1676
dpa-dp-0.75,1,14,0.0,8.2577
dpa-dp-0.75,1,15,0.0,8.2458
dpa-dp-0.75,1,16,0.0,8.2239
dpa-dp-0.75,1,17,0.0,7.9378
dpa-dp-0.75,1,18,0.0,8.3183
dpa-dp-0.75,1,19,0.0,8.159
dpa-dp-0.75,1,20,0.0,8.1783
dpa-dp-0.75,1,21,0.0,8.1138
dpa-dp-0.75,1,22,0.0,8.1743
dpa-dp-0.75,1,23,0.0,8.6227
dpa-dp-0.75,1,24,0.0,8.3658
dpa-dp-0.75,1,25,0.0,8.7051
dpa-dp-0.75,1,26,0.0,8.7228
dpa-dp-0.75,1,27,0.0,8.7855
dpa-dp-0.75,1,28,0.0,9.2797
dpa-dp-0.75,1,29,0.0,9.5687
dpa-dp-0.75,1,30,0.0,9.6033
dpa-dp-0.75,1,31,0.0,9.9706
dpa-dp-0.75,1,32,0.0,10.278
dpa-dp-0.75,1,33,0.0,10.497
dpa-dp-0.75,1,34,0.0,9.9886
dpa-dp-0.75,1,35,0.0,10.121
dpa-dp-0.75,1,36,0.0,10.027
dpa-dp-0.75,1,37,0.0,10.807
dpa-dp-0.75,1,38,0.0,10.447
dpa-dp-0.75,1,39,0.0,10.377
dpa-dp-0.75,1,40,0.0,10.714
dpa-dp-0.75,1,41,0.0,11.432
dpa-dp-0.75,1,42,0.0,11.058
dpa-dp-0.75,1,43,0.0,10.993
dpa-dp-0.75,1,44,0.0,10.944
dpa-dp-0.75,1,45,0.0,11.49
dpa-dp-0.75,1,46,0.0,10.77
dpa-dp-0.75,1,47,0.0,10.882
dpa-dp-0.75,1,48,0.0,11.122
dpa-dp-0.75,1,49,0.0,10.388
dpa-dp-0.75,1,50,0.0,10.713
dpa-dp-0.75,1,51,0.0,10.977
dpa-dp-0.75,1,52,0.0,10.254
dpa-dp-0.75,1,53,0.0,11.16
dpa-dp-0.75,1,54,0.0,11.293
dpa-dp-0.75,1,55,0.0,10.98
dpa-dp-0.75,1,56,0.0,9.4349
dpa-dp-0.75,1,57,0.0,10.128
dpa-dp-0.75,1,58,0.0,10.354
dpa-dp-0.75,1,59,0.0,10.604
dpa-dp-0.75,1,60,0.0,9.9198
dpa-dp-0.75,1,61,0.0,11.11
dpa-dp-0.75,1,62,0.0,10.97
dpa-dp-0.75,1,63,0.0,11.082
dpa-dp-0.75,1,64,0.0,12.041
dpa-dp-0.75,1,65,0.0,12.1
dpa-dp-0.75,1,66,0.0,12.501
dpa-dp-0.75,1,67,0.0,12.927
dpa-dp-0.75,1,68,0.0,12.83
dpa-dp-0.75,1,69,0.0,13.379
dpa-dp-0.75,1,70,0.0,13.332
dpa-dp-0.75,1,71,0.0,13.869
dpa-dp-0.75,1,72,0.0,13.69
dpa-dp-0.75,1,73,0.0,12.577
dpa-dp-0.75,1,74,0.0,13.247
dpa-dp-0.75,1,75,0.0,13.882
dpa-dp-0.75,1,76,0.0,13.711
dpa-dp-0.75,1,77,0.0,13.324
dpa-dp-0.75,1,78,0.0,14.069
dpa-dp-0.75,1,79,0.0,13.355
dpa-dp-0.75,1,80,0.0,13.351
dpa-dp-0.75,1,81,0.0,12.517
dpa-dp-0.75,1,82,0.0,12.719
dpa-dp-0.75,1,83,0.0,13.478
dpa-dp-0.75,1,84,0.0,13.246
dpa-dp-0.75,1,85,0.0,13.103
dpa-dp-0.75,1,86,0.0,13.775
dpa-dp-0.75,1,87,0.0,14.041
dpa-dp-0.75,1,88,0.0,14.196
dpa-dp-0.75,1,89,0.0,14.232
dpa-dp-0.75,1,90,0.0,14.489
dpa-dp-0.75,1,91,0.0,14.482
dpa-dp-0.75,1,92,0.0,13.506
dpa-dp-0.75,1,93,0.0,13.956
dpa-dp-0.75,1,94,0.0,13.947
dpa-dp-0.75,1,95,0.0,13.976
dpa-dp-0.75,1,96,0.0,14.352
dpa-dp-0.75,1,97,0.0,14.87
dpa-dp-0.75,1,98,0.0,14.878
dpa-dp-0.75,1,99,0.0,14.336
dpa-dp-0.75,1,100,0.0,14.131
dpa-dp-0.75,1,101,0.0,14.404
dpa-dp-0.75,1,102,0.0,14.001
dpa-dp-0.75,1,103,0.0,14.7
dpa-dp-0.75,1,104,0.0,13.816
dpa-dp-0.75,1,105,0.0,14.297
dpa-dp-0.75,1,106,0.0,13.926
dpa-dp-0.75,1,107,0.0,14.986
dpa-dp-0.75,1,108,0.0,14.567
dpa-dp-0.75,1,109,0.0,14.758
dpa-dp-0.75,1,110,0.0,14.425
dpa-dp-0.75,1,111,0.0,15.101
dpa-dp-0.75,1,112,0.0,14.436
dpa-dp-0.75,1,113,0.0,15.096
dpa-dp-0.75,1,114,0.0,15.865
dpa-dp-0.75,1,115,0.0,16.139
dpa-dp-0.75,1,116,0.0,15.631
dpa-dp-0.75,1,117,0.0,15.158
dpa-dp-0.75,1,118,0.0,16.778
dpa-dp-0.75,1,119,0.0,16.579
dpa-dp-0.75,1,120,0.0,16.544
dpa-dp-0.75,1,121,0.0,16.62
dpa-dp-0.75,1,122,0.0,15.475
dpa-dp-0.75,1,123,0.0,16.434
dpa-dp-0.75,1,124,0.0,15.9
dpa-dp-0.75,1,125,0.0,15.918
dpa-dp-0.75,1,126,0.0,15.557
dpa-dp-0.75,1,127,0.0,14.399
dpa-dp-0.75,1,128,0.0,14.713
dpa-dp-0.75,1,129,0.0,15.931
dpa-dp-0.75,1,130,0.0,16.597
dpa-dp-0.75,1,131,0.0,16.936
dpa-dp-0.75,1,132,0.0,16.85
dpa-dp-0.75,1,133,0.0,16.066
dpa-dp-0.75,1,134,0.0,14.582
dpa-dp-0.75,1,135,0.0,15.354
dpa-dp-0.75,1,136,0.0,14.593
dpa-dp-0.75,1,137,0.0,16.234
dpa-dp-0.75,1,138,0.0,15.73
dpa-dp-0.75,1,139,0.0,15.728
dpa-dp-0.75,1,140,0.0,15.31
dpa-dp-0.75,1,141,0.0,15.558
dpa-dp-0.75,1,142,0.0,15.434
dpa-dp-0.75,1,143,0.0,15.997
dpa-dp-0.75,1,144,0.0,16.449
dpa-dp-0.75,1,145,0.0,16.035
dpa-dp-0.75,1,146,0.0,15.204
dpa-dp-0.75,1,147,0.0,15.321
dpa-dp-0.75,1,148,0.0,15.736
dpa-dp-0.75,1,149,0.0,16.08
dpa-dp-0.75,1,150,0.0,15.34
dpa-dp-0.75,1,151,0.0,15.143
dpa-dp-0.75,1,152,0.0,15.275
dpa-dp-0.75,1,153,0.0,15.741
dpa-dp-0.75,1,154,0.0,16.214
dpa-dp-0.75,1,155,0.0,14.77
dpa-dp-0.75,1,156,0.0,15.359
dpa-dp-0.75,1,157,0.0,15.592
dpa-dp-0.75,1,158,0.0,15.624
dpa-dp-0.75,1,159,0.0,15.553
dpa-dp-0.75,1,160,0.0,16.423
dpa-dp-0.75,1,161,0.0,16.704
dpa-dp-0.75,1,162,0.0,15.484
dpa-dp-0.75,1,163,0.0,16.19
dpa-dp-0.75,1,164,0.0,16.341
dpa-dp-0.75,1,165,0.0,16.279
dpa-dp-0.75,1,166,0.0,17.367
dpa-dp-0.75,1,167,0.0,17.868
dpa-dp-0.75,1,168,0.0,17.007
dpa-dp-0.75,1,169,0.0,16.589
dpa-dp-0.75,1,170,0.0,17.806
dpa-dp-0.75,1,171,0.0,17.574
dpa-dp-0.75,1,172,0.0,18.317
dpa-dp-0.75,1,173,0.0,18.201
dpa-dp-0.75,1,174,0.0,18.461
dpa-dp-0.75,1,175,0.0,17.904
dpa-dp-0.75,1,176,0.0,17.275
dpa-dp-0.75,1,177,0.0,18.606
dpa-dp-0.75,1,178,0.0,18.01
dpa-dp-0.75,1,179,0.0,16.921
dpa-dp-0.75,1,180,0.0,18.033
dpa-dp-0.75,1,181,0.1185,4.0931
dpa-dp-0.75,1,182,0.1755,3.5668
dpa-dp-0.75,1,183,0.2505,2.9353
dpa-dp-0.75,1,184,0.228,3.0613
dpa-dp-0.75,1,185,0.312,2.5603
dpa-dp-0.75,1,186,0.3245,2.5201
dpa-dp-0.75,1,187,0.3255,2.5134
dpa-dp-0.75,1,188,0.342,2.3138
dpa-dp-0.75,1,189,0.3205,2.5259
dpa-dp-0.75,1,190,0.369,2.2537
dpa-dp-0.75,1,191,0.371,2.3079
dpa-dp-0.75,1,192,0.38,2.254
dpa-dp-0.75,1,193,0.392,2.2612
dpa-dp-0.75,1,194,0.397,2.2628
dpa-dp-0.75,1,195,0.415,2.1668
dpa-dp-0.75,1,196,0.4275,2.0043
dpa-dp-0.75,1,197,0.434,1.9845
dpa-dp-0.75,1,198,0.4105,2.1154
dpa-dp-0.75,1,199,0.457,1.8847
dpa-dp-0.75,1,200,0.4275,2.0498
dpa-dp-0.75,2,0,0.047,2.404
dpa-dp-0.75,2,1,0.0,5.5393
dpa-dp-0.75,2,2,0.0,5.9067
dpa-dp-0.75,2,3,0.0,6.3364
dpa-dp-0.75,2,4,0.0,6.7625
dpa-dp-0.75,2,5,0.0,6.9194
dpa-dp-0.75,2,6,0.0,6.7288
dpa-dp-0.75,2,7,0.0,6.9584
dpa-dp-0.75,2,8,0.0,6.886
dpa-dp-0.75,2,9,0.0,7.4075
dpa-dp-0.75,2,10,0.0,7.748
dpa-dp-0.75,2,11,0.0,7.8771
dpa-dp-0.75,2,12,0.0,7.7933
dpa-dp-0.75,2,13,0.0,8.2105
dpa-dp-0.75,2,14,0.0,8.5273
dpa-dp-0.75,2,15,0.0,8.3474
dpa-dp-0.75,2,16,0.0,8.2638
dpa-dp-0.75,2,17,0.0,8.2476
dpa-dp-0.75,2,18,0.0,8.3727
dpa-dp-0.75,2,19,0.0,8.4132
dpa-dp-0.75,2,20,0.0,8.8173
dpa-dp-0.75,2,21,0.0,9.0983
dpa-dp-0.75,2,22,0.0,9.1069
dpa-dp-0.75,2,23,0.0,9.3304
dpa-dp-0.75,2,24,0.0,9.4592
dpa-dp-0.75,2,25,0.0,10.129
dpa-dp-0.75,2,26,0.0,10.227
dpa-dp-0.75,2,27,0.0,10.229
dpa-dp-0.75,2,28,0.0,10.544
dpa-dp-0.75,2,29,0.0,11.178
dpa-dp-0.75,2,30,0.0,11.045
dpa-dp-0.75,2,31,0.0,11.089
dpa-dp-0.75,2,32,0.0,11.841
dpa-dp-0.75,2,33,0.0,11.503
dpa-dp-0.75,2,34,0.0,11.537
dpa-dp-0.75,2,35,0.0,12.148
dpa-dp-0.75,2,36,0.0,12.231
dpa-dp-0.75,2,37,0.0,12.428
dpa-dp-0.75,2,38,0.0,12.059
dpa-dp-0.75,2,39,0.0,12.675
dpa-dp-0.75,2,40,0.0,12.537
dpa-dp-0.75,2,41,0.0,13.09
dpa-dp-0.75,2,42,0.0,13.284
dpa-dp-0.75,2,43,0.0,13.457
dpa-dp-0.75,2,44,0.0,13.788
dpa-dp-0.75,2,45,0.0,13.31
dpa-dp-0.75,2,46,0.0,13.287
dpa-dp-0.75,2,47,0.0,13.06
dpa-dp-0.75,2,48,0.0,12.984
dpa-dp-0.75,2,49,0.0,13.055
dpa-dp-0.75,2,50,0.0,13.039
dpa-dp-0.75,2,51,0.0,13.389
dpa-dp-0.75,2,52,0.0,13.373
dpa-dp-0.75,2,53,0.0,13.335
dpa-dp-0.75,2,54,0.0,13.824
dpa-dp-0.75,2,55,0.0,13.542
dpa-dp-0.75,2,56,0.0,13.948
dpa-dp-0.75,2,57,0.0,12.637
dpa-dp-0.75,2,58,0.0,11.907
dpa-dp-0.75,2,59,0.0,12.413
dpa-dp-0.75,2,60,0.0,12.373
dpa-dp-0.75,2,61,0.0,12.249
dpa-dp-0.75,2,62,0.0,13.26
dpa-dp-0.75,2,63,0.0,13.6
dpa-dp-0.75,2,64,0.0,12.556
dpa-dp-0.75,2,65,0.0,12.836
dpa-dp-0.75,2,66,0.0,12.72
dpa-dp-0.75,2,67,0.0,12.87
dpa-dp-0.75,2,68,0.0,12.905
dpa-dp-0.75,2,69,0.0,13.355
dpa-dp-0.75,2,70,0.0,14.048
dpa-dp-0.75,2,71,0.0,14.547
dpa-dp-0.75,2,72,0.0,13.612
dpa-dp-0.75,2,73,0.0,12.708
dpa-dp-0.75,2,74,0.0,12.746
dpa-dp-0.75,2,75,0.0,13.215
dpa-dp-0.75,2,76,0.0,13.263
dpa-dp-0.75,2,77,0.0,13.232
dpa-dp-0.75,2,78,0.0,13.494
dpa-dp-0.75,2,79,0.0,13.66
dpa-dp-0.75,2,80,0.0,13.348
dpa-dp-0.75,2,81,0.0,12.67
dpa-dp-0.75,2,82,0.0,13.595
dpa-dp-0.75,2,83,0.0,13.801
dpa-dp-0.75,2,84,0.0,14.607
dpa-dp-0.75,2,85,0.0,14.303
dpa-dp-0.75,2,86,0.0,14.754
dpa-dp-0.75,2,87,0.0,13.536
dpa-dp-0.75,2,88,0.0,13.907
dpa-dp-0.75,2,89,0.0,12.931
dpa-dp-0.75,2,90,0.0,12.488
dpa-dp-0.75,2,91,0.0,12.655
dpa-dp-0.75,2,92,0.0,12.348
dpa-dp-0.75,2,93,0.0,12.28
dpa-dp-0.75,2,94,0.0,12.301
dpa-dp-0.75,2,95,0.0,13.426
dpa-dp-0.75,2,96,0.0,13.132
dpa-dp-0.75,2,97,0.0,14.128
dpa-dp-0.75,2,98,0.0,14.62
dpa-dp-0.75,2,99,0.0,14.897
dpa-dp-0.75,2,100,0.0,14.736
dpa-dp-0.75,2,101,0.0,14.953
dpa-dp-0.75,2,102,0.0,14.151
dpa-dp-0.75,2,103,0.0,15.212
dpa-dp-0.75,2,104,0.0,15.125
dpa-dp-0.75,2,105,0.0,13.994
dpa-dp-0.75,2,106,0.0,14.276
dpa-dp-0.75,2,107,0.0,13.852
dpa-dp-0.75,2,108,0.0,13.933
dpa-dp-0.75,2,109,0.0,14.086
dpa-dp-0.75,2,110,0.0,14.582
dpa-dp-0.75,2,111,0.0,14.014
dpa-dp-0.75,2,112,0.0,13.216
dpa-dp-0.75,2,113,0.0,13.321
dpa-dp-0.75,2,114,0.0,12.54
dpa-dp-0.75,2,115,0.0,12.727
dpa-dp-0.75,2,116,0.0,13.249
dpa-dp-0.75,2,117,0.0,14.019
dpa-dp-0.75,2,118,0.0,14.25
dpa-dp-0.75,2,119,0.0,15.12
dpa-dp-0.75,2,120,0.0,14.423
dpa-dp-0.75,2,121,0.0,14.163
dpa-dp-0.75,2,122,0.0,14.731
dpa-dp-0.75,2,123,0.0,15.076
dpa-dp-0.75,2,124,0.0,16.121
dpa-dp-0.75,2,125,0.0,15.517
dpa-dp-0.75,2,126,0.0,15.489
dpa-dp-0.75,2,127,0.0,15.253
dpa-dp-0.75,2,128,0.0,15.121
dpa-dp-0.75,2,129,0.0,15.102
dpa-dp-0.75,2,130,0.0,15.466
dpa-dp-0.75,2,131,0.0,15.093
dpa-dp-0.75,2,132,0.0,14.914
dpa-dp-0.75,2,133,0.0,14.823
dpa-dp-0.75,2,134,0.0,16.088
dpa-dp-0.75,2,135,0.0,15.732
dpa-dp-0.75,2,136,0.0,15.898
dpa-dp-0.75,2,137,0.0,15.345
dpa-dp-0.75,2,138,0.0,16.421
dpa-dp-0.75,2,139,0.0,15.668
dpa-dp-0.75,2,140,0.0,14.578
dpa-dp-0.75,2,141,0.0,14.4
dpa-dp-0.75,2,142,0.0,15.661
dpa-dp-0.75,2,143,0.0,16.298
dpa-dp-0.75,2,144,0.0,16.163
dpa-dp-0.75,2,145,0.0,15.758
dpa-dp-0.75,2,146,0.0,15.672
dpa-dp-0.75,2,147,0.0,16.171
dpa-dp-0.75,2,148,0.0,16.021
dpa-dp-0.75,2,149,0.0,16.36
dpa-dp-0.75,2,150,0.0,14.785
dpa-dp-0.75,2,151,0.0,15.421
dpa-dp-0.75,2,152,0.0,17.38
dpa-dp-0.75,2,153,0.0,18.325
dpa-dp-0.75,2,154,0.0,18.791
dpa-dp-0.75,2,155,0.0,17.759
dpa-dp-0.75,2,156,0.0,17.181
dpa-dp-0.75,2,157,0.0,17.137
dpa-dp-0.75,2,158,0.0,17.156
dpa-dp-0.75,2,159,0.0,17.258
dpa-dp-0.75,2,160,0.0,17.854
dpa-dp-0.75,2,161,0.0,16.245
dpa-dp-0.75,2,162,0.0,17.03
dpa-dp-0.75,2,163,0.0,17.371
dpa-dp-0.75,2,164,0.0,16.275
dpa-dp-0.75,2,165,0.0,15.89
dpa-dp-0.75,2,166,0.0,15.868
dpa-dp-0.75,2,167,0.0,15.568
dpa-dp-0.75,2,168,0.0,15.766
dpa-dp-0.75,2,169,0.0,15.855
dpa-dp-0.75,2,170,0.0,16.284
dpa-dp-0.75,2,171,0.0,17.59
dpa-dp-0.75,2,172,0.0,17.522
dpa-dp-0.75,2,173,0.0,15.98
dpa-dp-0.75,2,174,0.0,16.378
dpa-dp-0.75,2,175,0.0,16.435
dpa-dp-0.75,2,176,0.0,16.107
dpa-dp-0.75,2,177,0.0,16.418
dpa-dp-0.75,2,178,0.0,16.936
dpa-dp-0.75,2,179,0.0,17.445
dpa-dp-0.75,2,180,0.0,17.687
dpa-dp-0.75,2,181,0.2135,3.4442
dpa-dp-0.75,2,182,0.2205,3.3806
dpa-dp-0.75,2,183,0.287,2.9057
dpa-dp-0.75,2,184,0.2985,2.7202
dpa-dp-0.75,2,185,0.305,2.6527
dpa-dp-0.75,2,186,0.2965,2.7356
dpa-dp-0.75,2,187,0.312,2.7268
dpa-dp-0.75,2,188,0.3315,2.6153
dpa-dp-0.75,2,189,0.356,2.5848
dpa-dp-0.75,2,190,0.361,2.4639
dpa-dp-0.75,2,191,0.375,2.5116
dpa-dp-0.75,2,192,0.352,2.4927
dpa-dp-0.75,2,193,0.367,2.3408
dpa-dp-0.75,2,194,0.3645,2.3711
dpa-dp-0.75,2,195,0.404,2.238
dpa-dp-0.75,2,196,0.3545,2.4914
dpa-dp-0.75,2,197,0.397,2.2834
dpa-dp-0.75,2,198,0.425,2.1575
dpa-dp-0.75,2,199,0.4155,2.245
dpa-dp-0.75,2,200,0.442,2.1791
dpa-dp-0.75,3,0,0.047,2.404
dpa-dp-0.75,3,1,0.0,5.2028
dpa-dp-0.75,3,2,0.0,5.7695
dpa-dp-0.75,3,3,0.0,6.2322
dpa-dp-0.75,3,4,0.0,6.4151
dpa-dp-0.75,3,5,0.0,6.8209
dpa-dp-0.75,3,6,0.0,6.7914
dpa-dp-0.75,3,7,0.0,7.0934
dpa-dp-0.75,3,8,0.0,7.2053
dpa-dp-0.75,3,9,0.0,7.4495
dpa-dp-0.75,3,10,0.0,7.2936
dpa-dp-0.75,3,11,0.0,7.8467
dpa-dp-0.75,3,12,0.0,7.7732
dpa-dp-0.75,3,13,0.0,7.7927
dpa-dp-0.75,3,14,0.0,8.5761
dpa-dp-0.75,3,15,0.0,8.6224
dpa-dp-0.75,3,16,0.0,8.9294
dpa-dp-0.75,3,17,0.0,9.1986
dpa-dp-0.75,3,18,0.0,8.897
dpa-dp-0.75,3,19,0.0,9.0458
dpa-dp-0.75,3,20,0.0,9.2142
dpa-dp-0.75,3,21,0.0,9.215
dpa-dp-0.75,3,22,0.0,9.5087
dpa-dp-0.75,3,23,0.0,9.1634
dpa-dp-0.75,3,24,0.0,9.0236
dpa-dp-0.75,3,25,0.0,8.7821
dpa-dp-0.75,3,26,0.0,9.0753
dpa-dp-0.75,3,27,0.0,9.3931
dpa-dp-0.75,3,28,0.0,9.3951
dpa-dp-0.75,3,29,0.0,9.6394
dpa-dp-0.75,3,30,0.0,9.9784
dpa-dp-0.75,3,31,0.0,9.8018
dpa-dp-0.75,3,32,0.0,9.372
dpa-dp-0.75,3,33,0.0,9.728
dpa-dp-0.75,3,34,0.0,10.38
dpa-dp-0.75,3,35,0.0,10.272
dpa-dp-0.75,3,36,0.0,10.039
dpa-dp-0.75,3,37,0.0,10.935
dpa-dp-0.75,3,38,0.0,10.82
dpa-dp-0.75,3,39,0.0,10.577
dpa-dp-0.75,3,40,0.0,11.287
dpa-dp-0.75,3,41,0.0,10.807
dpa-dp-0.75,3,42,0.0,10.459
dpa-dp-0.75,3,43,0.0,11.21
dpa-dp-0.75,3,44,0.0,11.149
dpa-dp-0.75,3,45,0.0,11.629
dpa-dp-0.75,3,46,0.0,11.078
dpa-dp-0.75,3,47,0.0,10.635
dpa-dp-0.75,3,48,0.0,11.45
dpa-dp-0.75,3,49,0.0,11.366
dpa-dp-0.75,3,50,0.0,11.803
dpa-dp-0.75,3,51,0.0,11.705
dpa-dp-0.75,3,52,0.0,11.763
dpa-dp-0.75,3,53,0.0,12.049
dpa-dp-0.75,3,54,0.0,11.957
dpa-dp-0.75,3,55,0.0,12.23
dpa-dp-0.75,3,56,0.0,12.274
dpa-dp-0.75,3,57,0.0,12.171
dpa-dp-0.75,3,58,0.0,13.259
dpa-dp-0.75,3,59,0.0,12.525
dpa-dp-0.75,3,60,0.0,12.444
dpa-dp-0.75,3,61,0.0,12.78
dpa-dp-0.75,3,62,0.0,13.275
dpa-dp-0.75,3,63,0.0,13.122
dpa-dp-0.75,3,64,0.0,12.83
dpa-dp-0.75,3,65,0.0,13.091
dpa-dp-0.75,3,66,0.0,13.653
dpa-dp-0.75,3,67,0.0,13.289
dpa-dp-0.75,3,68,0.0,13.41
dpa-dp-0.75,3,69,0.0,13.598
dpa-dp-0.75,3,70,0.0,13.235
dpa-dp-0.75,3,71,0.0,12.42
dpa-dp-0.75,3,72,0.0,12.068
dpa-dp-0.75,3,73,0.0,12.077
dpa-dp-0.75,3,74,0.0,12.165
dpa-dp-0.75,3,75,0.0,12.94
dpa-dp-0.75,3,76,0.0,13.313
dpa-dp-0.75,3,77,0.0,13.953
dpa-dp-0.75,3,78,0.0,12.676
dpa-dp-0.75,3,79,0.0,12.542
dpa-dp-0.75,3,80,0.0,12.495
dpa-dp-0.75,3,81,0.0,13.033
dpa-dp-0.75,3,82,0.0,12.722
dpa-dp-0.75,3,83,0.0,12.36
dpa-dp-0.75,3,84,0.0,11.876
dpa-dp-0.75,3,85,0.0,12.14
dpa-dp-0.75,3,86,0.0,12.274
dpa-dp-0.75,3,87,0.0,12.126
dpa-dp-0.75,3,88,0.0,11.981
dpa-dp-0.75,3,89,0.0,11.999
dpa-dp-0.75,3,90,0.0,11.51
dpa-dp-0.75,3,91,0.0,12.479
dpa-dp-0.75,3,92,0.0,12.884
dpa-dp-0.75,3,93,0.0,12.458
dpa-dp-0.75,3,94,0.0,12.811
dpa-dp-0.75,3,95,0.0,12.784
dpa-dp-0.75,3,96,0.0,12.915
dpa-dp-0.75,3,97,0.0,12.956
dpa-dp-0.75,3,98,0.0,13.355
dpa-dp-0.75,3,99,0.0,13.907
dpa-dp-0.75,3,100,0.0,14.338
dpa-dp-0.75,3,101,0.0,13.532
dpa-dp-0.75,3,102,0.0,12.756
dpa-dp-0.75,3,103,0.0,13.824
dpa-dp-0.75,3,104,0.0,13.068
dpa-dp-0.75,3,105,0.0,14.466
dpa-dp-0.75,3,106,0.0,13.766
dpa-dp-0.75,3,107,0.0,13.619
dpa-dp-0.75,3,108,0.0,12.906
dpa-dp-0.75,3,109,0.0,14.63
dpa-dp-0.75,3,110,0.0,15.973
dpa-dp-0.75,3,111,0.0,15.76
dpa-dp-0.75,3,112,0.0,14.728
dpa-dp-0.75,3,113,0.0,15.591
dpa-dp-0.75,3,114,0.0,15.627
dpa-dp-0.75,3,115,0.0,15.2
dpa-dp-0.75,3,116,0.0,14.831
dpa-dp-0.75,3,117,0.0,14.53
dpa-dp-0.75,3,118,0.0,13.662
dpa-dp-0.75,3,119,0.0,14.6
dpa-dp-0.75,3,120,0.0,15.023
dpa-dp-0.75,3,121,0.0,15.188
dpa-dp-0.75,3,122,0.0,15.317
dpa-dp-0.75,3,123,0.0,13.876
dpa-dp-0.75,3,124,0.0,13.745
dpa-dp-0.75,3,125,0.0,13.98
dpa-dp-0.75,3,126,0.0,14.194
dpa-dp-0.75,3,127,0.0,14.833
dpa-dp-0.75,3,128,0.0,14.833
dpa-dp-0.75,3,129,0.0,14.905
dpa-dp-0.75,3,130,0.0,15.278
dpa-dp-0.75,3,131,0.0,15.87
dpa-dp-0.75,3,132,0.0,15.441
dpa-dp-0.75,3,133,0.0,16.048
dpa-dp-0.75,3,134,0.0,16.943
dpa-dp-0.75,3,135,0.0,17.411
dpa-dp-0.75,3,136,0.0,15.751
dpa-dp-0.75,3,137,0.0,16.032
dpa-dp-0.75,3,138,0.0,16.676
dpa-dp-0.75,3,139,0.0,17.013
dpa-dp-0.75,3,140,0.0,15.355
dpa-dp-0.75,3,141,0.0,15.925
dpa-dp-0.75,3,142,0.0,16.173
dpa-dp-0.75,3,143,0.0,16.401
dpa-dp-0.75,3,144,0.0,16.432
dpa-dp-0.75,3,145,0.0,16.241
dpa-dp-0.75,3,146,0.0,16.105
dpa-dp-0.75,3,147,0.0,16.587
dpa-dp-0.75,3,148,0.0,15.649
dpa-dp-0.75,3,149,0.0,16.648
dpa-dp-0.75,3,150,0.0,17.304
dpa-dp-0.75,3,151,0.0,17.091
dpa-dp-0.75,3,152,0.0,17.116
dpa-dp-0.75,3,153,0.0,16.594
dpa-dp-0.75,3,154,0.0,15.92
dpa-dp-0.75,3,155,0.0,16.529
dpa-dp-0.75,3,156,0.0,16.814
dpa-dp-0.75,3,157,0.0,17.642
dpa-dp-0.75,3,158,0.0,16.827
dpa-dp-0.75,3,159,0.0,16.062
dpa-dp-0.75,3,160,0.0,17.744
dpa-dp-0.75,3,161,0.0,17.524
dpa-dp-0.75,3,162,0.0,17.154
dpa-dp-0.75,3,163,0.0,17.701
dpa-dp-0.75,3,164,0.0,16.992
dpa-dp-0.75,3,165,0.0005,17.127
dpa-dp-0.75,3,166,0.0,17.432
dpa-dp-0.75,3,167,0.0,17.758
dpa-dp-0.75,3,168,0.0,19.74
dpa-dp-0.75,3,169,0.0,18.647
dpa-dp-0.75,3,170,0.0,18.191
dpa-dp-0.75,3,171,0.0,17.822
dpa-dp-0.75,3,172,0.0,18.515
dpa-dp-0.75,3,173,0.0,18.093
dpa-dp-0.75,3,174,0.0,18.936
dpa-dp-0.75,3,175,0.0,18.667
dpa-dp-0.75,3,176,0.0,17.622
dpa-dp-0.75,3,177,0.0,17.919
dpa-dp-0.75,3,178,0.0,19.421
dpa-dp-0.75,3,179,0.0,18.122
dpa-dp-0.75,3,180,0.0,18.494
dpa-dp-0.75,3,181,0.1205,3.9877
dpa-dp-0.75,3,182,0.179,3.3085
dpa-dp-0.75,3,183,0.2165,2.9646
dpa-dp-0.75,3,184,0.2695,2.7133
dpa-dp-0.75,3,185,0.269,2.6664
dpa-dp-0.75,3,186,0.2935,2.6191
dpa-dp-0.75,3,187,0.3105,2.5067
dpa-dp-0.75,3,188,0.3315,2.3819
dpa-dp-0.75,3,189,0.293,2.571
dpa-dp-0.75,3,190,0.3375,2.3679
dpa-dp-0.75,3,191,0.3705,2.2307
dpa-dp-0.75,3,192,0.354,2.347
dpa-dp-0.75,3,193,0.3565,2.2716
dpa-dp-0.75,3,194,0.397,2.0975
dpa-dp-0.75,3,195,0.38,2.1564
dpa-dp-0.75,3,196,0.356,2.2758
dpa-dp-0.75,3,197,0.388,2.1412
dpa-dp-0.75,3,198,0.3785,2.1913
dpa-dp-0.75,3,199,0.4285,1.969
dpa-dp-0.75,3,200,0.4285,1.9778
dpa-dp-0.75,4,0,0.047,2.404
dpa-dp-0.75,4,1,0.0,5.2927
dpa-dp-0.75,4,2,0.0,5.8587
dpa-dp-0.75,4,3,0.0,5.899
dpa-dp-0.75,4,4,0.0,6.1739
dpa-dp-0.75,4,5,0.0,6.4442
dpa-dp-0.75,4,6,0.0,6.5296
dpa-dp-0.75,4,7,0.0,6.904
dpa-dp-0.75,4,8,0.0,7.1389
dpa-dp-0.75,4,9,0.0,7.7493
dpa-dp-0.75,4,10,0.0,7.9037
dpa-dp-0.75,4,11,0.0,7.9556
dpa-dp-0.75,4,12,0.0,8.1484
dpa-dp-0.75,4,13,0.0,8.3665
dpa-dp-0.75,4,14,0.0,8.161
dpa-dp-0.75,4,15,0.0,8.9088
dpa-dp-0.75,4,16,0.0,8.7541
dpa-dp-0.75,4,17,0.0,9.436
dpa-dp-0.75,4,18,0.0,9.3793
dpa-dp-0.75,4,19,0.0,9.213
dpa-dp-0.75,4,20,0.0,9.5046
dpa-dp-0.75,4,21,0.0,8.943
dpa-dp-0.75,4,22,0.0,9.4618
dpa-dp-0.75,4,23,0.0,9.2629
dpa-dp-0.75,4,24,0.0,9.0389
dpa-dp-0.75,4,25,0.0,9.4742
dpa-dp-0.75,4,26,0.0,9.6432
dpa-dp-0.75,4,27,0.0,9.0023
dpa-dp-0.75,4,28,0.0,8.9418
dpa-dp-0.75,4,29,0.0,8.575
dpa-dp-0.75,4,30,0.0,8.7742
dpa-dp-0.75,4,31,0.0,9.606
dpa-dp-0.75,4,32,0.0,9.1532
dpa-dp-0.75,4,33,0.0,9.5318
dpa-dp-0.75,4,34,0.0,9.5986
dpa-dp-0.75,4,35,0.0,9.8673
dpa-dp-0.75,4,36,0.0,9.8429
dpa-dp-0.75,4,37,0.0,10.014
dpa-dp-0.75,4,38,0.0,9.5549
dpa-dp-0.75,4,39,0.0,10.195
dpa-dp-0.75,4,40,0.0,9.6794
dpa-dp-0.75,4,41,0.0,9.7152
dpa-dp-0.75,4,42,0.0,9.7813
dpa-dp-0.75,4,43,0.0,10.385
dpa-dp-0.75,4,44,0.0,9.9194
dpa-dp-0.75,4,45,0.0,9.8439
dpa-dp-0.75,4,46,0.0,10.181
dpa-dp-0.75,4,47,0.0,10.555
dpa-dp-0.75,4,48,0.0,10.928
dpa-dp-0.75,4,49,0.0,10.784
dpa-dp-0.75,4,50,0.0,10.107
dpa-dp-0.75,4,51,0.0,9.9231
dpa-dp-0.75,4,52,0.0,10.097
dpa-dp-0.75,4,53,0.0,10.203
dpa-dp-0.75,4,54,0.0,10.321
dpa-dp-0.75,4,55,0.0,10.862
dpa-dp-0.75,4,56,0.0,11.757
dpa-dp-0.75,4,57,0.0,12.375
dpa-dp-0.75,4,58,0.0,11.283
dpa-dp-0.75,4,59,0.0,11.682
dpa-dp-0.75,4,60,0.0,11.048
dpa-dp-0.75,4,61,0.0,10.689
dpa-dp-0.75,4,62,0.0,9.9037
dpa-dp-0.75,4,63,0.0,11.311
dpa-dp-0.75,4,64,0.0,9.7767
dpa-dp-0.75,4,65,0.0,11.059
dpa-dp-0.75,4,66,0.0,11.42
dpa-dp-0.75,4,67,0.0,12.174
dpa-dp-0.75,4,68,0.0,12.395
dpa-dp-0.75,4,69,0.0,12.474
dpa-dp-0.75,4,70,0.0,12.896
dpa-dp-0.75,4,71,0.0,11.865
dpa-dp-0.75,4,72,0.0,11.994
dpa-dp-0.75,4,73,0.0,11.995
dpa-dp-0.75,4,74,0.0,11.796
dpa-dp-0.75,4,75,0.0,11.65
dpa-dp-0.75,4,76,0.0,11.685
dpa-dp-0.75,4,77,0.0,13.115
dpa-dp-0.75,4,78,0.0,13.055
dpa-dp-0.75,4,79,0.0,12.729
dpa-dp-0.75,4,80,0.0,12.799
dpa-dp-0.75,4,81,0.0,12.019
dpa-dp-0.75,4,82,0.0,11.359
dpa-dp-0.75,4,83,0.0,12.42
dpa-dp-0.75,4,84,0.0,12.513
dpa-dp-0.75,4,85,0.0,12.305
dpa-dp-0.75,4,86,0.0,13.548
dpa-dp-0.75,4,87,0.0,12.927
dpa-dp-0.75,4,88,0.0,14.497
dpa-dp-0.75,4,89,0.0,13.873
dpa-dp-0.75,4,90,0.0,13.697
dpa-dp-0.75,4,91,0.0,14.471
dpa-dp-0.75,4,92,0.0,14.24
dpa-dp-0.75,4,93,0.0,14.367
dpa-dp-0.75,4,94,0.0,14.534
dpa-dp-0.75,4,95,0.0,14.881
dpa-dp-0.75,4,96,0.0,15.873
dpa-dp-0.75,4,97,0.0,14.899
dpa-dp-0.75,4,98,0.0,14.096
dpa-dp-0.75,4,99,0.0,13.666
dpa-dp-0.75,4,100,0.0,14.015
dpa-dp-0.75,4,101,0.0,14.731
dpa-dp-0.75,4,102,0.0,13.937
dpa-dp-0.75,4,103,0.0,14.967
dpa-dp-0.75,4,104,0.0,14.373
dpa-dp-0.75,4,105,0.0,14.669
dpa-dp-0.75,4,106,0.0,15.101
dpa-dp-0.75,4,107,0.0,13.842
dpa-dp-0.75,4,108,0.0,13.884
dpa-dp-0.75,4,109,0.0,14.153
dpa-dp-0.75,4,110,0.0,13.566
dpa-dp-0.75,4,111,0.0,14.368
dpa-dp-0.75,4,112,0.0,14.136
dpa-dp-0.75,4,113,0.0,14.419
dpa-dp-0.75,4,114,0.0,14.162
dpa-dp-0.75,4,115,0.0005,14.088
dpa-dp-0.75,4,116,0.0,15.567
dpa-dp-0.75,4,117,0.0005,15.021
dpa-dp-0.75,4,118,0.0,16.377
dpa-dp-0.75,4,119,0.0,17.569
dpa-dp-0.75,4,120,0.0005,15.967
dpa-dp-0.75,4,121,0.0,15.22
dpa-dp-0.75,4,122,0.0,14.384
dpa-dp-0.75,4,123,0.0005,13.618
dpa-dp-0.75,4,124,0.0,14.972
dpa-dp-0.75,4,125,0.0,14.604
dpa-dp-0.75,4,126,0.0,14.628
dpa-dp-0.75,4,127,0.0,15.081
dpa-dp-0.75,4,128,0.0,14.069
dpa-dp-0.75,4,129,0.0,15.099
dpa-dp-0.75,4,130,0.0,14.676
dpa-dp-0.75,4,131,0.0,15.205
dpa-dp-0.75,4,132,0.0005,15.49
dpa-dp-0.75,4,133,0.0005,14.273
dpa-dp-0.75,4,134,0.0,15.723
dpa-dp-0.75,4,135,0.0,15.59
dpa-dp-0.75,4,136,0.0,15.528
dpa-dp-0.75,4,137,0.0,14.849
dpa-dp-0.75,4,138,0.0,15.606
dpa-dp-0.75,4,139,0.0,15.257
dpa-dp-0.75,4,140,0.0,15.392
dpa-dp-0.75,4,141,0.0,16.147
dpa-dp-0.75,4,142,0.0,16.452
dpa-dp-0.75,4,143,0.0,16.14
dpa-dp-0.75,4,144,0.0,15.189
dpa-dp-0.75,4,145,0.0,16.39
dpa-dp-0.75,4,146,0.0,16.736
dpa-dp-0.75,4,147,0.0,15.615
dpa-dp-0.75,4,148,0.0,14.843
dpa-dp-0.75,4,149,0.0,16.004
dpa-dp-0.75,4,150,0.0,16.127
dpa-dp-0.75,4,151,0.0,16.408
dpa-dp-0.75,4,152,0.0,15.969
dpa-dp-0.75,4,153,0.0,15.699
dpa-dp-0.75,4,154,0.0,16.348
dpa-dp-0.75,4,155,0.0,15.557
dpa-dp-0.75,4,156,0.0,15.268
dpa-dp-0.75,4,157,0.0,14.987
dpa-dp-0.75,4,158,0.0,16.595
dpa-dp-0.75,4,159,0.0,16.163
dpa-dp-0.75,4,160,0.0,17.744
dpa-dp-0.75,4,161,0.0,17.442
dpa-dp-0.75,4,162,0.0,16.287
dpa-dp-0.75,4,163,0.0,15.663
dpa-dp-0.75,4,164,0.0,14.84
dpa-dp-0.75,4,165,0.0,14.089
dpa-dp-0.75,4,166,0.0,14.166
dpa-dp-0.75,4,167,0.0,13.339
dpa-dp-0.75,4,168,0.0,13.926
dpa-dp-0.75,4,169,0.0,15.064
dpa-dp-0.75,4,170,0.0,14.027
dpa-dp-0.75,4,171,0.0,14.304
dpa-dp-0.75,4,172,0.0,14.869
dpa-dp-0.75,4,173,0.0,14.548
dpa-dp-0.75,4,174,0.0,15.697
dpa-dp-0.75,4,175,0.0,14.258
dpa-dp-0.75,4,176,0.0,15.998
dpa-dp-0.75,4,177,0.0,16.919
dpa-dp-0.75,4,178,0.0,16.857
dpa-dp-0.75,4,179,0.0,16.403
dpa-dp-0.75,4,180,0.0,17.506
dpa-dp-0.75,4,181,0.1535,3.4303
dpa-dp-0.75,4,182,0.234,2.8591
dpa-dp-0.75,4,183,0.288,2.5021
dpa-dp-0.75,4,184,0.286,2.5645
dpa-dp-0.75,4,185,0.33,2.2854
dpa-dp-0.75,4,186,0.3805,2.1402
dpa-dp-0.75,4,187,0.408,1.9666
dpa-dp-0.75,4,188,0.3935,2.0768
dpa-dp-0.75,4,189,0.374,2.2457
dpa-dp-0.75,4,190,0.436,1.9643
dpa-dp-0.75,4,191,0.398,2.1071
dpa-dp-0.75,4,192,0.402,2.0248
dpa-dp-0.75,4,193,0.373,2.2522
dpa-dp-0.75,4,194,0.3975,2.1639
dpa-dp-0.75,4,195,0.4055,2.0637
dpa-dp-0.75,4,196,0.433,2.0214
dpa-dp-0.75,4,197,0.423,2.1273
dpa-dp-0.75,4,198,0.4425,1.9884
dpa-dp-0.75,4,199,0.4365,1.9796
dpa-dp-0.75,4,200,0.4565,1.9485
dpa-dp-0.75,5,0,0.047,2.404
dpa-dp-0.75,5,1,0.0,5.4172
dpa-dp-0.75,5,2,0.0,5.9926
dpa-dp-0.75,5,3,0.0,6.6961
dpa-dp-0.75,5,4,0.0,6.86
dpa-dp-0.75,5,5,0.0,6.828
dpa-dp-0.75,5,6,0.0,6.8173
dpa-dp-0.75,5,7,0.0,7.1327
dpa-dp-0.75,5,8,0.0,7.3051
dpa-dp-0.75,5,9,0.0,7.353
dpa-dp-0.75,5,10,0.0,7.5137
dpa-dp-0.75,5,11,0.0,7.5502
dpa-dp-0.75,5,12,0.0,8.1824
dpa-dp-0.75,5,13,0.0,8.3994
dpa-dp-0.75,5,14,0.0,8.3553
dpa-dp-0.75,5,15,0.0,8.1294
dpa-dp-0.75,5,16,0.0,7.6503
dpa-dp-0.75,5,17,0.0,7.7955
dpa-dp-0.75,5,18,0.0,8.4061
dpa-dp-0.75,5,19,0.0,8.6458
dpa-dp-0.75,5,20,0.0,8.6812
dpa-dp-0.75,5,21,0.0,9.0533
dpa-dp-0.75,5,22,0.0,8.8092
dpa-dp-0.75,5,23,0.0,8.988
dpa-dp-0.75,5,24,0.0,9.1472
dpa-dp-0.75,5,25,0.0,8.9674
dpa-dp-0.75,5,26,0.0,9.3375
dpa-dp-0.75,5,27,0.0,9.2259
dpa-dp-0.75,5,28,0.0,9.2037
dpa-dp-0.75,5,29,0.0,9.2312
dpa-dp-0.75,5,30,0.0,9.2204
dpa-dp-0.75,5,31,0.0,9.0162
dpa-dp-0.75,5,32,0.0,9.4397
dpa-dp-0.75,5,33,0.0,9.771
dpa-dp-0.75,5,34,0.0,9.5308
dpa-dp-0.75,5,35,0.0,9.4801
dpa-dp-0.75,5,36,0.0,8.9004
dpa-dp-0.75,5,37,0.0,9.3418
dpa-dp-0.75,5,38,0.0,9.6175
dpa-dp-0.75,5,39,0.0,9.7471
dpa-dp-0.75,5,40,0.0,9.8688
dpa-dp-0.75,5,41,0.0,9.9215
dpa-dp-0.75,5,42,0.0,9.8457
dpa-dp-0.75,5,43,0.0,9.8247
dpa-dp-0.75,5,44,0.0,9.9777
dpa-dp-0.75,5,45,0.0,10.016
dpa-dp-0.75,5,46,0.0,10.556
dpa-dp-0.75,5,47,0.0,10.151
dpa-dp-0.75,5,48,0.0,10.81
dpa-dp-0.75,5,49,0.0,10.681
dpa-dp-0.75,5,50,0.0,11.02
dpa-dp-0.75,5,51,0.0,11.556
dpa-dp-0.75,5,52,0.0,11.793
dpa-dp-0.75,5,53,0.0,10.717
dpa-dp-0.75,5,54,0.0,10.947
dpa-dp-0.75,5,55,0.0,11.459
dpa-dp-0.75,5,56,0.0,11.034
dpa-dp-0.75,5,57,0.0,11.042
dpa-dp-0.75,5,58,0.0,11.495
dpa-dp-0.75,5,59,0.0,10.892
dpa-dp-0.75,5,60,0.0,11.736
dpa-dp-0.75,5,61,0.0,11.745
dpa-dp-0.75,5,62,0.0,11.504
dpa-dp-0.75,5,63,0.0,11.255
dpa-dp-0.75,5,64,0.0,11.069
dpa-dp-0.75,5,65,0.0,11.151
dpa-dp-0.75,5,66,0.0,10.742
dpa-dp-0.75,5,67,0.0,11.777
dpa-dp-0.75,5,68,0.0,11.489
dpa-dp-0.75,5,69,0.0,11.155
dpa-dp-0.75,5,70,0.0,11.177
dpa-dp-0.75,5,71,0.0,11.927
dpa-dp-0.75,5,72,0.0,12.318
dpa-dp-0.75,5,73,0.0,12.182
dpa-dp-0.75,5,74,0.0,12.085
dpa-dp-0.75,5,75,0.0,11.382
dpa-dp-0.75,5,76,0.0,11.509
dpa-dp-0.75,5,77,0.0,11.894
dpa-dp-0.75,5,78,0.0,11.216
dpa-dp-0.75,5,79,0.0,11.473
dpa-dp-0.75,5,80,0.0,11.648
dpa-dp-0.75,5,81,0.0,12.235
dpa-dp-0.75,5,82,0.0,12.207
dpa-dp-0.75,5,83,0.0,12.114
dpa-dp-0.75,5,84,0.0,12.096
dpa-dp-0.75,5,85,0.0,12.857
dpa-dp-0.75,5,86,0.0,12.872
dpa-dp-0.75,5,87,0.0,11.943
dpa-dp-0.75,5,88,0.0,11.97
dpa-dp-0.75,5,89,0.0,12.063
dpa-dp-0.75,5,90,0.0,12.455
dpa-dp-0.75,5,91,0.0,13.261
dpa-dp-0.75,5,92,0.0,13.376
dpa-dp-0.75,5,93,0.0,12.713
dpa-dp-0.75,5,94,0.0,13.036
dpa-dp-0.75,5,95,0.0,13.586
dpa-dp-0.75,5,96,0.0,12.68
dpa-dp-0.75,5,97,0.0,13.211
dpa-dp-0.75,5,98,0.0,13.941
dpa-dp-0.75,5,99,0.0,14.469
dpa-dp-0.75,5,100,0.0,14.826
dpa-dp-0.75,5,101,0.0,14.603
dpa-dp-0.75,5,102,0.0,14.204
dpa-dp-0.75,5,103,0.0,14.574
dpa-dp-0.75,5,104,0.0,15.071
dpa-dp-0.75,5,105,0.0,14.702
dpa-dp-0.75,5,106,0.0,14.941
dpa-dp-0.75,5,107,0.0,14.363
dpa-dp-0.75,5,108,0.0,13.997
dpa-dp-0.75,5,109,0.0,13.633
dpa-dp-0.75,5,110,0.0,14.069
dpa-dp-0.75,5,111,0.0,13.416
dpa-dp-0.75,5,112,0.0,14.255
dpa-dp-0.75,5,113,0.0,14.488
dpa-dp-0.75,5,114,0.0,14.68
dpa-dp-0.75,5,115,0.0,14.66
dpa-dp-0.75,5,116,0.0,15.039
dpa-dp-0.75,5,117,0.0,14.907
dpa-dp-0.75,5,118,0.0,14.545
dpa-dp-0.75,5,119,0.0,14.179
dpa-dp-0.75,5,120,0.0,13.499
dpa-dp-0.75,5,121,0.0,13.62
dpa-dp-0.75,5,122,0.0,13.516
dpa-dp-0.75,5,123,0.0,13.308
dpa-dp-0.75,5,124,0.0,11.877
dpa-dp-0.75,5,125,0.0,13.383
dpa-dp-0.75,5,126,0.0,12.602
dpa-dp-0.75,5,127,0.0,12.987
dpa-dp-0.75,5,128,0.0,13.134
dpa-dp-0.75,5,129,0.0,12.765
dpa-dp-0.75,5,130,0.0,12.665
dpa-dp-0.75,5,131,0.0,13.922
dpa-dp-0.75,5,132,0.0,13.209
dpa-dp-0.75,5,133,0.0,12.681
dpa-dp-0.75,5,134,0.0,13.216
dpa-dp-0.75,5,135,0.0,13.457
dpa-dp-0.75,5,136,0.0,13.706
dpa-dp-0.75,5,137,0.0,13.547
dpa-dp-0.75,5,138,0.0,12.642
dpa-dp-0.75,5,139,0.0,12.517
dpa-dp-0.75,5,140,0.0,12.861
dpa-dp-0.75,5,141,0.0,13.022
dpa-dp-0.75,5,142,0.0,13.714
dpa-dp-0.75,5,143,0.0,14.845
dpa-dp-0.75,5,144,0.0005,13.392
dpa-dp-0.75,5,145,0.0,13.662
dpa-dp-0.75,5,146,0.0,14.841
dpa-dp-0.75,5,147,0.0,16.131
dpa-dp-0.75,5,148,0.0,16.244
dpa-dp-0.75,5,149,0.0,17.211
dpa-dp-0.75,5,150,0.0,16.959
dpa-dp-0.75,5,151,0.0,17.235
dpa-dp-0.75,5,152,0.0,16.083
dpa-dp-0.75,5,153,0.0,15.102
dpa-dp-0.75,5,154,0.0,14.397
dpa-dp-0.75,5,155,0.0,14.595
dpa-dp-0.75,5,156,0.0,15.11
dpa-dp-0.75,5,157,0.0,14.724
dpa-dp-0.75,5,158,0.0,15.299
dpa-dp-0.75,5,159,0.0,14.293
dpa-dp-0.75,5,160,0.0,14.681
dpa-dp-0.75,5,161,0.0,15.056
dpa-dp-0.75,5,162,0.0,15.186
dpa-dp-0.75,5,163,0.0,15.107
dpa-dp-0.75,5,164,0.0,15.203
dpa-dp-0.75,5,165,0.0,16.161
dpa-dp-0.75,5,166,0.0,16.511
dpa-dp-0.75,5,167,0.0,16.129
dpa-dp-0.75,5,168,0.0,15.734
dpa-dp-0.75,5,169,0.0,15.083
dpa-dp-0.75,5,170,0.0,15.529
dpa-dp-0.75,5,171,0.0,15.494
dpa-dp-0.75,5,172,0.0,15.602
dpa-dp-0.75,5,173,0.0,15.753
dpa-dp-0.75,5,174,0.0,16.504
dpa-dp-0.75,5,175,0.0,17.112
dpa-dp-0.75,5,176,0.0,16.568
dpa-dp-0.75,5,177,0.0,16.175
dpa-dp-0.75,5,178,0.0,16.579
dpa-dp-0.75,5,179,0.0,16.401
dpa-dp-0.75,5,180,0.0,15.738
dpa-dp-0.75,5,181,0.206,3.5099
dpa-dp-0.75,5,182,0.2435,3.1614
dpa-dp-0.75,5,183,0.2535,3.0856
dpa-dp-0.75,5,184,0.325,2.8394
dpa-dp-0.75,5,185,0.3395,2.729
dpa-dp-0.75,5,186,0.3455,2.6558
dpa-dp-0.75,5,187,0.33,2.7384
dpa-dp-0.75,5,188,0.3565,2.6405
dpa-dp-0.75,5,189,0.3165,2.9105
dpa-dp-0.75,5,190,0.354,2.5321
dpa-dp-0.75,5,191,0.3575,2.5725
dpa-dp-0.75,5,192,0.4015,2.4166
dpa-dp-0.75,5,193,0.407,2.312
dpa-dp-0.75,5,194,0.407,2.2515
dpa-dp-0.75,5,195,0.402,2.3279
dpa-dp-0.75,5,196,0.3575,2.5839
dpa-dp-0.75,5,197,0.3975,2.3867
dpa-dp-0.75,5,198,0.408,2.3679
dpa-dp-0.75,5,199,0.394,2.3976
dpa-dp-0.75,5,200,0.426,2.1979
dpa-dp-0.65,0,0,0.047,2.404
dpa-dp-0.65,0,1,0.0,4.9433
dpa-dp-0.65,0,2,0.0,5.7062
dpa-dp-0.65,0,3,0.0,6.3654
dpa-dp-0.65,0,4,0.0,6.1713
dpa-dp-0.65,0,5,0.0,6.168
dpa-dp-0.65,0,6,0.0,6.4192
dpa-dp-0.65,0,7,0.0,6.6873
dpa-dp-0.65,0,8,0.0,7.0374
dpa-dp-0.65,0,9,0.0,7.0669
dpa-dp-0.65,0,10,0.0,7.2248
dpa-dp-0.65,0,11,0.0,8.1765
dpa-dp-0.65,0,12,0.0,8.6825
dpa-dp-0.65,0,13,0.0,8.4815
dpa-dp-0.65,0,14,0.0,8.127
dpa-dp-0.65,0,15,0.0,7.8742
dpa-dp-0.65,0,16,0.0,7.5513
dpa-dp-0.65,0,17,0.0,7.9577
dpa-dp-0.65,0,18,0.0,8.4476
dpa-dp-0.65,0,19,0.0,9.1463
dpa-dp-0.65,0,20,0.0,8.4897
dpa-dp-0.65,0,21,0.0,8.1973
dpa-dp-0.65,0,22,0.0,8.8826
dpa-dp-0.65,0,23,0.0,8.8485
dpa-dp-0.65,0,24,0.0,8.3636
dpa-dp-0.65,0,25,0.0,8.8626
dpa-dp-0.65,0,26,0.0,9.1646
dpa-dp-0.65,0,27,0.0,8.9502
dpa-dp-0.65,0,28,0.0,9.4321
dpa-dp-0.65,0,29,0.0,9.3061
dpa-dp-0.65,0,30,0.0,9.0164
dpa-dp-0.65,0,31,0.0,10.708
dpa-dp-0.65,0,32,0.0,9.7044
dpa-dp-0.65,0,33,0.0,9.8246
dpa-dp-0.65,0,34,0.0,10.301
dpa-dp-0.65,0,35,0.0,10.181
dpa-dp-0.65,0,36,0.0,10.466
dpa-dp-0.65,0,37,0.0,11.21
dpa-dp-0.65,0,38,0.0,11.431
dpa-dp-0.65,0,39,0.0,12.16
dpa-dp-0.65,0,40,0.0,12.387
dpa-dp-0.65,0,41,0.0,10.395
dpa-dp-0.65,0,42,0.0,11.886
dpa-dp-0.65,0,43,0.0,11.471
dpa-dp-0.65,0,44,0.0,11.033
dpa-dp-0.65,0,45,0.0,11.285
dpa-dp-0.65,0,46,0.0,11.418
dpa-dp-0.65,0,47,0.0,12.42
dpa-dp-0.65,0,48,0.0,12.662
dpa-dp-0.65,0,49,0.0,12.102
dpa-dp-0.65,0,50,0.0,11.242
dpa-dp-0.65,0,51,0.0,12.421
dpa-dp-0.65,0,52,0.0,12.887
dpa-dp-0.65,0,53,0.0,12.827
dpa-dp-0.65,0,54,0.0,13.141
dpa-dp-0.65,0,55,0.0,13.226
dpa-dp-0.65,0,56,0.0,13.401
dpa-dp-0.65,0,57,0.0,14.181
dpa-dp-0.65,0,58,0.0,14.021
dpa-dp-0.65,0,59,0.0,12.968
dpa-dp-0.65,0,60,0.0,13.481
dpa-dp-0.65,0,61,0.0,13.739
dpa-dp-0.65,0,62,0.0,15.345
dpa-dp-0.65,0,63,0.0,14.931
dpa-dp-0.65,0,64,0.0,13.906
dpa-dp-0.65,0,65,0.0,14.744
dpa-dp-0.65,0,66,0.0,14.747
dpa-dp-0.65,0,67,0.0,13.378
dpa-dp-0.65,0,68,0.0,12.816
dpa-dp-0.65,0,69,0.0,14.115
dpa-dp-0.65,0,70,0.0,16.279
dpa-dp-0.65,0,71,0.0,14.442
dpa-dp-0.65,0,72,0.0,15.387
dpa-dp-0.65,0,73,0.0,15.179
dpa-dp-0.65,0,74,0.0,16.62
dpa-dp-0.65,0,75,0.0,16.62
dpa-dp-0.65,0,76,0.0,18.575
dpa-dp-0.65,0,77,0.0,19.231
dpa-dp-0.65,0,78,0.0,19.027
dpa-dp-0.65,0,79,0.0,16.038
dpa-dp-0.65,0,80,0.0,15.453
dpa-dp-0.65,0,81,0.0,15.575
dpa-dp-0.65,0,82,0.0,17.297
dpa-dp-0.65,0,83,0.0,18.765
dpa-dp-0.65,0,84,0.0,17.532
dpa-dp-0.65,0,85,0.0,16.304
dpa-dp-0.65,0,86,0.0,16.374
dpa-dp-0.65,0,87,0.0,17.057
dpa-dp-0.65,0,88,0.0,16.029
dpa-dp-0.65,0,89,0.0,15.48
dpa-dp-0.65,0,90,0.0,17.391
dpa-dp-0.65,0,91,0.0,18.801
dpa-dp-0.65,0,92,0.0,19.01
dpa-dp-0.65,0,93,0.0,18.269
dpa-dp-0.65,0,94,0.0,19.214
dpa-dp-0.65,0,95,0.0,18.478
dpa-dp-0.65,0,96,0.0,18.043
dpa-dp-0.65,0,97,0.0,18.794
dpa-dp-0.65,0,98,0.0,18.647
dpa-dp-0.65,0,99,0.0,17.231
dpa-dp-0.65,0,100,0.0,16.686
dpa-dp-0.65,0,101,0.0,16.277
dpa-dp-0.65,0,102,0.0,17.041
dpa-dp-0.65,0,103,0.0,16.189
dpa-dp-0.65,0,104,0.0,17.489
dpa-dp-0.65,0,105,0.0,17.953
dpa-dp-0.65,0,106,0.0,17.815
dpa-dp-0.65,0,107,0.0,19.07
dpa-dp-0.65,0,108,0.0,16.765
dpa-dp-0.65,0,109,0.0,18.715
dpa-dp-0.65,0,110,0.0,18.974
dpa-dp-0.65,0,111,0.0,17.891
dpa-dp-0.65,0,112,0.0,16.712
dpa-dp-0.65,0,113,0.0,15.72
dpa-dp-0.65,0,114,0.0,15.553
dpa-dp-0.65,0,115,0.0,16.869
dpa-dp-0.65,0,116,0.0,15.963
dpa-dp-0.65,0,117,0.0,16.178
dpa-dp-0.65,0,118,0.0,16.319
dpa-dp-0.65,0,119,0.0,16.581
dpa-dp-0.65,0,120,0.0,15.915
dpa-dp-0.65,0,121,0.0,15.864
dpa-dp-0.65,0,122,0.0,17.094
dpa-dp-0.65,0,123,0.0,15.935
dpa-dp-0.65,0,124,0.0,16.799
dpa-dp-0.65,0,125,0.0,16.373
dpa-dp-0.65,0,126,0.0,17.632
dpa-dp-0.65,0,127,0.0,17.658
dpa-dp-0.65,0,128,0.0,16.761
dpa-dp-0.65,0,129,0.0,17.691
dpa-dp-0.65,0,130,0.0,16.797
dpa-dp-0.65,0,131,0.0,18.313
dpa-dp-0.65,0,132,0.0,18.117
dpa-dp-0.65,0,133,0.0,19.069
dpa-dp-0.65,0,134,0.0,18.25
dpa-dp-0.65,0,135,0.0,18.381
dpa-dp-0.65,0,136,0.0,17.766
dpa-dp-0.65,0,137,0.0,17.956
dpa-dp-0.65,0,138,0.0,17.14
dpa-dp-0.65,0,139,0.0,17.501
dpa-dp-0.65,0,140,0.0,16.848
dpa-dp-0.65,0,141,0.0,16.465
dpa-dp-0.65,0,142,0.0,16.897
dpa-dp-0.65,0,143,0.0,18.554
dpa-dp-0.65,0,144,0.0,19.145
dpa-dp-0.65,0,145,0.0,19.433
dpa-dp-0.65,0,146,0.0,18.748
dpa-dp-0.65,0,147,0.0,18.599
dpa-dp-0.65,0,148,0.0,17.335
dpa-dp-0.65,0,149,0.0,18.53
dpa-dp-0.65,0,150,0.0,17.684
dpa-dp-0.65,0,151,0.0,16.883
dpa-dp-0.65,0,152,0.0,16.05
dpa-dp-0.65,0,153,0.0,15.674
dpa-dp-0.65,0,154,0.0,15.877
dpa-dp-0.65,0,155,0.0,15.589
dpa-dp-0.65,0,156,0.0,16.417
dpa-dp-0.65,0,157,0.0,14.778
dpa-dp-0.65,0,158,0.0,16.122
dpa-dp-0.65,0,159,0.0,16.442
dpa-dp-0.65,0,160,0.0,15.289
dpa-dp-0.65,0,161,0.0,16.625
dpa-dp-0.65,0,162,0.0,17.214
dpa-dp-0.65,0,163,0.0,15.764
dpa-dp-0.65,0,164,0.0,15.444
dpa-dp-0.65,0,165,0.0,15.833
dpa-dp-0.65,0,166,0.0,16.711
dpa-dp-0.65,0,167,0.0,16.851
dpa-dp-0.65,0,168,0.0,16.702
dpa-dp-0.65,0,169,0.0,16.818
dpa-dp-0.65,0,170,0.0,17.563
dpa-dp-0.65,0,171,0.0,17.162
dpa-dp-0.65,0,172,0.0,14.801
dpa-dp-0.65,0,173,0.0,16.783
dpa-dp-0.65,0,174,0.0,16.927
dpa-dp-0.65,0,175,0.0,17.451
dpa-dp-0.65,0,176,0.0,17.948
dpa-dp-0.65,0,177,0.0,18.107
dpa-dp-0.65,0,178,0.0,18.951
dpa-dp-0.65,0,179,0.0,16.974
dpa-dp-0.65,0,180,0.0,19.357
dpa-dp-0.65,0,181,0.2305,2.8409
dpa-dp-0.65,0,182,0.244,2.8371
dpa-dp-0.65,0,183,0.3475,2.3303
dpa-dp-0.65,0,184,0.3515,2.2893
dpa-dp-0.65,0,185,0.3285,2.3685
dpa-dp-0.65,0,186,0.359,2.2279
dpa-dp-0.65,0,187,0.3415,2.2994
dpa-dp-0.65,0,188,0.3205,2.5305
dpa-dp-0.65,0,189,0.4045,2.1059
dpa-dp-0.65,0,190,0.3515,2.345
dpa-dp-0.65,0,191,0.395,2.1962
dpa-dp-0.65,0,192,0.4235,2.108
dpa-dp-0.65,0,193,0.3895,2.1518
dpa-dp-0.65,0,194,0.43,2.01
dpa-dp-0.65,0,195,0.3775,2.3482
dpa-dp-0.65,0,196,0.38,2.357
dpa-dp-0.65,0,197,0.3785,2.3369
dpa-dp-0.65,0,198,0.4225,2.0024
dpa-dp-0.65,0,199,0.406,2.0878
dpa-dp-0.65,0,200,0.3955,2.1664
dpa-dp-0.65,1,0,0.047,2.404
dpa-dp-0.65,1,1,0.0,4.992
dpa-dp-0.65,1,2,0.0,5.1698
dpa-dp-0.65,1,3,0.0,5.2473
dpa-dp-0.65,1,4,0.0,5.2909
dpa-dp-0.65,1,5,0.0,6.2699
dpa-dp-0.65,1,6,0.0,6.6465
dpa-dp-0.65,1,7,0.0,6.8982
dpa-dp-0.65,1,8,0.0,7.8117
dpa-dp-0.65,1,9,0.0,7.7083
dpa-dp-0.65,1,10,0.0,8.0498
dpa-dp-0.65,1,11,0.0,8.2793
dpa-dp-0.65,1,12,0.0,7.9832
dpa-dp-0.65,1,13,0.0,8.2616
dpa-dp-0.65,1,14,0.0,8.3491
dpa-dp-0.65,1,15,0.0,8.1237
dpa-dp-0.65,1,16,0.0,7.9103
dpa-dp-0.65,1,17,0.0,7.6237
dpa-dp-0.65,1,18,0.0,8.4645
dpa-dp-0.65,1,19,0.0,8.2811
dpa-dp-0.65,1,20,0.0,7.9861
dpa-dp-0.65,1,21,0.0,8.2821
dpa-dp-0.65,1,22,0.0,8.131
dpa-dp-0.65,1,23,0.0,8.8273
dpa-dp-0.65,1,24,0.0,8.4552
dpa-dp-0.65,1,25,0.0,8.9662
dpa-dp-0.65,1,26,0.0,8.97
dpa-dp-0.65,1,27,0.0,9.5906
dpa-dp-0.65,1,28,0.0,9.9302
dpa-dp-0.65,1,29,0.0,10.389
dpa-dp-0.65,1,30,0.0,10.242
dpa-dp-0.65,1,31,0.0,10.763
dpa-dp-0.65,1,32,0.0,10.989
dpa-dp-0.65,1,33,0.0,11.445
dpa-dp-0.65,1,34,0.0,10.733
dpa-dp-0.65,1,35,0.0,10.499
dpa-dp-0.65,1,36,0.0,10.993
dpa-dp-0.65,1,37,0.0,11.864
dpa-dp-0.65,1,38,0.0,10.909
dpa-dp-0.65,1,39,0.0,11.009
dpa-dp-0.65,1,40,0.0,11.504
dpa-dp-0.65,1,41,0.0,12.486
dpa-dp-0.65,1,42,0.0,12.256
dpa-dp-0.65,1,43,0.0,12.73
dpa-dp-0.65,1,44,0.0,12.133
dpa-dp-0.65,1,45,0.0,12.988
dpa-dp-0.65,1,46,0.0,11.509
dpa-dp-0.65,1,47,0.0,11.809
dpa-dp-0.65,1,48,0.0,12.644
dpa-dp-0.65,1,49,0.0,11.234
dpa-dp-0.65,1,50,0.0,12.332
dpa-dp-0.65,1,51,0.0,12.597
dpa-dp-0.65,1,52,0.0,11.633
dpa-dp-0.65,1,53,0.0,13.086
dpa-dp-0.65,1,54,0.0,13.555
dpa-dp-0.65,1,55,0.0,12.233
dpa-dp-0.65,1,56,0.0,10.329
dpa-dp-0.65,1,57,0.0,12.214
dpa-dp-0.65,1,58,0.0,11.97
dpa-dp-0.65,1,59,0.0,13.225
dpa-dp-0.65,1,60,0.0,11.821
dpa-dp-0.65,1,61,0.0,13.982
dpa-dp-0.65,1,62,0.0,13.189
dpa-dp-0.65,1,63,0.0,14.113
dpa-dp-0.65,1,64,0.0,15.487
dpa-dp-0.65,1,65,0.0,15.684
dpa-dp-0.65,1,66,0.0,16.243
dpa-dp-0.65,1,67,0.0,15.712
dpa-dp-0.65,1,68,0.0,14.994
dpa-dp-0.65,1,69,0.0,16.485
dpa-dp-0.65,1,70,0.0,16.169
dpa-dp-0.65,1,71,0.0,17.797
dpa-dp-0.65,1,72,0.0,16.931
dpa-dp-0.65,1,73,0.0,16.162
dpa-dp-0.65,1,74,0.0,17.575
dpa-dp-0.65,1,75,0.0,18.217
dpa-dp-0.65,1,76,0.0,17.37
dpa-dp-0.65,1,77,0.0,18.439
dpa-dp-0.65,1,78,0.0,18.465
dpa-dp-0.65,1,79,0.0,16.811
dpa-dp-0.65,1,80,0.0,17.125
dpa-dp-0.65,1,81,0.0,16.28
dpa-dp-0.65,1,82,0.0,16.895
dpa-dp-0.65,1,83,0.0,17.8
dpa-dp-0.65,1,84,0.0,18.362
dpa-dp-0.65,1,85,0.0,17.577
dpa-dp-0.65,1,86,0.0,19.502
dpa-dp-0.65,1,87,0.0,18.101
dpa-dp-0.65,1,88,0.0,17.64
dpa-dp-0.65,1,89,0.0,17.843
dpa-dp-0.65,1,90,0.0,17.93
dpa-dp-0.65,1,91,0.0,19.129
dpa-dp-0.65,1,92,0.0,17.326
dpa-dp-0.65,1,93,0.0,18.877
dpa-dp-0.65,1,94,0.0,18.516
dpa-dp-0.65,1,95,0.0,17.596
dpa-dp-0.65,1,96,0.0,18.895
dpa-dp-0.65,1,97,0.0,17.621
dpa-dp-0.65,1,98,0.0,17.159
dpa-dp-0.65,1,99,0.0,16.534
dpa-dp-0.65,1,100,0.0,18.195
dpa-dp-0.65,1,101,0.0,18.26
dpa-dp-0.65,1,102,0.0,18.351
dpa-dp-0.65,1,103,0.0,19.004
dpa-dp-0.65,1,104,0.0,18.615
dpa-dp-0.65,1,105,0.0,18.263
dpa-dp-0.65,1,106,0.0,17.054
dpa-dp-0.65,1,107,0.0,18.763
dpa-dp-0.65,1,108,0.0,18.305
dpa-dp-0.65,1,109,0.0,19.709
dpa-dp-0.65,1,110,0.0,19.545
dpa-dp-0.65,1,111,0.0,19.809
dpa-dp-0.65,1,112,0.0,17.507
dpa-dp-0.65,1,113,0.0,19.384
dpa-dp-0.65,1,114,0.0,19.216
dpa-dp-0.65,1,115,0.0,18.54
dpa-dp-0.65,1,116,0.0,17.676
dpa-dp-0.65,1,117,0.0,18.435
dpa-dp-0.65,1,118,0.0,20.228
dpa-dp-0.65,1,119,0.0,19.626
dpa-dp-0.65,1,120,0.0,19.71
dpa-dp-0.65,1,121,0.0,20.67
dpa-dp-0.65,1,122,0.0,19.187
dpa-dp-0.65,1,123,0.0,19.305
dpa-dp-0.65,1,124,0.0,18.92
dpa-dp-0.65,1,125,0.0,19.375
dpa-dp-0.65,1,126,0.0,21.558
dpa-dp-0.65,1,127,0.0,19.071
dpa-dp-0.65,1,128,0.0,18.666
dpa-dp-0.65,1,129,0.0,20.594
dpa-dp-0.65,1,130,0.0,20.096
dpa-dp-0.65,1,131,0.0,20.355
dpa-dp-0.65,1,132,0.0,20.172
dpa-dp-0.65,1,133,0.0,19.43
dpa-dp-0.65,1,134,0.0,18.259
dpa-dp-0.65,1,135,0.0,19.053
dpa-dp-0.65,1,136,0.0,18.24
dpa-dp-0.65,1,137,0.0,21.027
dpa-dp-0.65,1,138,0.0,19.495
dpa-dp-0.65,1,139,0.0,20.173
dpa-dp-0.65,1,140,0.0,19.863
dpa-dp-0.65,1,141,0.0,19.874
dpa-dp-0.65,1,142,0.0,20.295
dpa-dp-0.65,1,143,0.0,18.712
dpa-dp-0.65,1,144,0.0,18.606
dpa-dp-0.65,1,145,0.0,19.231
dpa-dp-0.65,1,146,0.0,18.433
dpa-dp-0.65,1,147,0.0,17.114
dpa-dp-0.65,1,148,0.0,20.497
dpa-dp-0.65,1,149,0.0,18.781
dpa-dp-0.65,1,150,0.0,20.048
dpa-dp-0.65,1,151,0.0,18.888
dpa-dp-0.65,1,152,0.0,16.898
dpa-dp-0.65,1,153,0.0,17.76
dpa-dp-0.65,1,154,0.0,19.693
dpa-dp-0.65,1,155,0.0,17.811
dpa-dp-0.65,1,156,0.0,17.562
dpa-dp-0.65,1,157,0.0,18.032
dpa-dp-0.65,1,158,0.0,17.666
dpa-dp-0.65,1,159,0.0,18.11
dpa-dp-0.65,1,160,0.0,18.285
dpa-dp-0.65,1,161,0.0,18.965
dpa-dp-0.65,1,162,0.0,18.679
dpa-dp-0.65,1,163,0.0,18.023
dpa-dp-0.65,1,164,0.0,20.736
dpa-dp-0.65,1,165,0.0,20.103
dpa-dp-0.65,1,166,0.0,21.319
dpa-dp-0.65,1,167,0.0,22.342
dpa-dp-0.65,1,168,0.0,22.318
dpa-dp-0.65,1,169,0.0,20.654
dpa-dp-0.65,1,170,0.0,20.424
dpa-dp-0.65,1,171,0.0,20.831
dpa-dp-0.65,1,172,0.0,21.489
dpa-dp-0.65,1,173,0.0,22.499
dpa-dp-0.65,1,174,0.0,20.691
dpa-dp-0.65,1,175,0.0,20.691
dpa-dp-0.65,1,176,0.0,19.507
dpa-dp-0.65,1,177,0.0,20.654
dpa-dp-0.65,1,178,0.0,18.203
dpa-dp-0.65,1,179,0.0,18.219
dpa-dp-0.65,1,180,0.0,17.518
dpa-dp-0.65,1,181,0.21,3.3879
dpa-dp-0.65,1,182,0.273,2.8513
dpa-dp-0.65,1,183,0.3135,2.58
dpa-dp-0.65,1,184,0.3165,2.6191
dpa-dp-0.65,1,185,0.337,2.4859
dpa-dp-0.65,1,186,0.35,2.3454
dpa-dp-0.65,1,187,0.325,2.4269
dpa-dp-0.65,1,188,0.3645,2.3075
dpa-dp-0.65,1,189,0.3405,2.357
dpa-dp-0.65,1,190,0.407,2.1456
dpa-dp-0.65,1,191,0.415,2.0939
dpa-dp-0.65,1,192,0.369,2.2796
dpa-dp-0.65,1,193,0.4165,2.1436
dpa-dp-0.65,1,194,0.412,2.1946
dpa-dp-0.65,1,195,0.401,2.177
dpa-dp-0.65,1,196,0.401,2.1247
dpa-dp-0.65,1,197,0.452,1.9674
dpa-dp-0.65,1,198,0.4105,2.1369
dpa-dp-0.65,1,199,0.395,2.2342
dpa-dp-0.65,1,200,0.4325,2.0246
dpa-dp-0.65,2,0,0.047,2.404
dpa-dp-0.65,2,1,0.0,5.4046
dpa-dp-0.65,2,2,0.0,5.7646
dpa-dp-0.65,2,3,0.0,6.1229
dpa-dp-0.65,2,4,0.0,6.5159
dpa-dp-0.65,2,5,0.0,6.4765
dpa-dp-0.65,2,6,0.0,6.2528
dpa-dp-0.65,2,7,0.0,6.8923
dpa-dp-0.65,2,8,0.0,6.5427
dpa-dp-0.65,2,9,0.0,7.2823
dpa-dp-0.65,2,10,0.0,8.0487
dpa-dp-0.65,2,11,0.0,8.0276
dpa-dp-0.65,2,12,0.0,7.9415
dpa-dp-0.65,2,13,0.0,8.759
dpa-dp-0.65,2,14,0.0,8.8409
dpa-dp-0.65,2,15,0.0,8.9691
dpa-dp-0.65,2,16,0.0,8.5152
dpa-dp-0.65,2,17,0.0,8.6378
dpa-dp-0.65,2,18,0.0,8.9675
dpa-dp-0.65,2,19,0.0,8.744
dpa-dp-0.65,2,20,0.0,9.476
dpa-dp-0.65,2,21,0.0,10.156
dpa-dp-0.65,2,22,0.0,9.8351
dpa-dp-0.65,2,23,0.0,10.577
dpa-dp-0.65,2,24,0.0,10.529
dpa-dp-0.65,2,25,0.0,11.263
dpa-dp-0.65,2,26,0.0,11.456
dpa-dp-0.65,2,27,0.0,11.318
dpa-dp-0.65,2,28,0.0,11.886
dpa-dp-0.65,2,29,0.0,13.616
dpa-dp-0.65,2,30,0.0,12.979
dpa-dp-0.65,2,31,0.0,13.225
dpa-dp-0.65,2,32,0.0,14.389
dpa-dp-0.65,2,33,0.0,13.724
dpa-dp-0.65,2,34,0.0,13.823
dpa-dp-0.65,2,35,0.0,14.827
dpa-dp-0.65,2,36,0.0,14.361
dpa-dp-0.65,2,37,0.0,14.99
dpa-dp-0.65,2,38,0.0,13.964
dpa-dp-0.65,2,39,0.0,14.999
dpa-dp-0.65,2,40,0.0,15.062
dpa-dp-0.65,2,41,0.0,16.126
dpa-dp-0.65,2,42,0.0,15.73
dpa-dp-0.65,2,43,0.0,16.441
dpa-dp-0.65,2,44,0.0,16.437
dpa-dp-0.65,2,45,0.0,15.287
dpa-dp-0.65,2,46,0.0,16.095
dpa-dp-0.65,2,47,0.0,15.423
dpa-dp-0.65,2,48,0.0,15.412
dpa-dp-0.65,2,49,0.0,15.37
dpa-dp-0.65,2,50,0.0,15.449
dpa-dp-0.65,2,51,0.0,16.506
dpa-dp-0.65,2,52,0.0,15.304
dpa-dp-0.65,2,53,0.0,16.712
dpa-dp-0.65,2,54,0.0,17.573
dpa-dp-0.65,2,55,0.0,17.688
dpa-dp-0.65,2,56,0.0,17.771
dpa-dp-0.65,2,57,0.0,17.181
dpa-dp-0.65,2,58,0.0,15.803
dpa-dp-0.65,2,59,0.0,16.562
dpa-dp-0.65,2,60,0.0,16.863
dpa-dp-0.65,2,61,0.0,15.83
dpa-dp-0.65,2,62,0.0,17.154
dpa-dp-0.65,2,63,0.0,17.79
dpa-dp-0.65,2,64,0.0,16.267
dpa-dp-0.65,2,65,0.0,16.554
dpa-dp-0.65,2,66,0.0,16.675
dpa-dp-0.65,2,67,0.0,16.42
dpa-dp-0.65,2,68,0.0,16.882
dpa-dp-0.65,2,69,0.0,16.719
dpa-dp-0.65,2,70,0.0,17.875
dpa-dp-0.65,2,71,0.0,19.215
dpa-dp-0.65,2,72,0.0,18.085
dpa-dp-0.65,2,73,0.0,15.548
dpa-dp-0.65,2,74,0.0,15.304
dpa-dp-0.65,2,75,0.0,15.878
dpa-dp-0.65,2,76,0.0,16.117
dpa-dp-0.65,2,77,0.0,15.108
dpa-dp-0.65,2,78,0.0,14.362
dpa-dp-0.65,2,79,0.0,15.196
dpa-dp-0.65,2,80,0.0,15.887
dpa-dp-0.65,2,81,0.0,14.644
dpa-dp-0.65,2,82,0.0,16.756
dpa-dp-0.65,2,83,0.0,16.235
dpa-dp-0.65,2,84,0.0,17.345
dpa-dp-0.65,2,85,0.0,16.685
dpa-dp-0.65,2,86,0.0,17.769
dpa-dp-0.65,2,87,0.0,16.46
dpa-dp-0.65,2,88,0.0,16.509
dpa-dp-0.65,2,89,0.0,15.854
dpa-dp-0.65,2,90,0.0,15.312
dpa-dp-0.65,2,91,0.0,15.011
dpa-dp-0.65,2,92,0.0,15.294
dpa-dp-0.65,2,93,0.0,14.367
dpa-dp-0.65,2,94,0.0,15.738
dpa-dp-0.65,2,95,0.0,16.902
dpa-dp-0.65,2,96,0.0,15.32
dpa-dp-0.65,2,97,0.0,17.244
dpa-dp-0.65,2,98,0.0,16.834
dpa-dp-0.65,2,99,0.0,17.283
dpa-dp-0.65,2,100,0.0,15.706
dpa-dp-0.65,2,101,0.0,15.844
dpa-dp-0.65,2,102,0.0,16.257
dpa-dp-0.65,2,103,0.0,18.506
dpa-dp-0.65,2,104,0.0,17.164
dpa-dp-0.65,2,105,0.0,16.798
dpa-dp-0.65,2,106,0.0,16.12
dpa-dp-0.65,2,107,0.0,16.008
dpa-dp-0.65,2,108,0.0,16.637
dpa-dp-0.65,2,109,0.0,16.759
dpa-dp-0.65,2,110,0.0,19.271
dpa-dp-0.65,2,111,0.0,16.98
dpa-dp-0.65,2,112,0.0,16.521
dpa-dp-0.65,2,113,0.0,17.568
dpa-dp-0.65,2,114,0.0,16.525
dpa-dp-0.65,2,115,0.0,17.18
dpa-dp-0.65,2,116,0.0,15.69
dpa-dp-0.65,2,117,0.0,16.859
dpa-dp-0.65,2,118,0.0,16.433
dpa-dp-0.65,2,119,0.0,18.881
dpa-dp-0.65,2,120,0.0,17.08
dpa-dp-0.65,2,121,0.0,17.133
dpa-dp-0.65,2,122,0.0,17.087
dpa-dp-0.65,2,123,0.0,17.438
dpa-dp-0.65,2,124,0.0,17.571
dpa-dp-0.65,2,125,0.0,18.512
dpa-dp-0.65,2,126,0.0,17.826
dpa-dp-0.65,2,127,0.0,18.138
dpa-dp-0.65,2,128,0.0,17.731
dpa-dp-0.65,2,129,0.0,16.997
dpa-dp-0.65,2,130,0.0,15.96
dpa-dp-0.65,2,131,0.0,17.592
dpa-dp-0.65,2,132,0.0,18.727
dpa-dp-0.65,2,133,0.0,17.691
dpa-dp-0.65,2,134,0.0,17.448
dpa-dp-0.65,2,135,0.0,17.789
dpa-dp-0.65,2,136,0.0,18.131
dpa-dp-0.65,2,137,0.0,16.945
dpa-dp-0.65,2,138,0.0,15.814
dpa-dp-0.65,2,139,0.0,16.923
dpa-dp-0.65,2,140,0.0,17.932
dpa-dp-0.65,2,141,0.0,17.166
dpa-dp-0.65,2,142,0.0,18.116
dpa-dp-0.65,2,143,0.0,19.002
dpa-dp-0.65,2,144,0.0,18.646
dpa-dp-0.65,2,145,0.0,19.061
dpa-dp-0.65,2,146,0.0,17.399
dpa-dp-0.65,2,147,0.0,17.415
dpa-dp-0.65,2,148,0.0,18.472
dpa-dp-0.65,2,149,0.0,18.721
dpa-dp-0.65,2,150,0.0,16.875
dpa-dp-0.65,2,151,0.0,18.126
dpa-dp-0.65,2,152,0.0,20.054
dpa-dp-0.65,2,153,0.0,19.882
dpa-dp-0.65,2,154,0.0,20.573
dpa-dp-0.65,2,155,0.0,18.012
dpa-dp-0.65,2,156,0.0,18.822
dpa-dp-0.65,2,157,0.0,19.69
dpa-dp-0.65,2,158,0.0,19.532
dpa-dp-0.65,2,159,0.0,21.02
dpa-dp-0.65,2,160,0.0,20.902
dpa-dp-0.65,2,161,0.0,18.185
dpa-dp-0.65,2,162,0.0,20.165
dpa-dp-0.65,2,163,0.0,19.133
dpa-dp-0.65,2,164,0.0,18.978
dpa-dp-0.65,2,165,0.0,18.051
dpa-dp-0.65,2,166,0.0,18.25
dpa-dp-0.65,2,167,0.0,17.38
dpa-dp-0.65,2,168,0.0,17.69
dpa-dp-0.65,2,169,0.0,16.368
dpa-dp-0.65,2,170,0.0,18.733
dpa-dp-0.65,2,171,0.0,20.984
dpa-dp-0.65,2,172,0.0,21.462
dpa-dp-0.65,2,173,0.0,18.702
dpa-dp-0.65,2,174,0.0,17.068
dpa-dp-0.65,2,175,0.0,18.647
dpa-dp-0.65,2,176,0.0,19.244
dpa-dp-0.65,2,177,0.0,19.86
dpa-dp-0.65,2,178,0.0,20.632
dpa-dp-0.65,2,179,0.0,20.615
dpa-dp-0.65,2,180,0.0,22.392
dpa-dp-0.65,2,181,0.2635,3.1804
dpa-dp-0.65,2,182,0.271,2.9936
dpa-dp-0.65,2,183,0.322,2.6508
dpa-dp-0.65,2,184,0.362,2.4251
dpa-dp-0.65,2,185,0.3435,2.5721
dpa-dp-0.65,2,186,0.32,2.67
dpa-dp-0.65,2,187,0.3485,2.5211
dpa-dp-0.65,2,188,0.364,2.5096
dpa-dp-0.65,2,189,0.371,2.4675
dpa-dp-0.65,2,190,0.358,2.5097
dpa-dp-0.65,2,191,0.404,2.2178
dpa-dp-0.65,2,192,0.383,2.3967
dpa-dp-0.65,2,193,0.408,2.2558
dpa-dp-0.65,2,194,0.398,2.2942
dpa-dp-0.65,2,195,0.3995,2.2609
dpa-dp-0.65,2,196,0.3925,2.2333
dpa-dp-0.65,2,197,0.4055,2.236
dpa-dp-0.65,2,198,0.432,2.0719
dpa-dp-0.65,2,199,0.4185,2.1692
dpa-dp-0.65,2,200,0.4565,2.0154
dpa-dp-0.65,3,0,0.047,2.404
dpa-dp-0.65,3,1,0.0,4.9545
dpa-dp-0.65,3,2,0.0,5.5313
dpa-dp-0.65,3,3,0.0,5.9699
dpa-dp-0.65,3,4,0.0,6.2138
dpa-dp-0.65,3,5,0.0,6.5974
dpa-dp-0.65,3,6,0.0,6.419
dpa-dp-0.65,3,7,0.0,6.8285
dpa-dp-0.65,3,8,0.0,7.0183
dpa-dp-0.65,3,9,0.0,7.2168
dpa-dp-0.65,3,10,0.0,7.0133
dpa-dp-0.65,3,11,0.0,7.7966
dpa-dp-0.65,3,12,0.0,7.8305
dpa-dp-0.65,3,13,0.0,7.7789
dpa-dp-0.65,3,14,0.0,8.8559
dpa-dp-0.65,3,15,0.0,8.9182
dpa-dp-0.65,3,16,0.0,8.929
dpa-dp-0.65,3,17,0.0,9.1146
dpa-dp-0.65,3,18,0.0,8.8081
dpa-dp-0.65,3,19,0.0,9.2375
dpa-dp-0.65,3,20,0.0,9.4222
dpa-dp-0.65,3,21,0.0,9.1293
dpa-dp-0.65,3,22,0.0,9.2394
dpa-dp-0.65,3,23,0.0,9.5211
dpa-dp-0.65,3,24,0.0,9.5357
dpa-dp-0.65,3,25,0.0,9.4286
dpa-dp-0.65,3,26,0.0,9.9605
dpa-dp-0.65,3,27,0.0,9.6437
dpa-dp-0.65,3,28,0.0,9.6632
dpa-dp-0.65,3,29,0.0,9.7181
dpa-dp-0.65,3,30,0.0,10.1
dpa-dp-0.65,3,31,0.0,10.316
dpa-dp-0.65,3,32,0.0,9.7602
dpa-dp-0.65,3,33,0.0,10.828
dpa-dp-0.65,3,34,0.0,11.982
dpa-dp-0.65,3,35,0.0,11.068
dpa-dp-0.65,3,36,0.0,10.65
dpa-dp-0.65,3,37,0.0,11.904
dpa-dp-0.65,3,38,0.0,11.973
dpa-dp-0.65,3,39,0.0,11.596
dpa-dp-0.65,3,40,0.0,12.39
dpa-dp-0.65,3,41,0.0,12.016
dpa-dp-0.65,3,42,0.0,11.463
dpa-dp-0.65,3,43,0.0,12.155
dpa-dp-0.65,3,44,0.0,12.131
dpa-dp-0.65,3,45,0.0,13.367
dpa-dp-0.65,3,46,0.0,12.491
dpa-dp-0.65,3,47,0.0,11.249
dpa-dp-0.65,3,48,0.0,12.58
dpa-dp-0.65,3,49,0.0,12.444
dpa-dp-0.65,3,50,0.0,13.378
dpa-dp-0.65,3,51,0.0,13.295
dpa-dp-0.65,3,52,0.0,13.025
dpa-dp-0.65,3,53,0.0,13.185
dpa-dp-0.65,3,54,0.0,13.032
dpa-dp-0.65,3,55,0.0,14.061
dpa-dp-0.65,3,56,0.0,15.014
dpa-dp-0.65,3,57,0.0,14.284
dpa-dp-0.65,3,58,0.0,15.372
dpa-dp-0.65,3,59,0.0,13.945
dpa-dp-0.65,3,60,0.0,13.969
dpa-dp-0.65,3,61,0.0,14.379
dpa-dp-0.65,3,62,0.0,16.043
dpa-dp-0.65,3,63,0.0,15.671
dpa-dp-0.65,3,64,0.0,15.638
dpa-dp-0.65,3,65,0.0,16.825
dpa-dp-0.65,3,66,0.0,17.266
dpa-dp-0.65,3,67,0.0,16.001
dpa-dp-0.65,3,68,0.0,15.981
dpa-dp-0.65,3,69,0.0,15.744
dpa-dp-0.65,3,70,0.0,15.689
dpa-dp-0.65,3,71,0.0,14.283
dpa-dp-0.65,3,72,0.0,14.366
dpa-dp-0.65,3,73,0.0,14.606
dpa-dp-0.65,3,74,0.0,15.308
dpa-dp-0.65,3,75,0.0,16.701
dpa-dp-0.65,3,76,0.0,16.874
dpa-dp-0.65,3,77,0.0,18.993
dpa-dp-0.65,3,78,0.0,15.856
dpa-dp-0.65,3,79,0.0,15.266
dpa-dp-0.65,3,80,0.0,14.99
dpa-dp-0.65,3,81,0.0,16.587
dpa-dp-0.65,3,82,0.0,15.777
dpa-dp-0.65,3,83,0.0,14.975
dpa-dp-0.65,3,84,0.0,15.999
dpa-dp-0.65,3,85,0.0,16.033
dpa-dp-0.65,3,86,0.0,17.482
dpa-dp-0.65,3,87,0.0,15.369
dpa-dp-0.65,3,88,0.0,15.284
dpa-dp-0.65,3,89,0.0,15.588
dpa-dp-0.65,3,90,0.0,15.025
dpa-dp-0.65,3,91,0.0,15.134
dpa-dp-0.65,3,92,0.0,16.121
dpa-dp-0.65,3,93,0.0,15.422
dpa-dp-0.65,3,94,0.0,15.758
dpa-dp-0.65,3,95,0.0,15.407
dpa-dp-0.65,3,96,0.0,15.501
dpa-dp-0.65,3,97,0.0,15.602
dpa-dp-0.65,3,98,0.0,16.165
dpa-dp-0.65,3,99,0.0,14.876
dpa-dp-0.65,3,100,0.0,16.008
dpa-dp-0.65,3,101,0.0,15.381
dpa-dp-0.65,3,102,0.0,15.304
dpa-dp-0.65,3,103,0.0,16.455
dpa-dp-0.65,3,104,0.0,13.885
dpa-dp-0.65,3,105,0.0,17.877
dpa-dp-0.65,3,106,0.0,16.289
dpa-dp-0.65,3,107,0.0,17.654
dpa-dp-0.65,3,108,0.0,16.31
dpa-dp-0.65,3,109,0.0,17.826
dpa-dp-0.65,3,110,0.0,20.599
dpa-dp-0.65,3,111,0.0,19.155
dpa-dp-0.65,3,112,0.0,18.32
dpa-dp-0.65,3,113,0.0,18.837
dpa-dp-0.65,3,114,0.0,19.241
dpa-dp-0.65,3,115,0.0,19.312
dpa-dp-0.65,3,116,0.0,17.017
dpa-dp-0.65,3,117,0.0,17.557
dpa-dp-0.65,3,118,0.0,16.418
dpa-dp-0.65,3,119,0.0,17.438
dpa-dp-0.65,3,120,0.0,18.684
dpa-dp-0.65,3,121,0.0,20.567
dpa-dp-0.65,3,122,0.0,19.921
dpa-dp-0.65,3,123,0.0,17.022
dpa-dp-0.65,3,124,0.0,17.95
dpa-dp-0.65,3,125,0.0,18.713
dpa-dp-0.65,3,126,0.0,18.499
dpa-dp-0.65,3,127,0.0,18.489
dpa-dp-0.65,3,128,0.0,18.27
dpa-dp-0.65,3,129,0.0,18.135
dpa-dp-0.65,3,130,0.0,19.177
dpa-dp-0.65,3,131,0.0,18.625
dpa-dp-0.65,3,132,0.0,18.284
dpa-dp-0.65,3,133,0.0,19.457
dpa-dp-0.65,3,134,0.0,20.89
dpa-dp-0.65,3,135,0.0,21.135
dpa-dp-0.65,3,136,0.0,18.848
dpa-dp-0.65,3,137,0.0,19.557
dpa-dp-0.65,3,138,0.0,19.407
dpa-dp-0.65,3,139,0.0,18.748
dpa-dp-0.65,3,140,0.0,17.609
dpa-dp-0.65,3,141,0.0,18.955
dpa-dp-0.65,3,142,0.0,19.819
dpa-dp-0.65,3,143,0.0,18.394
dpa-dp-0.65,3,144,0.0,17.587
dpa-dp-0.65,3,145,0.0,18.378
dpa-dp-0.65,3,146,0.0,18.471
dpa-dp-0.65,3,147,0.0,19.741
dpa-dp-0.65,3,148,0.0,18.012
dpa-dp-0.65,3,149,0.0,19.921
dpa-dp-0.65,3,150,0.0,20.369
dpa-dp-0.65,3,151,0.0,22.207
dpa-dp-0.65,3,152,0.0,19.979
dpa-dp-0.65,3,153,0.0,20.614
dpa-dp-0.65,3,154,0.0,18.081
dpa-dp-0.65,3,155,0.0,18.832
dpa-dp-0.65,3,156,0.0,19.022
dpa-dp-0.65,3,157,0.0,20.665
dpa-dp-0.65,3,158,0.0,19.137
dpa-dp-0.65,3,159,0.0,19.036
dpa-dp-0.65,3,160,0.0,21.495
dpa-dp-0.65,3,161,0.0,21.848
dpa-dp-0.65,3,162,0.0,18.359
dpa-dp-0.65,3,163,0.0,16.579
dpa-dp-0.65,3,164,0.0,17.054
dpa-dp-0.65,3,165,0.0,18.004
dpa-dp-0.65,3,166,0.0,18.399
dpa-dp-0.65,3,167,0.0,17.549
dpa-dp-0.65,3,168,0.0,20.098
dpa-dp-0.65,3,169,0.0,19.678
dpa-dp-0.65,3,170,0.0,18.374
dpa-dp-0.65,3,171,0.0,17.392
dpa-dp-0.65,3,172,0.0,18.668
dpa-dp-0.65,3,173,0.0,18.856
dpa-dp-0.65,3,174,0.0,20.461
dpa-dp-0.65,3,175,0.0,20.36
dpa-dp-0.65,3,176,0.0,19.28
dpa-dp-0.65,3,177,0.0,19.851
dpa-dp-0.65,3,178,0.0,19.608
dpa-dp-0.65,3,179,0.0,18.509
dpa-dp-0.65,3,180,0.0,17.15
dpa-dp-0.65,3,181,0.158,3.6076
dpa-dp-0.65,3,182,0.22,3.09
dpa-dp-0.65,3,183,0.2815,2.6688
dpa-dp-0.65,3,184,0.322,2.5471
dpa-dp-0.65,3,185,0.339,2.4391
dpa-dp-0.65,3,186,0.3805,2.2394
dpa-dp-0.65,3,187,0.3785,2.2518
dpa-dp-0.65,3,188,0.351,2.3863
dpa-dp-0.65,3,189,0.3485,2.3435
dpa-dp-0.65,3,190,0.3665,2.24
dpa-dp-0.65,3,191,0.36,2.2544
dpa-dp-0.65,3,192,0.394,2.1586
dpa-dp-0.65,3,193,0.4095,2.0062
dpa-dp-0.65,3,194,0.38,2.1778
dpa-dp-0.65,3,195,0.395,2.1458
dpa-dp-0.65,3,196,0.3915,2.1712
dpa-dp-0.65,3,197,0.4045,2.1633
dpa-dp-0.65,3,198,0.416,2.1155
dpa-dp-0.65,3,199,0.4395,1.9906
dpa-dp-0.65,3,200,0.3815,2.3036
dpa-dp-0.65,4,0,0.047,2.404
dpa-dp-0.65,4,1,0.0,5.0783
dpa-dp-0.65,4,2,0.0,5.6095
dpa-dp-0.65,4,3,0.0,5.6173
dpa-dp-0.65,4,4,0.0,5.929
dpa-dp-0.65,4,5,0.0,6.1978
dpa-dp-0.65,4,6,0.0,6.2063
dpa-dp-0.65,4,7,0.0,6.5991
dpa-dp-0.65,4,8,0.0,6.6779
dpa-dp-0.65,4,9,0.0,7.6129
dpa-dp-0.65,4,10,0.0,7.5986
dpa-dp-0.65,4,11,0.0,7.9847
dpa-dp-0.65,4,12,0.0,8.0081
dpa-dp-0.65,4,13,0.0,7.9813
dpa-dp-0.65,4,14,0.0,7.7225
dpa-dp-0.65,4,15,0.0,9.0385
dpa-dp-0.65,4,16,0.0,9.0613
dpa-dp-0.65,4,17,0.0,10.277
dpa-dp-0.65,4,18,0.0,10.072
dpa-dp-0.65,4,19,0.0,9.6829
dpa-dp-0.65,4,20,0.0,10.1
dpa-dp-0.65,4,21,0.0,9.0291
dpa-dp-0.65,4,22,0.0,9.7039
dpa-dp-0.65,4,23,0.0,9.4859
dpa-dp-0.65,4,24,0.0,8.9878
dpa-dp-0.65,4,25,0.0,9.4486
dpa-dp-0.65,4,26,0.0,9.7785
dpa-dp-0.65,4,27,0.0,9.2192
dpa-dp-0.65,4,28,0.0,9.0326
dpa-dp-0.65,4,29,0.0,9.2096
dpa-dp-0.65,4,30,0.0,9.809
dpa-dp-0.65,4,31,0.0,10.768
dpa-dp-0.65,4,32,0.0,10.294
dpa-dp-0.65,4,33,0.0,10.454
dpa-dp-0.65,4,34,0.0,10.132
dpa-dp-0.65,4,35,0.0,11.028
dpa-dp-0.65,4,36,0.0,10.41
dpa-dp-0.65,4,37,0.0,10.967
dpa-dp-0.65,4,38,0.0,10.097
dpa-dp-0.65,4,39,0.0,10.39
dpa-dp-0.65,4,40,0.0,9.4706
dpa-dp-0.65,4,41,0.0,10.267
dpa-dp-0.65,4,42,0.0,10.712
dpa-dp-0.65,4,43,0.0,11.324
dpa-dp-0.65,4,44,0.0,11.108
dpa-dp-0.65,4,45,0.0,11.355
dpa-dp-0.65,4,46,0.0,11.578
dpa-dp-0.65,4,47,0.0,11.578
dpa-dp-0.65,4,48,0.0,11.544
dpa-dp-0.65,4,49,0.0,11.261
dpa-dp-0.65,4,50,0.0,10.396
dpa-dp-0.65,4,51,0.0,10.48
dpa-dp-0.65,4,52,0.0,10.45
dpa-dp-0.65,4,53,0.0,11.521
dpa-dp-0.65,4,54,0.0,11.318
dpa-dp-0.65,4,55,0.0,12.413
dpa-dp-0.65,4,56,0.0,14.036
dpa-dp-0.65,4,57,0.0,13.571
dpa-dp-0.65,4,58,0.0,12.321
dpa-dp-0.65,4,59,0.0,12.944
dpa-dp-0.65,4,60,0.0,12.189
dpa-dp-0.65,4,61,0.0,11.822
dpa-dp-0.65,4,62,0.0,10.243
dpa-dp-0.65,4,63,0.0,11.309
dpa-dp-0.65,4,64,0.0,10.009
dpa-dp-0.65,4,65,0.0,10.957
dpa-dp-0.65,4,66,0.0,12.388
dpa-dp-0.65,4,67,0.0,13.311
dpa-dp-0.65,4,68,0.0,13.699
dpa-dp-0.65,4,69,0.0,13.357
dpa-dp-0.65,4,70,0.0,14.639
dpa-dp-0.65,4,71,0.0,12.876
dpa-dp-0.65,4,72,0.0,14.164
dpa-dp-0.65,4,73,0.0,14.98
dpa-dp-0.65,4,74,0.0,14.491
dpa-dp-0.65,4,75,0.0,14.273
dpa-dp-0.65,4,76,0.0,13.411
dpa-dp-0.65,4,77,0.0,15.642
dpa-dp-0.65,4,78,0.0,15.108
dpa-dp-0.65,4,79,0.0,15.5
dpa-dp-0.65,4,80,0.0,15.914
dpa-dp-0.65,4,81,0.0,14.383
dpa-dp-0.65,4,82,0.0,13.088
dpa-dp-0.65,4,83,0.0,13.899
dpa-dp-0.65,4,84,0.0,14.432
dpa-dp-0.65,4,85,0.0,12.677
dpa-dp-0.65,4,86,0.0,14.152
dpa-dp-0.65,4,87,0.0,14.844
dpa-dp-0.65,4,88,0.0,16.682
dpa-dp-0.65,4,89,0.0,16.0
dpa-dp-0.65,4,90,0.0,14.169
dpa-dp-0.65,4,91,0.0,15.519
dpa-dp-0.65,4,92,0.0,14.409
dpa-dp-0.65,4,93,0.0,13.893
dpa-dp-0.65,4,94,0.0,13.083
dpa-dp-0.65,4,95,0.0005,14.792
dpa-dp-0.65,4,96,0.0,14.226
dpa-dp-0.65,4,97,0.0,14.242
dpa-dp-0.65,4,98,0.0,13.744
dpa-dp-0.65,4,99,0.0,14.116
dpa-dp-0.65,4,100,0.0,14.192
dpa-dp-0.65,4,101,0.0,15.618
dpa-dp-0.65,4,102,0.0,14.803
dpa-dp-0.65,4,103,0.0,16.061
dpa-dp-0.65,4,104,0.0,15.443
dpa-dp-0.65,4,105,0.0,15.564
dpa-dp-0.65,4,106,0.0,15.482
dpa-dp-0.65,4,107,0.0,13.415
dpa-dp-0.65,4,108,0.0,13.328
dpa-dp-0.65,4,109,0.0,13.46
dpa-dp-0.65,4,110,0.0,11.709
dpa-dp-0.65,4,111,0.0,15.193
dpa-dp-0.65,4,112,0.0,15.299
dpa-dp-0.65,4,113,0.0,16.567
dpa-dp-0.65,4,114,0.0,16.93
dpa-dp-0.65,4,115,0.0,17.528
dpa-dp-0.65,4,116,0.0,19.146
dpa-dp-0.65,4,117,0.0,18.265
dpa-dp-0.65,4,118,0.0,18.272
dpa-dp-0.65,4,119,0.0,20.235
dpa-dp-0.65,4,120,0.0,18.591
dpa-dp-0.65,4,121,0.0,16.29
dpa-dp-0.65,4,122,0.0,16.45
dpa-dp-0.65,4,123,0.0,15.382
dpa-dp-0.65,4,124,0.0,17.594
dpa-dp-0.65,4,125,0.0,17.28
dpa-dp-0.65,4,126,0.0,17.071
dpa-dp-0.65,4,127,0.0,18.847
dpa-dp-0.65,4,128,0.0,17.193
dpa-dp-0.65,4,129,0.0,18.377
dpa-dp-0.65,4,130,0.0,18.255
dpa-dp-0.65,4,131,0.0,17.554
dpa-dp-0.65,4,132,0.0,17.627
dpa-dp-0.65,4,133,0.0,16.363
dpa-dp-0.65,4,134,0.0,18.667
dpa-dp-0.65,4,135,0.0,17.058
dpa-dp-0.65,4,136,0.0,17.429
dpa-dp-0.65,4,137,0.0,17.428
dpa-dp-0.65,4,138,0.0,19.464
dpa-dp-0.65,4,139,0.0,17.876
dpa-dp-0.65,4,140,0.0,18.041
dpa-dp-0.65,4,141,0.0,18.723
dpa-dp-0.65,4,142,0.0,18.454
dpa-dp-0.65,4,143,0.0,18.245
dpa-dp-0.65,4,144,0.0,17.749
dpa-dp-0.65,4,145,0.0,18.679
dpa-dp-0.65,4,146,0.0,19.907
dpa-dp-0.65,4,147,0.0,19.69
dpa-dp-0.65,4,148,0.0,17.056
dpa-dp-0.65,4,149,0.0,19.369
dpa-dp-0.65,4,150,0.0,20.343
dpa-dp-0.65,4,151,0.0,20.0
dpa-dp-0.65,4,152,0.0,19.626
dpa-dp-0.65,4,153,0.0,18.032
dpa-dp-0.65,4,154,0.0,18.907
dpa-dp-0.65,4,155,0.0,17.484
dpa-dp-0.65,4,156,0.0,17.242
dpa-dp-0.65,4,157,0.0,17.646
dpa-dp-0.65,4,158,0.0,18.103
dpa-dp-0.65,4,159,0.0,16.796
dpa-dp-0.65,4,160,0.0,20.014
dpa-dp-0.65,4,161,0.0,20.439
dpa-dp-0.65,4,162,0.0,20.182
dpa-dp-0.65,4,163,0.0,18.154
dpa-dp-0.65,4,164,0.0,16.606
dpa-dp-0.65,4,165,0.0,17.612
dpa-dp-0.65,4,166,0.0,16.88
dpa-dp-0.65,4,167,0.0,17.803
dpa-dp-0.65,4,168,0.0,19.562
dpa-dp-0.65,4,169,0.0,19.501
dpa-dp-0.65,4,170,0.0,18.829
dpa-dp-0.65,4,171,0.0,17.489
dpa-dp-0.65,4,172,0.0,17.758
dpa-dp-0.65,4,173,0.0,19.967
dpa-dp-0.65,4,174,0.0,20.676
dpa-dp-0.65,4,175,0.0,18.364
dpa-dp-0.65,4,176,0.0,20.467
dpa-dp-0.65,4,177,0.0,19.325
dpa-dp-0.65,4,178,0.0,16.756
dpa-dp-0.65,4,179,0.0,17.369
dpa-dp-0.65,4,180,0.0,20.855
dpa-dp-0.65,4,181,0.1685,3.6375
dpa-dp-0.65,4,182,0.268,2.7264
dpa-dp-0.65,4,183,0.3105,2.4826
dpa-dp-0.65,4,184,0.3255,2.428
dpa-dp-0.65,4,185,0.302,2.5433
dpa-dp-0.65,4,186,0.347,2.3251
dpa-dp-0.65,4,187,0.367,2.2424
dpa-dp-0.65,4,188,0.3945,2.1717
dpa-dp-0.65,4,189,0.366,2.3377
dpa-dp-0.65,4,190,0.388,2.2145
dpa-dp-0.65,4,191,0.3675,2.3226
dpa-dp-0.65,4,192,0.3905,2.1857
dpa-dp-0.65,4,193,0.37,2.3155
dpa-dp-0.65,4,194,0.409,2.056
dpa-dp-0.65,4,195,0.379,2.2728
dpa-dp-0.65,4,196,0.375,2.24
dpa-dp-0.65,4,197,0.407,2.131
dpa-dp-0.65,4,198,0.3935,2.2473
dpa-dp-0.65,4,199,0.358,2.3865
dpa-dp-0.65,4,200,0.4265,2.1028
dpa-dp-0.65,5,0,0.047,2.404
dpa-dp-0.65,5,1,0.0,5.1795
dpa-dp-0.65,5,2,0.0,5.8511
dpa-dp-0.65,5,3,0.0,6.6236
dpa-dp-0.65,5,4,0.0,6.6535
dpa-dp-0.65,5,5,0.0,6.5407
dpa-dp-0.65,5,6,0.0,6.4711
dpa-dp-0.65,5,7,0.0,7.2201
dpa-dp-0.65,5,8,0.0,7.3137
dpa-dp-0.65,5,9,0.0,7.2186
dpa-dp-0.65,5,10,0.0,7.4742
dpa-dp-0.65,5,11,0.0,7.6225
dpa-dp-0.65,5,12,0.0,8.4157
dpa-dp-0.65,5,13,0.0,8.9654
dpa-dp-0.65,5,14,0.0,8.84
dpa-dp-0.65,5,15,0.0,8.5798
dpa-dp-0.65,5,16,0.0,7.6619
dpa-dp-0.65,5,17,0.0,8.0664
dpa-dp-0.65,5,18,0.0,8.8055
dpa-dp-0.65,5,19,0.0,9.2697
dpa-dp-0.65,5,20,0.0,9.4548
dpa-dp-0.65,5,21,0.0,10.009
dpa-dp-0.65,5,22,0.0,9.4005
dpa-dp-0.65,5,23,0.0,9.1267
dpa-dp-0.65,5,24,0.0,9.6421
dpa-dp-0.65,5,25,0.0,9.174
dpa-dp-0.65,5,26,0.0,9.8818
dpa-dp-0.65,5,27,0.0,9.5891
dpa-dp-0.65,5,28,0.0,9.1964
dpa-dp-0.65,5,29,0.0,9.338
dpa-dp-0.65,5,30,0.0,10.003
dpa-dp-0.65,5,31,0.0,9.6388
dpa-dp-0.65,5,32,0.0,10.401
dpa-dp-0.65,5,33,0.0,10.998
dpa-dp-0.65,5,34,0.0,10.853
dpa-dp-0.65,5,35,0.0,10.726
dpa-dp-0.65,5,36,0.0,10.187
dpa-dp-0.65,5,37,0.0,10.626
dpa-dp-0.65,5,38,0.0,11.294
dpa-dp-0.65,5,39,0.0,10.954
dpa-dp-0.65,5,40,0.0,11.054
dpa-dp-0.65,5,41,0.0,10.885
dpa-dp-0.65,5,42,0.0,10.717
dpa-dp-0.65,5,43,0.0,11.233
dpa-dp-0.65,5,44,0.0,11.169
dpa-dp-0.65,5,45,0.0,11.121
dpa-dp-0.65,5,46,0.0,11.774
dpa-dp-0.65,5,47,0.0,11.565
dpa-dp-0.65,5,48,0.0,12.195
dpa-dp-0.65,5,49,0.0,11.863
dpa-dp-0.65,5,50,0.0,11.927
dpa-dp-0.65,5,51,0.0,12.256
dpa-dp-0.65,5,52,0.0,13.048
dpa-dp-0.65,5,53,0.0,11.649
dpa-dp-0.65,5,54,0.0,12.249
dpa-dp-0.65,5,55,0.0,13.525
dpa-dp-0.65,5,56,0.0,12.883
dpa-dp-0.65,5,57,0.0,12.481
dpa-dp-0.65,5,58,0.0,13.489
dpa-dp-0.65,5,59,0.0,11.869
dpa-dp-0.65,5,60,0.0,13.134
dpa-dp-0.65,5,61,0.0,14.179
dpa-dp-0.65,5,62,0.0,13.409
dpa-dp-0.65,5,63,0.0,12.519
dpa-dp-0.65,5,64,0.0,11.851
dpa-dp-0.65,5,65,0.0,12.898
dpa-dp-0.65,5,66,0.0,12.278
dpa-dp-0.65,5,67,0.0,13.8
dpa-dp-0.65,5,68,0.0,14.104
dpa-dp-0.65,5,69,0.0,14.026
dpa-dp-0.65,5,70,0.0,13.44
dpa-dp-0.65,5,71,0.0,14.01
dpa-dp-0.65,5,72,0.0,14.794
dpa-dp-0.65,5,73,0.0,13.444
dpa-dp-0.65,5,74,0.0,13.3
dpa-dp-0.65,5,75,0.0,12.393
dpa-dp-0.65,5,76,0.0,12.709
dpa-dp-0.65,5,77,0.0,13.122
dpa-dp-0.65,5,78,0.0,12.087
dpa-dp-0.65,5,79,0.0,13.426
dpa-dp-0.65,5,80,0.0,13.129
dpa-dp-0.65,5,81,0.0,13.825
dpa-dp-0.65,5,82,0.0,12.746
dpa-dp-0.65,5,83,0.0,13.478
dpa-dp-0.65,5,84,0.0,14.39
dpa-dp-0.65,5,85,0.0,14.767
dpa-dp-0.65,5,86,0.0,14.146
dpa-dp-0.65,5,87,0.0,12.712
dpa-dp-0.65,5,88,0.0,12.858
dpa-dp-0.65,5,89,0.0,12.144
dpa-dp-0.65,5,90,0.0,13.225
dpa-dp-0.65,5,91,0.0,15.031
dpa-dp-0.65,5,92,0.0,14.504
dpa-dp-0.65,5,93,0.0,13.992
dpa-dp-0.65,5,94,0.0,15.765
dpa-dp-0.65,5,95,0.0,16.421
dpa-dp-0.65,5,96,0.0,14.816
dpa-dp-0.65,5,97,0.0,16.42
dpa-dp-0.65,5,98,0.0,16.838
dpa-dp-0.65,5,99,0.0,16.926
dpa-dp-0.65,5,100,0.0,17.345
dpa-dp-0.65,5,101,0.0,15.666
dpa-dp-0.65,5,102,0.0,16.084
dpa-dp-0.65,5,103,0.0,18.088
dpa-dp-0.65,5,104,0.0,18.257
dpa-dp-0.65,5,105,0.0,17.723
dpa-dp-0.65,5,106,0.0,18.178
dpa-dp-0.65,5,107,0.0,16.18
dpa-dp-0.65,5,108,0.0,16.373
dpa-dp-0.65,5,109,0.0,15.824
dpa-dp-0.65,5,110,0.0,16.896
dpa-dp-0.65,5,111,0.0,15.599
dpa-dp-0.65,5,112,0.0,17.034
dpa-dp-0.65,5,113,0.0,17.049
dpa-dp-0.65,5,114,0.0,17.909
dpa-dp-0.65,5,115,0.0,17.684
dpa-dp-0.65,5,116,0.0,18.869
dpa-dp-0.65,5,117,0.0,19.313
dpa-dp-0.65,5,118,0.0,19.514
dpa-dp-0.65,5,119,0.0,17.771
dpa-dp-0.65,5,120,0.0,16.434
dpa-dp-0.65,5,121,0.0,16.748
dpa-dp-0.65,5,122,0.0,17.065
dpa-dp-0.65,5,123,0.0,15.924
dpa-dp-0.65,5,124,0.0,13.925
dpa-dp-0.65,5,125,0.0,16.317
dpa-dp-0.65,5,126,0.0,14.66
dpa-dp-0.65,5,127,0.0,16.463
dpa-dp-0.65,5,128,0.0,16.877
dpa-dp-0.65,5,129,0.0,15.608
dpa-dp-0.65,5,130,0.0,15.63
dpa-dp-0.65,5,131,0.0,15.55
dpa-dp-0.65,5,132,0.0,15.608
dpa-dp-0.65,5,133,0.0,15.818
dpa-dp-0.65,5,134,0.0,16.245
dpa-dp-0.65,5,135,0.0,16.388
dpa-dp-0.65,5,136,0.0,17.037
dpa-dp-0.65,5,137,0.0,16.938
dpa-dp-0.65,5,138,0.0,16.252
dpa-dp-0.65,5,139,0.0,16.874
dpa-dp-0.65,5,140,0.0,15.373
dpa-dp-0.65,5,141,0.0,16.893
dpa-dp-0.65,5,142,0.0,18.417
dpa-dp-0.65,5,143,0.0,18.917
dpa-dp-0.65,5,144,0.0,18.075
dpa-dp-0.65,5,145,0.0,17.118
dpa-dp-0.65,5,146,0.0,20.248
dpa-dp-0.65,5,147,0.0,19.969
dpa-dp-0.65,5,148,0.0,19.444
dpa-dp-0.65,5,149,0.0,21.385
dpa-dp-0.65,5,150,0.0,23.139
dpa-dp-0.65,5,151,0.0,23.256
dpa-dp-0.65,5,152,0.0,20.123
dpa-dp-0.65,5,153,0.0,19.455
dpa-dp-0.65,5,154,0.0,18.798
dpa-dp-0.65,5,155,0.0,19.239
dpa-dp-0.65,5,156,0.0,21.416
dpa-dp-0.65,5,157,0.0,22.355
dpa-dp-0.65,5,158,0.0,20.735
dpa-dp-0.65,5,159,0.0,18.693
dpa-dp-0.65,5,160,0.0,20.146
dpa-dp-0.65,5,161,0.0,20.806
dpa-dp-0.65,5,162,0.0,20.531
dpa-dp-0.65,5,163,0.0,20.388
dpa-dp-0.65,5,164,0.0,20.611
dpa-dp-0.65,5,165,0.0,19.605
dpa-dp-0.65,5,166,0.0,20.458
dpa-dp-0.65,5,167,0.0,20.133
dpa-dp-0.65,5,168,0.0,21.257
dpa-dp-0.65,5,169,0.0,21.574
dpa-dp-0.65,5,170,0.0,23.273
dpa-dp-0.65,5,171,0.0,22.272
dpa-dp-0.65,5,172,0.0,19.947
dpa-dp-0.65,5,173,0.0,21.049
dpa-dp-0.65,5,174,0.0,21.974
dpa-dp-0.65,5,175,0.0,22.333
dpa-dp-0.65,5,176,0.0,19.784
dpa-dp-0.65,5,177,0.0,18.879
dpa-dp-0.65,5,178,0.0,19.086
dpa-dp-0.65,5,179,0.0,20.911
dpa-dp-0.65,5,180,0.0,20.815
dpa-dp-0.65,5,181,0.1805,3.9324
dpa-dp-0.65,5,182,0.2225,3.3847
dpa-dp-0.65,5,183,0.2435,3.1548
dpa-dp-0.65,5,184,0.2995,2.7646
dpa-dp-0.65,5,185,0.285,2.9127
dpa-dp-0.65,5,186,0.3335,2.5836
dpa-dp-0.65,5,187,0.285,2.7949
dpa-dp-0.65,5,188,0.3435,2.4615
dpa-dp-0.65,5,189,0.308,2.7747
dpa-dp-0.65,5,190,0.3555,2.4255
dpa-dp-0.65,5,191,0.307,2.7724
dpa-dp-0.65,5,192,0.3885,2.28
dpa-dp-0.65,5,193,0.347,2.4068
dpa-dp-0.65,5,194,0.3835,2.217
dpa-dp-0.65,5,195,0.3355,2.3826
dpa-dp-0.65,5,196,0.345,2.4331
dpa-dp-0.65,5,197,0.3745,2.2916
dpa-dp-0.65,5,198,0.377,2.3258
dpa-dp-0.65,5,199,0.361,2.4045
dpa-dp-0.65,5,200,0.4105,2.0974
