id,seed,round,accuracy,loss
fixed,0,0,0.103,2.3073
fixed,0,1,0.1925,2.6612
fixed,0,2,0.2454,2.7144
fixed,0,3,0.2555,2.7424
fixed,0,4,0.2779,2.694
fixed,0,5,0.2891,2.6681
fixed,0,6,0.2967,2.7234
fixed,0,7,0.3157,2.7625
fixed,0,8,0.318,2.7779
fixed,0,9,0.3182,2.7739
fixed,0,10,0.34,2.7878
fixed,0,11,0.3404,2.8692
fixed,0,12,0.3561,2.8931
fixed,0,13,0.356,2.8769
fixed,0,14,0.3601,2.8284
fixed,0,15,0.3526,2.8244
fixed,0,16,0.3605,2.7626
fixed,0,17,0.3669,2.8001
fixed,0,18,0.367,2.8548
fixed,0,19,0.3696,2.9472
fixed,0,20,0.3731,2.8876
fixed,0,21,0.3709,2.8985
fixed,0,22,0.3838,2.907
fixed,0,23,0.3826,2.9257
fixed,0,24,0.3917,2.914
fixed,0,25,0.3926,2.9281
fixed,0,26,0.3878,2.9508
fixed,0,27,0.3918,2.9588
fixed,0,28,0.3965,2.9287
fixed,0,29,0.4014,2.9616
fixed,0,30,0.3982,2.9899
fixed,0,31,0.4012,3.1878
fixed,0,32,0.3993,3.0998
fixed,0,33,0.4006,3.1173
fixed,0,34,0.4026,3.1679
fixed,0,35,0.4078,3.1642
fixed,0,36,0.4067,3.198
fixed,0,37,0.4087,3.3143
fixed,0,38,0.4135,3.2488
fixed,0,39,0.4097,3.2999
fixed,0,40,0.4104,3.2753
fixed,0,41,0.4179,3.1034
fixed,0,42,0.4202,3.2265
fixed,0,43,0.4178,3.2508
fixed,0,44,0.4136,3.3384
fixed,0,45,0.4321,3.2791
fixed,0,46,0.421,3.3577
fixed,0,47,0.423,3.4025
fixed,0,48,0.4205,3.4093
fixed,0,49,0.4241,3.4445
fixed,0,50,0.428,3.3626
fixed,0,51,0.4279,3.4819
fixed,0,52,0.4224,3.5082
fixed,0,53,0.425,3.4559
fixed,0,54,0.4312,3.4026
fixed,0,55,0.4291,3.4717
fixed,0,56,0.4305,3.4633
fixed,0,57,0.4198,3.6742
fixed,0,58,0.4359,3.5456
fixed,0,59,0.4367,3.5526
fixed,0,60,0.4439,3.6468
fixed,0,61,0.4448,3.6262
fixed,0,62,0.4343,3.8086
fixed,0,63,0.4449,3.7637
fixed,0,64,0.4496,3.8044
fixed,0,65,0.448,3.8756
fixed,0,66,0.447,3.8948
fixed,0,67,0.452,3.7565
fixed,0,68,0.4478,3.7461
fixed,0,69,0.4554,3.8937
fixed,0,70,0.4424,4.0324
fixed,0,71,0.4508,3.8642
fixed,0,72,0.4567,3.9162
fixed,0,73,0.4507,4.0024
fixed,0,74,0.4551,3.9378
fixed,0,75,0.4594,4.0147
fixed,0,76,0.4588,4.0787
fixed,0,77,0.4546,4.169
fixed,0,78,0.4545,4.0192
fixed,0,79,0.4601,3.8609
fixed,0,80,0.4576,3.7543
fixed,0,81,0.4573,3.717
fixed,0,82,0.4578,3.9461
fixed,0,83,0.4551,4.0211
fixed,0,84,0.4637,3.8791
fixed,0,85,0.462,3.8584
fixed,0,86,0.4645,3.7399
fixed,0,87,0.467,3.9467
fixed,0,88,0.4699,3.8434
fixed,0,89,0.4669,3.8931
fixed,0,90,0.4682,3.9162
fixed,0,91,0.4683,4.1122
fixed,0,92,0.469,4.1608
fixed,0,93,0.464,4.1349
fixed,0,94,0.4663,4.1171
fixed,0,95,0.4719,4.0586
fixed,0,96,0.4699,4.056
fixed,0,97,0.4718,4.0017
fixed,0,98,0.4629,4.0481
fixed,0,99,0.4683,3.9325
fixed,0,100,0.4712,3.9148
fixed,0,101,0.4695,3.8642
fixed,0,102,0.4793,3.7603
fixed,0,103,0.4733,3.9273
fixed,0,104,0.473,3.9441
fixed,0,105,0.4788,4.072
fixed,0,106,0.478,4.0968
fixed,0,107,0.4691,4.1201
fixed,0,108,0.4707,4.0362
fixed,0,109,0.478,4.0885
fixed,0,110,0.4728,4.2161
fixed,0,111,0.4806,4.0785
fixed,0,112,0.4752,3.9947
fixed,0,113,0.4812,3.8883
fixed,0,114,0.4777,3.8792
fixed,0,115,0.4781,4.053
fixed,0,116,0.4765,4.0118
fixed,0,117,0.4707,4.1468
fixed,0,118,0.4761,4.0277
fixed,0,119,0.4778,4.0791
fixed,0,120,0.4687,4.0498
fixed,0,121,0.4745,3.8445
fixed,0,122,0.4807,3.7776
fixed,0,123,0.4801,3.8219
fixed,0,124,0.4793,4.0184
fixed,0,125,0.4845,3.9258
fixed,0,126,0.4802,4.1101
fixed,0,127,0.4864,4.0181
fixed,0,128,0.4827,4.0429
fixed,0,129,0.4872,3.809
fixed,0,130,0.4881,3.8977
fixed,0,131,0.4845,4.0183
fixed,0,132,0.4831,3.9734
fixed,0,133,0.4894,4.0217
fixed,0,134,0.4831,4.0538
fixed,0,135,0.4897,3.9666
fixed,0,136,0.4867,3.7928
fixed,0,137,0.4906,3.8996
fixed,0,138,0.4931,3.7374
fixed,0,139,0.4814,4.0127
fixed,0,140,0.4867,3.7729
fixed,0,141,0.4857,3.8257
fixed,0,142,0.4885,3.8828
fixed,0,143,0.4886,4.0475
fixed,0,144,0.479,4.2794
fixed,0,145,0.4825,4.2536
fixed,0,146,0.4958,4.2319
fixed,0,147,0.4838,4.2529
fixed,0,148,0.4875,4.1609
fixed,0,149,0.4934,4.1094
fixed,0,150,0.485,4.2119
fixed,0,151,0.4951,4.3809
fixed,0,152,0.4976,4.0873
fixed,0,153,0.5013,4.1895
fixed,0,154,0.4972,4.077
fixed,0,155,0.4969,4.0383
fixed,0,156,0.4947,4.1002
fixed,0,157,0.499,4.0586
fixed,0,158,0.4963,4.111
fixed,0,159,0.4949,4.1803
fixed,0,160,0.4981,4.1238
fixed,0,161,0.4972,4.4011
fixed,0,162,0.5006,4.1587
fixed,0,163,0.5021,4.1782
fixed,0,164,0.5032,4.1921
fixed,0,165,0.5001,4.0677
fixed,0,166,0.5016,4.3434
fixed,0,167,0.5039,4.3174
fixed,0,168,0.5015,4.2837
fixed,0,169,0.5025,4.2039
fixed,0,170,0.5062,4.402
fixed,0,171,0.5055,4.402
fixed,0,172,0.5082,4.3994
fixed,0,173,0.5031,4.5433
fixed,0,174,0.5047,4.5941
fixed,0,175,0.5023,4.6336
fixed,0,176,0.5035,4.697
fixed,0,177,0.5095,4.6421
fixed,0,178,0.5054,4.4914
fixed,0,179,0.5093,4.4205
fixed,0,180,0.5049,4.4803
fixed,0,181,0.4874,2.1691
fixed,0,182,0.4961,2.1264
fixed,0,183,0.4964,2.0716
fixed,0,184,0.5037,1.9979
fixed,0,185,0.4964,2.0502
fixed,0,186,0.5051,1.9229
fixed,0,187,0.5112,1.8496
fixed,0,188,0.515,1.8645
fixed,0,189,0.5029,1.9093
fixed,0,190,0.5124,1.913
fixed,0,191,0.5085,1.9689
fixed,0,192,0.5078,2.0158
fixed,0,193,0.5246,1.8898
fixed,0,194,0.5264,1.8972
fixed,0,195,0.5289,1.8709
fixed,0,196,0.5337,1.8439
fixed,0,197,0.5266,1.8907
fixed,0,198,0.529,1.8677
fixed,0,199,0.5288,1.8551
fixed,0,200,0.5251,1.8532
fixed,1,0,0.103,2.3073
fixed,1,1,0.1829,2.6865
fixed,1,2,0.2331,2.6705
fixed,1,3,0.2503,2.6505
fixed,1,4,0.2794,2.6028
fixed,1,5,0.2886,2.7236
fixed,1,6,0.2955,2.7508
fixed,1,7,0.3045,2.7756
fixed,1,8,0.3151,2.866
fixed,1,9,0.3199,2.88
fixed,1,10,0.3225,2.9101
fixed,1,11,0.3283,2.9441
fixed,1,12,0.3472,2.8983
fixed,1,13,0.3423,2.938
fixed,1,14,0.3557,2.917
fixed,1,15,0.3625,2.8968
fixed,1,16,0.3614,2.9091
fixed,1,17,0.367,2.8156
fixed,1,18,0.3678,2.8832
fixed,1,19,0.3695,2.8603
fixed,1,20,0.3722,2.8957
fixed,1,21,0.3718,2.8824
fixed,1,22,0.3667,2.9418
fixed,1,23,0.38,2.964
fixed,1,24,0.3766,2.9379
fixed,1,25,0.3862,2.9573
fixed,1,26,0.3875,2.9682
fixed,1,27,0.3925,2.9684
fixed,1,28,0.3969,3.0536
fixed,1,29,0.4011,3.107
fixed,1,30,0.4036,3.1032
fixed,1,31,0.4004,3.1975
fixed,1,32,0.4014,3.2632
fixed,1,33,0.4031,3.2746
fixed,1,34,0.4041,3.1921
fixed,1,35,0.405,3.1998
fixed,1,36,0.4189,3.1629
fixed,1,37,0.4123,3.3362
fixed,1,38,0.416,3.285
fixed,1,39,0.4174,3.2716
fixed,1,40,0.4175,3.3282
fixed,1,41,0.4271,3.4451
fixed,1,42,0.4261,3.3822
fixed,1,43,0.4306,3.3599
fixed,1,44,0.426,3.3922
fixed,1,45,0.429,3.4836
fixed,1,46,0.4317,3.3283
fixed,1,47,0.4348,3.3357
fixed,1,48,0.4282,3.407
fixed,1,49,0.4399,3.2424
fixed,1,50,0.4425,3.3061
fixed,1,51,0.4402,3.3548
fixed,1,52,0.4382,3.2521
fixed,1,53,0.4357,3.4008
fixed,1,54,0.4394,3.3934
fixed,1,55,0.4392,3.3577
fixed,1,56,0.4426,3.075
fixed,1,57,0.4354,3.2063
fixed,1,58,0.438,3.2699
fixed,1,59,0.4465,3.2485
fixed,1,60,0.445,3.1323
fixed,1,61,0.4545,3.3125
fixed,1,62,0.4556,3.3083
fixed,1,63,0.4484,3.3197
fixed,1,64,0.4434,3.5294
fixed,1,65,0.4523,3.484
fixed,1,66,0.451,3.5902
fixed,1,67,0.452,3.6435
fixed,1,68,0.4561,3.6736
fixed,1,69,0.4512,3.7698
fixed,1,70,0.4477,3.7703
fixed,1,71,0.4522,3.8579
fixed,1,72,0.4532,3.7837
fixed,1,73,0.4577,3.5968
fixed,1,74,0.4581,3.7258
fixed,1,75,0.4597,3.8436
fixed,1,76,0.462,3.8054
fixed,1,77,0.4633,3.6982
fixed,1,78,0.4537,3.9007
fixed,1,79,0.4581,3.8122
fixed,1,80,0.4628,3.7998
fixed,1,81,0.4665,3.6205
fixed,1,82,0.4651,3.6928
fixed,1,83,0.4646,3.8288
fixed,1,84,0.4651,3.7478
fixed,1,85,0.4652,3.7293
fixed,1,86,0.4688,3.8288
fixed,1,87,0.4671,3.9227
fixed,1,88,0.4712,3.946
fixed,1,89,0.4709,3.9449
fixed,1,90,0.4672,4.0252
fixed,1,91,0.4672,4.034
fixed,1,92,0.4684,3.8775
fixed,1,93,0.4732,3.9174
fixed,1,94,0.4724,3.898
fixed,1,95,0.4782,3.843
fixed,1,96,0.4705,3.993
fixed,1,97,0.4734,4.0837
fixed,1,98,0.4807,4.0804
fixed,1,99,0.4791,3.9771
fixed,1,100,0.4808,3.9512
fixed,1,101,0.48,3.9913
fixed,1,102,0.4811,3.9166
fixed,1,103,0.4829,4.0093
fixed,1,104,0.4821,3.9069
fixed,1,105,0.489,3.9423
fixed,1,106,0.4873,3.8945
fixed,1,107,0.4915,4.0543
fixed,1,108,0.4821,4.0607
fixed,1,109,0.4828,4.0666
fixed,1,110,0.4891,3.9882
fixed,1,111,0.4877,4.1002
fixed,1,112,0.4902,3.9501
fixed,1,113,0.4846,4.0905
fixed,1,114,0.4865,4.245
fixed,1,115,0.4886,4.2417
fixed,1,116,0.4836,4.2191
fixed,1,117,0.4901,4.0881
fixed,1,118,0.4829,4.4488
fixed,1,119,0.4859,4.4367
fixed,1,120,0.4883,4.4316
fixed,1,121,0.4848,4.4417
fixed,1,122,0.4921,4.1592
fixed,1,123,0.4895,4.3578
fixed,1,124,0.4894,4.2701
fixed,1,125,0.4896,4.2293
fixed,1,126,0.4937,4.132
fixed,1,127,0.4905,4.0068
fixed,1,128,0.498,3.9345
fixed,1,129,0.4956,4.2055
fixed,1,130,0.4973,4.3173
fixed,1,131,0.4969,4.3812
fixed,1,132,0.4942,4.3754
fixed,1,133,0.499,4.2215
fixed,1,134,0.4968,3.9581
fixed,1,135,0.4979,4.1211
fixed,1,136,0.4939,3.9879
fixed,1,137,0.5025,4.2148
fixed,1,138,0.4949,4.1716
fixed,1,139,0.4972,4.1754
fixed,1,140,0.4981,4.184
fixed,1,141,0.4974,4.1601
fixed,1,142,0.4956,4.1816
fixed,1,143,0.4998,4.3342
fixed,1,144,0.4958,4.4101
fixed,1,145,0.4958,4.3466
fixed,1,146,0.4985,4.193
fixed,1,147,0.4987,4.221
fixed,1,148,0.498,4.2497
fixed,1,149,0.5006,4.3316
fixed,1,150,0.5004,4.2051
fixed,1,151,0.4996,4.1532
fixed,1,152,0.5009,4.1907
fixed,1,153,0.5019,4.239
fixed,1,154,0.5021,4.3615
fixed,1,155,0.5042,4.053
fixed,1,156,0.5034,4.1277
fixed,1,157,0.5042,4.1818
fixed,1,158,0.4968,4.339
fixed,1,159,0.4964,4.3196
fixed,1,160,0.5031,4.5038
fixed,1,161,0.4983,4.5325
fixed,1,162,0.4942,4.3766
fixed,1,163,0.4997,4.4119
fixed,1,164,0.499,4.4589
fixed,1,165,0.4987,4.3078
fixed,1,166,0.4964,4.5666
fixed,1,167,0.4977,4.7058
fixed,1,168,0.4986,4.5589
fixed,1,169,0.4995,4.5021
fixed,1,170,0.5021,4.7353
fixed,1,171,0.4998,4.6271
fixed,1,172,0.5033,4.7492
fixed,1,173,0.5002,4.7563
fixed,1,174,0.5037,4.7881
fixed,1,175,0.5011,4.7346
fixed,1,176,0.4993,4.5612
fixed,1,177,0.4986,4.8439
fixed,1,178,0.5003,4.7421
fixed,1,179,0.4988,4.5897
fixed,1,180,0.4973,4.7859
fixed,1,181,0.489,2.2743
fixed,1,182,0.4965,2.0771
fixed,1,183,0.5007,2.0036
fixed,1,184,0.5121,1.9605
fixed,1,185,0.508,1.9523
fixed,1,186,0.5208,1.8841
fixed,1,187,0.5219,1.8518
fixed,1,188,0.5212,1.8925
fixed,1,189,0.5201,1.8826
fixed,1,190,0.5331,1.8068
fixed,1,191,0.5323,1.8466
fixed,1,192,0.5291,1.8932
fixed,1,193,0.5207,1.9403
fixed,1,194,0.5319,1.9231
fixed,1,195,0.5265,1.9261
fixed,1,196,0.527,1.8502
fixed,1,197,0.5242,1.8748
fixed,1,198,0.5301,1.8523
fixed,1,199,0.5363,1.8066
fixed,1,200,0.5355,1.9138
fixed,2,0,0.103,2.3073
fixed,2,1,0.1968,2.7281
fixed,2,2,0.2255,2.7317
fixed,2,3,0.2392,2.7565
fixed,2,4,0.2678,2.7749
fixed,2,5,0.2881,2.7708
fixed,2,6,0.2844,2.7188
fixed,2,7,0.305,2.7248
fixed,2,8,0.3173,2.7
fixed,2,9,0.327,2.7897
fixed,2,10,0.3236,2.8615
fixed,2,11,0.3343,2.8513
fixed,2,12,0.3442,2.8298
fixed,2,13,0.3424,2.9093
fixed,2,14,0.3605,2.9218
fixed,2,15,0.3667,2.8974
fixed,2,16,0.364,2.8667
fixed,2,17,0.369,2.8632
fixed,2,18,0.3744,2.8735
fixed,2,19,0.3852,2.8884
fixed,2,20,0.3889,2.9237
fixed,2,21,0.379,3.0205
fixed,2,22,0.3859,3.0027
fixed,2,23,0.3914,3.0511
fixed,2,24,0.3884,3.0898
fixed,2,25,0.3995,3.1766
fixed,2,26,0.3999,3.2207
fixed,2,27,0.3985,3.2002
fixed,2,28,0.4048,3.2516
fixed,2,29,0.4037,3.3515
fixed,2,30,0.403,3.3375
fixed,2,31,0.399,3.3619
fixed,2,32,0.4105,3.4645
fixed,2,33,0.4127,3.4136
fixed,2,34,0.4026,3.4715
fixed,2,35,0.4162,3.5419
fixed,2,36,0.4058,3.6438
fixed,2,37,0.4131,3.6266
fixed,2,38,0.4199,3.5404
fixed,2,39,0.416,3.6664
fixed,2,40,0.4183,3.6385
fixed,2,41,0.4108,3.7763
fixed,2,42,0.4239,3.7507
fixed,2,43,0.4234,3.801
fixed,2,44,0.4251,3.8851
fixed,2,45,0.4298,3.794
fixed,2,46,0.4237,3.7984
fixed,2,47,0.4278,3.7337
fixed,2,48,0.4153,3.8229
fixed,2,49,0.4234,3.7761
fixed,2,50,0.4296,3.7369
fixed,2,51,0.4291,3.81
fixed,2,52,0.4329,3.836
fixed,2,53,0.437,3.7618
fixed,2,54,0.4374,3.8502
fixed,2,55,0.4338,3.824
fixed,2,56,0.4429,3.8699
fixed,2,57,0.4379,3.6414
fixed,2,58,0.437,3.5399
fixed,2,59,0.449,3.5717
fixed,2,60,0.4397,3.6016
fixed,2,61,0.4415,3.6206
fixed,2,62,0.4473,3.7685
fixed,2,63,0.4432,3.8463
fixed,2,64,0.4372,3.701
fixed,2,65,0.4439,3.7348
fixed,2,66,0.45,3.6742
fixed,2,67,0.4426,3.7676
fixed,2,68,0.4414,3.7369
fixed,2,69,0.455,3.75
fixed,2,70,0.4515,3.8841
fixed,2,71,0.4365,4.0168
fixed,2,72,0.4502,3.7705
fixed,2,73,0.4543,3.6077
fixed,2,74,0.4502,3.6677
fixed,2,75,0.4604,3.7235
fixed,2,76,0.4506,3.7929
fixed,2,77,0.4525,3.797
fixed,2,78,0.4446,3.9105
fixed,2,79,0.4542,3.8483
fixed,2,80,0.4489,3.8496
fixed,2,81,0.4534,3.7002
fixed,2,82,0.4575,3.8597
fixed,2,83,0.4584,3.911
fixed,2,84,0.4544,4.0881
fixed,2,85,0.456,4.0005
fixed,2,86,0.4582,4.1081
fixed,2,87,0.4565,3.9306
fixed,2,88,0.4603,3.9782
fixed,2,89,0.4538,3.8314
fixed,2,90,0.4488,3.7864
fixed,2,91,0.4678,3.7431
fixed,2,92,0.4552,3.7155
fixed,2,93,0.4622,3.6586
fixed,2,94,0.4579,3.6713
fixed,2,95,0.455,3.8782
fixed,2,96,0.4563,3.8623
fixed,2,97,0.4514,4.0148
fixed,2,98,0.4652,4.0523
fixed,2,99,0.4581,4.1928
fixed,2,100,0.4638,4.1629
fixed,2,101,0.4626,4.1918
fixed,2,102,0.4687,4.0323
fixed,2,103,0.4612,4.2028
fixed,2,104,0.4643,4.2551
fixed,2,105,0.4669,4.0264
fixed,2,106,0.4618,4.0806
fixed,2,107,0.4726,3.9827
fixed,2,108,0.4676,4.066
fixed,2,109,0.4681,4.1067
fixed,2,110,0.4693,4.1319
fixed,2,111,0.4655,4.055
fixed,2,112,0.471,3.8827
fixed,2,113,0.4604,3.9174
fixed,2,114,0.4635,3.7552
fixed,2,115,0.4658,3.719
fixed,2,116,0.4622,3.9146
fixed,2,117,0.4726,3.9869
fixed,2,118,0.4698,4.0488
fixed,2,119,0.4707,4.1799
fixed,2,120,0.4677,4.0618
fixed,2,121,0.4729,3.9942
fixed,2,122,0.4711,4.1136
fixed,2,123,0.468,4.1903
fixed,2,124,0.4736,4.4067
fixed,2,125,0.4716,4.2873
fixed,2,126,0.4728,4.2696
fixed,2,127,0.4776,4.1877
fixed,2,128,0.4769,4.1677
fixed,2,129,0.4765,4.1641
fixed,2,130,0.4802,4.2461
fixed,2,131,0.4821,4.1534
fixed,2,132,0.4794,4.1347
fixed,2,133,0.4735,4.1822
fixed,2,134,0.4773,4.4167
fixed,2,135,0.4754,4.3324
fixed,2,136,0.4793,4.3933
fixed,2,137,0.4774,4.2913
fixed,2,138,0.4631,4.6108
fixed,2,139,0.4737,4.3599
fixed,2,140,0.4762,4.122
fixed,2,141,0.4737,4.1882
fixed,2,142,0.476,4.4041
fixed,2,143,0.4781,4.4899
fixed,2,144,0.4786,4.4183
fixed,2,145,0.4768,4.3924
fixed,2,146,0.4799,4.3426
fixed,2,147,0.4781,4.4333
fixed,2,148,0.4773,4.4426
fixed,2,149,0.4807,4.4784
fixed,2,150,0.484,4.1624
fixed,2,151,0.4752,4.3354
fixed,2,152,0.4709,4.6777
fixed,2,153,0.4818,4.7368
fixed,2,154,0.4751,4.8928
fixed,2,155,0.4835,4.6805
fixed,2,156,0.4828,4.5901
fixed,2,157,0.4834,4.6307
fixed,2,158,0.4797,4.619
fixed,2,159,0.4815,4.6356
fixed,2,160,0.4842,4.6549
fixed,2,161,0.4894,4.3649
fixed,2,162,0.4804,4.6213
fixed,2,163,0.4781,4.6879
fixed,2,164,0.4839,4.4272
fixed,2,165,0.4858,4.2976
fixed,2,166,0.4862,4.4762
fixed,2,167,0.4921,4.2881
fixed,2,168,0.4938,4.3663
fixed,2,169,0.4957,4.418
fixed,2,170,0.4931,4.6198
fixed,2,171,0.487,4.7805
fixed,2,172,0.4943,4.7516
fixed,2,173,0.4895,4.5266
fixed,2,174,0.493,4.5816
fixed,2,175,0.4929,4.6149
fixed,2,176,0.4832,4.5929
fixed,2,177,0.4883,4.5542
fixed,2,178,0.4944,4.6241
fixed,2,179,0.4883,4.7756
fixed,2,180,0.4891,4.8319
fixed,2,181,0.4826,2.2944
fixed,2,182,0.4844,2.2379
fixed,2,183,0.4879,2.1515
fixed,2,184,0.4879,2.1302
fixed,2,185,0.4962,2.0434
fixed,2,186,0.5058,2.0079
fixed,2,187,0.5024,2.0367
fixed,2,188,0.5142,1.9619
fixed,2,189,0.4953,2.1173
fixed,2,190,0.5005,2.0695
fixed,2,191,0.506,2.0404
fixed,2,192,0.5151,1.9403
fixed,2,193,0.51,1.933
fixed,2,194,0.5106,1.9732
fixed,2,195,0.5091,2.011
fixed,2,196,0.5052,2.072
fixed,2,197,0.5179,1.9564
fixed,2,198,0.5131,1.9851
fixed,2,199,0.5044,2.0724
fixed,2,200,0.5161,2.0082
fixed,3,0,0.103,2.3073
fixed,3,1,0.1739,2.668
fixed,3,2,0.2237,2.7101
fixed,3,3,0.2657,2.729
fixed,3,4,0.2863,2.7036
fixed,3,5,0.2984,2.724
fixed,3,6,0.3125,2.6955
fixed,3,7,0.3263,2.7341
fixed,3,8,0.3315,2.7328
fixed,3,9,0.3417,2.763
fixed,3,10,0.3374,2.74
fixed,3,11,0.3491,2.8204
fixed,3,12,0.3602,2.7928
fixed,3,13,0.3549,2.8079
fixed,3,14,0.3614,2.943
fixed,3,15,0.3652,2.9602
fixed,3,16,0.3684,3.0054
fixed,3,17,0.3725,3.0682
fixed,3,18,0.371,3.0133
fixed,3,19,0.3791,3.0163
fixed,3,20,0.3873,3.0442
fixed,3,21,0.3896,3.0617
fixed,3,22,0.3831,3.1121
fixed,3,23,0.3849,3.0548
fixed,3,24,0.3971,2.9746
fixed,3,25,0.3932,2.9551
fixed,3,26,0.3988,2.9888
fixed,3,27,0.4048,3.0725
fixed,3,28,0.4086,3.0527
fixed,3,29,0.4064,3.1356
fixed,3,30,0.4046,3.1933
fixed,3,31,0.4089,3.1796
fixed,3,32,0.4052,3.083
fixed,3,33,0.4075,3.1326
fixed,3,34,0.414,3.2476
fixed,3,35,0.4213,3.2246
fixed,3,36,0.4192,3.1814
fixed,3,37,0.4164,3.3976
fixed,3,38,0.4125,3.388
fixed,3,39,0.428,3.2899
fixed,3,40,0.4255,3.4053
fixed,3,41,0.4201,3.3677
fixed,3,42,0.4273,3.2944
fixed,3,43,0.4297,3.4095
fixed,3,44,0.4316,3.4014
fixed,3,45,0.4268,3.5038
fixed,3,46,0.4289,3.3849
fixed,3,47,0.4306,3.3626
fixed,3,48,0.4366,3.4603
fixed,3,49,0.436,3.4753
fixed,3,50,0.4303,3.5849
fixed,3,51,0.4409,3.5003
fixed,3,52,0.4352,3.5614
fixed,3,53,0.4374,3.5828
fixed,3,54,0.4433,3.5512
fixed,3,55,0.4405,3.6014
fixed,3,56,0.4446,3.6008
fixed,3,57,0.4452,3.6009
fixed,3,58,0.4361,3.8938
fixed,3,59,0.4448,3.6845
fixed,3,60,0.4469,3.6869
fixed,3,61,0.4431,3.7404
fixed,3,62,0.445,3.792
fixed,3,63,0.4473,3.7942
fixed,3,64,0.4461,3.7525
fixed,3,65,0.4551,3.698
fixed,3,66,0.4508,3.8771
fixed,3,67,0.4546,3.8254
fixed,3,68,0.4523,3.8407
fixed,3,69,0.4495,3.8847
fixed,3,70,0.455,3.8138
fixed,3,71,0.46,3.6369
fixed,3,72,0.4606,3.5745
fixed,3,73,0.4556,3.6171
fixed,3,74,0.4612,3.6087
fixed,3,75,0.4607,3.7545
fixed,3,76,0.4551,3.8091
fixed,3,77,0.4633,3.8939
fixed,3,78,0.4596,3.6928
fixed,3,79,0.4592,3.7339
fixed,3,80,0.4637,3.7075
fixed,3,81,0.4614,3.7464
fixed,3,82,0.4655,3.6822
fixed,3,83,0.4637,3.6653
fixed,3,84,0.4643,3.4838
fixed,3,85,0.4573,3.5863
fixed,3,86,0.458,3.6081
fixed,3,87,0.4575,3.5576
fixed,3,88,0.458,3.5563
fixed,3,89,0.4618,3.5739
fixed,3,90,0.4652,3.4906
fixed,3,91,0.4664,3.6754
fixed,3,92,0.4625,3.7937
fixed,3,93,0.4675,3.6917
fixed,3,94,0.4577,3.7731
fixed,3,95,0.4681,3.7318
fixed,3,96,0.4636,3.7712
fixed,3,97,0.465,3.7823
fixed,3,98,0.4637,3.8658
fixed,3,99,0.4614,4.0156
fixed,3,100,0.4651,4.048
fixed,3,101,0.4628,3.9279
fixed,3,102,0.4703,3.758
fixed,3,103,0.4703,3.9714
fixed,3,104,0.4712,3.8351
fixed,3,105,0.4756,4.009
fixed,3,106,0.4809,3.8699
fixed,3,107,0.472,3.8911
fixed,3,108,0.4751,3.7894
fixed,3,109,0.4781,4.0857
fixed,3,110,0.4746,4.343
fixed,3,111,0.4675,4.3408
fixed,3,112,0.4746,4.1333
fixed,3,113,0.4776,4.2431
fixed,3,114,0.4791,4.213
fixed,3,115,0.4794,4.1525
fixed,3,116,0.4806,4.0683
fixed,3,117,0.4774,4.0429
fixed,3,118,0.4723,3.9825
fixed,3,119,0.4831,4.0675
fixed,3,120,0.4774,4.1938
fixed,3,121,0.4766,4.2413
fixed,3,122,0.4791,4.2724
fixed,3,123,0.4782,4.0322
fixed,3,124,0.4757,4.0167
fixed,3,125,0.4761,4.0746
fixed,3,126,0.4809,4.0729
fixed,3,127,0.4805,4.1931
fixed,3,128,0.48,4.2558
fixed,3,129,0.479,4.249
fixed,3,130,0.4792,4.2364
fixed,3,131,0.4799,4.3935
fixed,3,132,0.478,4.344
fixed,3,133,0.4848,4.3951
fixed,3,134,0.4851,4.5633
fixed,3,135,0.4849,4.7099
fixed,3,136,0.4863,4.372
fixed,3,137,0.4881,4.4375
fixed,3,138,0.4886,4.5146
fixed,3,139,0.4925,4.5342
fixed,3,140,0.4935,4.2602
fixed,3,141,0.4865,4.3989
fixed,3,142,0.4817,4.4791
fixed,3,143,0.4838,4.5089
fixed,3,144,0.4921,4.4529
fixed,3,145,0.4926,4.4346
fixed,3,146,0.4937,4.4113
fixed,3,147,0.4935,4.4798
fixed,3,148,0.4892,4.3454
fixed,3,149,0.4945,4.4726
fixed,3,150,0.4939,4.6182
fixed,3,151,0.4907,4.5631
fixed,3,152,0.4875,4.6008
fixed,3,153,0.4874,4.4419
fixed,3,154,0.4919,4.2786
fixed,3,155,0.4931,4.458
fixed,3,156,0.497,4.5161
fixed,3,157,0.4897,4.7718
fixed,3,158,0.4968,4.5769
fixed,3,159,0.4983,4.4479
fixed,3,160,0.4984,4.7003
fixed,3,161,0.4998,4.6207
fixed,3,162,0.4956,4.5723
fixed,3,163,0.4952,4.6758
fixed,3,164,0.4935,4.5527
fixed,3,165,0.4959,4.5541
fixed,3,166,0.4984,4.6129
fixed,3,167,0.5036,4.7004
fixed,3,168,0.4951,5.1123
fixed,3,169,0.501,4.8915
fixed,3,170,0.5009,4.8441
fixed,3,171,0.5006,4.7655
fixed,3,172,0.4975,4.8525
fixed,3,173,0.5014,4.7879
fixed,3,174,0.5048,4.9304
fixed,3,175,0.499,4.9082
fixed,3,176,0.5022,4.6782
fixed,3,177,0.5024,4.6933
fixed,3,178,0.5086,4.9543
fixed,3,179,0.5037,4.7706
fixed,3,180,0.5066,4.8391
fixed,3,181,0.4884,2.2754
fixed,3,182,0.4938,2.1106
fixed,3,183,0.4956,2.0489
fixed,3,184,0.4992,2.0037
fixed,3,185,0.5049,1.9445
fixed,3,186,0.5111,1.8966
fixed,3,187,0.5059,1.9724
fixed,3,188,0.5123,1.9078
fixed,3,189,0.5141,1.8988
fixed,3,190,0.5126,1.8988
fixed,3,191,0.5145,1.8591
fixed,3,192,0.5168,1.9021
fixed,3,193,0.5171,1.847
fixed,3,194,0.5248,1.8593
fixed,3,195,0.5146,1.9085
fixed,3,196,0.5256,1.8325
fixed,3,197,0.5232,1.9077
fixed,3,198,0.5189,1.9387
fixed,3,199,0.5161,1.9344
fixed,3,200,0.521,1.8452
fixed,4,0,0.103,2.3073
fixed,4,1,0.192,2.6852
fixed,4,2,0.227,2.7302
fixed,4,3,0.2512,2.6717
fixed,4,4,0.257,2.6778
fixed,4,5,0.28,2.7024
fixed,4,6,0.2762,2.704
fixed,4,7,0.3025,2.7339
fixed,4,8,0.311,2.7655
fixed,4,9,0.3291,2.848
fixed,4,10,0.3351,2.8645
fixed,4,11,0.3333,2.8645
fixed,4,12,0.3487,2.8978
fixed,4,13,0.3532,2.9445
fixed,4,14,0.3606,2.8913
fixed,4,15,0.3652,3.0078
fixed,4,16,0.3629,2.9759
fixed,4,17,0.3699,3.0867
fixed,4,18,0.3746,3.0854
fixed,4,19,0.3803,3.0166
fixed,4,20,0.3842,3.0665
fixed,4,21,0.3848,2.9996
fixed,4,22,0.391,3.0853
fixed,4,23,0.3948,3.0512
fixed,4,24,0.3934,3.0099
fixed,4,25,0.3939,3.1059
fixed,4,26,0.3917,3.1608
fixed,4,27,0.393,3.0481
fixed,4,28,0.4048,2.9952
fixed,4,29,0.4068,2.929
fixed,4,30,0.4114,2.9306
fixed,4,31,0.4125,3.0544
fixed,4,32,0.4113,3.0047
fixed,4,33,0.4117,3.0881
fixed,4,34,0.4162,3.0952
fixed,4,35,0.4189,3.1311
fixed,4,36,0.4082,3.1891
fixed,4,37,0.4242,3.1388
fixed,4,38,0.4247,3.0983
fixed,4,39,0.4267,3.2202
fixed,4,40,0.4221,3.1801
fixed,4,41,0.425,3.1414
fixed,4,42,0.4315,3.1282
fixed,4,43,0.4315,3.252
fixed,4,44,0.434,3.1418
fixed,4,45,0.4281,3.1826
fixed,4,46,0.4397,3.1765
fixed,4,47,0.4353,3.3056
fixed,4,48,0.4258,3.4252
fixed,4,49,0.4315,3.3737
fixed,4,50,0.4374,3.2041
fixed,4,51,0.4351,3.2136
fixed,4,52,0.4426,3.1819
fixed,4,53,0.4365,3.2613
fixed,4,54,0.4427,3.2875
fixed,4,55,0.4424,3.3512
fixed,4,56,0.4445,3.459
fixed,4,57,0.441,3.6255
fixed,4,58,0.4484,3.4254
fixed,4,59,0.4486,3.4957
fixed,4,60,0.447,3.3906
fixed,4,61,0.4486,3.3059
fixed,4,62,0.4514,3.1909
fixed,4,63,0.4458,3.4439
fixed,4,64,0.4512,3.179
fixed,4,65,0.4382,3.4269
fixed,4,66,0.4537,3.4376
fixed,4,67,0.4474,3.5729
fixed,4,68,0.4449,3.6273
fixed,4,69,0.451,3.6491
fixed,4,70,0.453,3.6678
fixed,4,71,0.4508,3.5008
fixed,4,72,0.4488,3.5156
fixed,4,73,0.4535,3.4988
fixed,4,74,0.4478,3.5135
fixed,4,75,0.4501,3.5064
fixed,4,76,0.4548,3.4461
fixed,4,77,0.4617,3.6938
fixed,4,78,0.4544,3.7202
fixed,4,79,0.4565,3.6513
fixed,4,80,0.4615,3.6656
fixed,4,81,0.4685,3.4779
fixed,4,82,0.4636,3.4179
fixed,4,83,0.4611,3.6308
fixed,4,84,0.4634,3.5959
fixed,4,85,0.464,3.5655
fixed,4,86,0.4706,3.7613
fixed,4,87,0.4624,3.7259
fixed,4,88,0.4733,3.8929
fixed,4,89,0.4664,3.8582
fixed,4,90,0.4741,3.8024
fixed,4,91,0.474,3.9675
fixed,4,92,0.4708,3.9456
fixed,4,93,0.4726,4.0071
fixed,4,94,0.4724,4.0573
fixed,4,95,0.4718,4.1014
fixed,4,96,0.471,4.2992
fixed,4,97,0.4692,4.1468
fixed,4,98,0.4708,3.9917
fixed,4,99,0.4683,3.9201
fixed,4,100,0.4718,3.9285
fixed,4,101,0.4717,4.0783
fixed,4,102,0.4777,3.921
fixed,4,103,0.4793,4.1276
fixed,4,104,0.4727,4.0126
fixed,4,105,0.4742,4.0654
fixed,4,106,0.464,4.2493
fixed,4,107,0.4699,3.9788
fixed,4,108,0.4758,3.9614
fixed,4,109,0.4766,4.0179
fixed,4,110,0.4791,3.923
fixed,4,111,0.473,4.0966
fixed,4,112,0.4754,3.9907
fixed,4,113,0.4763,4.0326
fixed,4,114,0.4754,3.9947
fixed,4,115,0.4766,3.9307
fixed,4,116,0.4753,4.2211
fixed,4,117,0.4748,4.1928
fixed,4,118,0.4783,4.3936
fixed,4,119,0.4745,4.6375
fixed,4,120,0.4738,4.3756
fixed,4,121,0.4807,4.1692
fixed,4,122,0.4794,4.0512
fixed,4,123,0.4755,3.9266
fixed,4,124,0.4734,4.1943
fixed,4,125,0.4781,4.0409
fixed,4,126,0.4755,4.1287
fixed,4,127,0.4803,4.1289
fixed,4,128,0.4798,3.986
fixed,4,129,0.4822,4.1527
fixed,4,130,0.4743,4.1389
fixed,4,131,0.4824,4.2297
fixed,4,132,0.485,4.2319
fixed,4,133,0.487,3.9969
fixed,4,134,0.4857,4.2673
fixed,4,135,0.4822,4.3014
fixed,4,136,0.483,4.2561
fixed,4,137,0.4828,4.1545
fixed,4,138,0.4875,4.295
fixed,4,139,0.4821,4.1908
fixed,4,140,0.4947,4.1521
fixed,4,141,0.4922,4.3143
fixed,4,142,0.4938,4.3479
fixed,4,143,0.4841,4.3789
fixed,4,144,0.4854,4.167
fixed,4,145,0.4862,4.4142
fixed,4,146,0.49,4.4431
fixed,4,147,0.4886,4.3027
fixed,4,148,0.4909,4.204
fixed,4,149,0.4865,4.4088
fixed,4,150,0.5011,4.3857
fixed,4,151,0.4948,4.473
fixed,4,152,0.4952,4.3877
fixed,4,153,0.4971,4.3906
fixed,4,154,0.4979,4.4482
fixed,4,155,0.4942,4.2696
fixed,4,156,0.4957,4.281
fixed,4,157,0.4943,4.204
fixed,4,158,0.4961,4.4846
fixed,4,159,0.4925,4.4491
fixed,4,160,0.4928,4.7817
fixed,4,161,0.4944,4.6522
fixed,4,162,0.4903,4.4888
fixed,4,163,0.494,4.2701
fixed,4,164,0.4926,4.1745
fixed,4,165,0.4986,4.0059
fixed,4,166,0.4986,3.9116
fixed,4,167,0.4984,3.824
fixed,4,168,0.5053,3.8272
fixed,4,169,0.4933,4.0876
fixed,4,170,0.5071,3.9066
fixed,4,171,0.5025,3.9442
fixed,4,172,0.4984,4.0437
fixed,4,173,0.5032,4.019
fixed,4,174,0.4976,4.3047
fixed,4,175,0.5065,3.9402
fixed,4,176,0.5014,4.2415
fixed,4,177,0.5038,4.4511
fixed,4,178,0.5004,4.4634
fixed,4,179,0.5037,4.2723
fixed,4,180,0.5015,4.5295
fixed,4,181,0.4816,2.2371
fixed,4,182,0.497,2.0567
fixed,4,183,0.5156,1.919
fixed,4,184,0.5092,1.937
fixed,4,185,0.5245,1.8386
fixed,4,186,0.5248,1.8564
fixed,4,187,0.5193,1.8651
fixed,4,188,0.5225,1.8728
fixed,4,189,0.5268,1.8445
fixed,4,190,0.519,1.8577
fixed,4,191,0.5351,1.7781
fixed,4,192,0.5321,1.7998
fixed,4,193,0.5359,1.7835
fixed,4,194,0.5373,1.7883
fixed,4,195,0.5335,1.8551
fixed,4,196,0.5373,1.8132
fixed,4,197,0.5411,1.7908
fixed,4,198,0.5375,1.8024
fixed,4,199,0.5314,1.8197
fixed,4,200,0.5309,1.8106
fixed,5,0,0.103,2.3073
fixed,5,1,0.2148,2.7022
fixed,5,2,0.2412,2.7273
fixed,5,3,0.2521,2.8003
fixed,5,4,0.2612,2.7866
fixed,5,5,0.2864,2.7659
fixed,5,6,0.3051,2.7206
fixed,5,7,0.308,2.75
fixed,5,8,0.3207,2.7708
fixed,5,9,0.3238,2.7731
fixed,5,10,0.3297,2.7834
fixed,5,11,0.3375,2.79
fixed,5,12,0.3343,2.8965
fixed,5,13,0.3489,2.9023
fixed,5,14,0.3505,2.9048
fixed,5,15,0.3611,2.8427
fixed,5,16,0.3645,2.7464
fixed,5,17,0.3714,2.7492
fixed,5,18,0.36,2.9321
fixed,5,19,0.3811,2.9209
fixed,5,20,0.3835,2.923
fixed,5,21,0.3783,3.0345
fixed,5,22,0.3803,2.9961
fixed,5,23,0.391,3.0287
fixed,5,24,0.3885,3.0659
fixed,5,25,0.3854,3.0689
fixed,5,26,0.3961,3.1224
fixed,5,27,0.3973,3.1026
fixed,5,28,0.3893,3.1206
fixed,5,29,0.4032,3.0806
fixed,5,30,0.4056,3.0655
fixed,5,31,0.404,3.0246
fixed,5,32,0.4134,3.1184
fixed,5,33,0.4054,3.1742
fixed,5,34,0.4116,3.1185
fixed,5,35,0.4181,3.0835
fixed,5,36,0.4113,3.0068
fixed,5,37,0.4245,3.0757
fixed,5,38,0.4217,3.1256
fixed,5,39,0.4278,3.134
fixed,5,40,0.4289,3.1603
fixed,5,41,0.4262,3.1874
fixed,5,42,0.4255,3.1925
fixed,5,43,0.4267,3.1875
fixed,5,44,0.43,3.2024
fixed,5,45,0.438,3.1588
fixed,5,46,0.4385,3.2712
fixed,5,47,0.4334,3.2406
fixed,5,48,0.4396,3.3267
fixed,5,49,0.4402,3.3037
fixed,5,50,0.4397,3.4378
fixed,5,51,0.4405,3.5384
fixed,5,52,0.4399,3.5825
fixed,5,53,0.4412,3.3869
fixed,5,54,0.4378,3.4258
fixed,5,55,0.4472,3.4704
fixed,5,56,0.4492,3.409
fixed,5,57,0.4464,3.4297
fixed,5,58,0.4534,3.4443
fixed,5,59,0.4533,3.3497
fixed,5,60,0.4524,3.4881
fixed,5,61,0.453,3.5081
fixed,5,62,0.446,3.5285
fixed,5,63,0.4564,3.41
fixed,5,64,0.4567,3.3847
fixed,5,65,0.4557,3.4112
fixed,5,66,0.4536,3.3304
fixed,5,67,0.4521,3.5021
fixed,5,68,0.4618,3.3849
fixed,5,69,0.458,3.3795
fixed,5,70,0.4582,3.3944
fixed,5,71,0.4555,3.5265
fixed,5,72,0.4605,3.595
fixed,5,73,0.4643,3.5693
fixed,5,74,0.4637,3.5778
fixed,5,75,0.4572,3.4777
fixed,5,76,0.4624,3.4912
fixed,5,77,0.4596,3.5923
fixed,5,78,0.461,3.4709
fixed,5,79,0.4654,3.5197
fixed,5,80,0.4647,3.5598
fixed,5,81,0.4601,3.6619
fixed,5,82,0.4647,3.588
fixed,5,83,0.4674,3.5893
fixed,5,84,0.4659,3.6065
fixed,5,85,0.4698,3.7222
fixed,5,86,0.4699,3.7249
fixed,5,87,0.4712,3.5817
fixed,5,88,0.4695,3.5539
fixed,5,89,0.4727,3.5938
fixed,5,90,0.4711,3.6681
fixed,5,91,0.4694,3.8163
fixed,5,92,0.475,3.7673
fixed,5,93,0.4762,3.6483
fixed,5,94,0.4755,3.7115
fixed,5,95,0.4827,3.7998
fixed,5,96,0.4824,3.6206
fixed,5,97,0.4844,3.7043
fixed,5,98,0.4813,3.8683
fixed,5,99,0.4846,3.9288
fixed,5,100,0.4827,4.0259
fixed,5,101,0.4843,4.0245
fixed,5,102,0.4831,3.9539
fixed,5,103,0.4846,3.9917
fixed,5,104,0.4767,4.1305
fixed,5,105,0.4852,4.0462
fixed,5,106,0.4804,4.1217
fixed,5,107,0.4843,4.0328
fixed,5,108,0.4875,3.9229
fixed,5,109,0.4834,3.8983
fixed,5,110,0.4872,3.9672
fixed,5,111,0.4847,3.865
fixed,5,112,0.4901,4.0081
fixed,5,113,0.4877,4.0337
fixed,5,114,0.4811,4.1148
fixed,5,115,0.485,4.036
fixed,5,116,0.4894,4.0854
fixed,5,117,0.4846,4.1258
fixed,5,118,0.4887,4.0374
fixed,5,119,0.4875,3.9852
fixed,5,120,0.4892,3.9161
fixed,5,121,0.4927,3.8766
fixed,5,122,0.4942,3.8439
fixed,5,123,0.4916,3.8001
fixed,5,124,0.4933,3.5205
fixed,5,125,0.4934,3.8049
fixed,5,126,0.4936,3.6617
fixed,5,127,0.496,3.732
fixed,5,128,0.4985,3.7475
fixed,5,129,0.4948,3.7476
fixed,5,130,0.4957,3.6642
fixed,5,131,0.4936,3.9017
fixed,5,132,0.4975,3.7674
fixed,5,133,0.4875,3.6796
fixed,5,134,0.4975,3.7651
fixed,5,135,0.4956,3.835
fixed,5,136,0.4948,3.8917
fixed,5,137,0.4891,3.8977
fixed,5,138,0.4903,3.7083
fixed,5,139,0.5007,3.6642
fixed,5,140,0.4991,3.7261
fixed,5,141,0.498,3.7766
fixed,5,142,0.5054,3.8391
fixed,5,143,0.5016,4.0755
fixed,5,144,0.5035,3.8386
fixed,5,145,0.5032,3.8785
fixed,5,146,0.5028,4.0874
fixed,5,147,0.5058,4.3277
fixed,5,148,0.5067,4.3242
fixed,5,149,0.5074,4.4939
fixed,5,150,0.507,4.452
fixed,5,151,0.5083,4.4376
fixed,5,152,0.5033,4.2954
fixed,5,153,0.5102,4.1018
fixed,5,154,0.5051,3.9262
fixed,5,155,0.504,3.9872
fixed,5,156,0.5059,4.1017
fixed,5,157,0.5078,4.0359
fixed,5,158,0.5061,4.137
fixed,5,159,0.5088,3.9389
fixed,5,160,0.5099,3.9905
fixed,5,161,0.514,4.1169
fixed,5,162,0.5075,4.1991
fixed,5,163,0.5138,4.1132
fixed,5,164,0.5056,4.1509
fixed,5,165,0.5128,4.344
fixed,5,166,0.5084,4.3955
fixed,5,167,0.5105,4.3152
fixed,5,168,0.5082,4.3104
fixed,5,169,0.5104,4.083
fixed,5,170,0.513,4.2156
fixed,5,171,0.5094,4.2106
fixed,5,172,0.5095,4.1905
fixed,5,173,0.5081,4.2736
fixed,5,174,0.508,4.3831
fixed,5,175,0.5161,4.4074
fixed,5,176,0.5126,4.3559
fixed,5,177,0.5143,4.2753
fixed,5,178,0.5232,4.3533
fixed,5,179,0.5194,4.3358
fixed,5,180,0.5201,4.1811
fixed,5,181,0.5227,2.0614
fixed,5,182,0.5222,1.9869
fixed,5,183,0.5226,1.9827
fixed,5,184,0.5274,1.9855
fixed,5,185,0.5357,1.9055
fixed,5,186,0.5275,1.922
fixed,5,187,0.5364,1.8999
fixed,5,188,0.5355,1.9189
fixed,5,189,0.5338,1.9387
fixed,5,190,0.5382,1.8678
fixed,5,191,0.5403,1.9044
fixed,5,192,0.5393,1.9351
fixed,5,193,0.542,1.9217
fixed,5,194,0.5423,1.903
fixed,5,195,0.5436,1.8825
fixed,5,196,0.5463,1.8619
fixed,5,197,0.5439,1.8943
fixed,5,198,0.5394,1.9505
fixed,5,199,0.5442,1.9133
fixed,5,200,0.5462,1.8702
dpa-dp-0.85,0,0,0.103,2.3073
dpa-dp-0.85,0,1,0.1928,2.6581
dpa-dp-0.85,0,2,0.2422,2.7145
dpa-dp-0.85,0,3,0.2507,2.7441
dpa-dp-0.85,0,4,0.2742,2.6924
dpa-dp-0.85,0,5,0.2863,2.6654
dpa-dp-0.85,0,6,0.2952,2.7219
dpa-dp-0.85,0,7,0.3123,2.7603
dpa-dp-0.85,0,8,0.3154,2.7762
dpa-dp-0.85,0,9,0.3155,2.7743
dpa-dp-0.85,0,10,0.3396,2.7856
dpa-dp-0.85,0,11,0.3372,2.8734
dpa-dp-0.85,0,12,0.3541,2.8966
dpa-dp-0.85,0,13,0.3546,2.8798
dpa-dp-0.85,0,14,0.3595,2.83
dpa-dp-0.85,0,15,0.3512,2.8251
dpa-dp-0.85,0,16,0.3588,2.7628
dpa-dp-0.85,0,17,0.3635,2.7992
dpa-dp-0.85,0,18,0.3647,2.8586
dpa-dp-0.85,0,19,0.3675,2.9562
dpa-dp-0.85,0,20,0.3718,2.8898
dpa-dp-0.85,0,21,0.3652,2.9083
dpa-dp-0.85,0,22,0.3813,2.9118
dpa-dp-0.85,0,23,0.3808,2.9318
dpa-dp-0.85,0,24,0.3868,2.9194
dpa-dp-0.85,0,25,0.3907,2.9343
dpa-dp-0.85,0,26,0.3862,2.9607
dpa-dp-0.85,0,27,0.3878,2.9677
dpa-dp-0.85,0,28,0.3943,2.9397
dpa-dp-0.85,0,29,0.3969,2.9739
dpa-dp-0.85,0,30,0.3965,2.9981
dpa-dp-0.85,0,31,0.399,3.2019
dpa-dp-0.85,0,32,0.3959,3.11
dpa-dp-0.85,0,33,0.3966,3.1297
dpa-dp-0.85,0,34,0.4015,3.1834
dpa-dp-0.85,0,35,0.4047,3.1767
dpa-dp-0.85,0,36,0.4044,3.2122
dpa-dp-0.85,0,37,0.4045,3.3302
dpa-dp-0.85,0,38,0.4113,3.2622
dpa-dp-0.85,0,39,0.4081,3.3091
dpa-dp-0.85,0,40,0.4084,3.2983
dpa-dp-0.85,0,41,0.4129,3.115
dpa-dp-0.85,0,42,0.4194,3.2496
dpa-dp-0.85,0,43,0.4154,3.2662
dpa-dp-0.85,0,44,0.4087,3.3615
dpa-dp-0.85,0,45,0.4304,3.3046
dpa-dp-0.85,0,46,0.4181,3.3837
dpa-dp-0.85,0,47,0.4192,3.4306
dpa-dp-0.85,0,48,0.419,3.4434
dpa-dp-0.85,0,49,0.4211,3.474
dpa-dp-0.85,0,50,0.4229,3.3923
dpa-dp-0.85,0,51,0.4226,3.5154
dpa-dp-0.85,0,52,0.419,3.5436
dpa-dp-0.85,0,53,0.4242,3.5017
dpa-dp-0.85,0,54,0.428,3.4513
dpa-dp-0.85,0,55,0.4259,3.5291
dpa-dp-0.85,0,56,0.4256,3.5086
dpa-dp-0.85,0,57,0.4157,3.7257
dpa-dp-0.85,0,58,0.4321,3.6038
dpa-dp-0.85,0,59,0.4334,3.597
dpa-dp-0.85,0,60,0.4419,3.7009
dpa-dp-0.85,0,61,0.4428,3.6651
dpa-dp-0.85,0,62,0.4304,3.8612
dpa-dp-0.85,0,63,0.4414,3.8082
dpa-dp-0.85,0,64,0.4471,3.8495
dpa-dp-0.85,0,65,0.4447,3.9199
dpa-dp-0.85,0,66,0.443,3.9476
dpa-dp-0.85,0,67,0.4494,3.8017
dpa-dp-0.85,0,68,0.4453,3.7851
dpa-dp-0.85,0,69,0.4508,3.9472
dpa-dp-0.85,0,70,0.44,4.0862
dpa-dp-0.85,0,71,0.447,3.9039
dpa-dp-0.85,0,72,0.4526,3.9473
dpa-dp-0.85,0,73,0.4473,4.0483
dpa-dp-0.85,0,74,0.4518,3.9885
dpa-dp-0.85,0,75,0.4562,4.0609
dpa-dp-0.85,0,76,0.4558,4.1179
dpa-dp-0.85,0,77,0.4523,4.2263
dpa-dp-0.85,0,78,0.4495,4.0746
dpa-dp-0.85,0,79,0.4563,3.908
dpa-dp-0.85,0,80,0.4556,3.7897
dpa-dp-0.85,0,81,0.4544,3.751
dpa-dp-0.85,0,82,0.4543,4.0004
dpa-dp-0.85,0,83,0.4528,4.081
dpa-dp-0.85,0,84,0.4598,3.9343
dpa-dp-0.85,0,85,0.4586,3.9215
dpa-dp-0.85,0,86,0.4601,3.7887
dpa-dp-0.85,0,87,0.4636,4.0085
dpa-dp-0.85,0,88,0.4661,3.8927
dpa-dp-0.85,0,89,0.4634,3.9582
dpa-dp-0.85,0,90,0.4647,3.9778
dpa-dp-0.85,0,91,0.4657,4.1869
dpa-dp-0.85,0,92,0.4641,4.2371
dpa-dp-0.85,0,93,0.4626,4.2145
dpa-dp-0.85,0,94,0.4621,4.1865
dpa-dp-0.85,0,95,0.4685,4.1251
dpa-dp-0.85,0,96,0.4655,4.1313
dpa-dp-0.85,0,97,0.4664,4.0674
dpa-dp-0.85,0,98,0.4587,4.1085
dpa-dp-0.85,0,99,0.4658,3.9791
dpa-dp-0.85,0,100,0.4695,3.9479
dpa-dp-0.85,0,101,0.4694,3.9023
dpa-dp-0.85,0,102,0.4755,3.8019
dpa-dp-0.85,0,103,0.4718,3.9852
dpa-dp-0.85,0,104,0.4689,4.0035
dpa-dp-0.85,0,105,0.4763,4.1422
dpa-dp-0.85,0,106,0.4753,4.1479
dpa-dp-0.85,0,107,0.4646,4.1843
dpa-dp-0.85,0,108,0.4672,4.0897
dpa-dp-0.85,0,109,0.4716,4.1421
dpa-dp-0.85,0,110,0.4662,4.2826
dpa-dp-0.85,0,111,0.476,4.1262
dpa-dp-0.85,0,112,0.4709,4.0405
dpa-dp-0.85,0,113,0.4769,3.9149
dpa-dp-0.85,0,114,0.4752,3.9259
dpa-dp-0.85,0,115,0.4741,4.1146
dpa-dp-0.85,0,116,0.4715,4.067
dpa-dp-0.85,0,117,0.4652,4.2072
dpa-dp-0.85,0,118,0.4729,4.0814
dpa-dp-0.85,0,119,0.4749,4.1319
dpa-dp-0.85,0,120,0.4665,4.109
dpa-dp-0.85,0,121,0.4697,3.8854
dpa-dp-0.85,0,122,0.4756,3.8334
dpa-dp-0.85,0,123,0.4735,3.8812
dpa-dp-0.85,0,124,0.4762,4.0944
dpa-dp-0.85,0,125,0.4816,3.9906
dpa-dp-0.85,0,126,0.4745,4.2006
dpa-dp-0.85,0,127,0.482,4.0832
dpa-dp-0.85,0,128,0.4796,4.1118
dpa-dp-0.85,0,129,0.4852,3.8904
dpa-dp-0.85,0,130,0.483,3.9852
dpa-dp-0.85,0,131,0.4795,4.1165
dpa-dp-0.85,0,132,0.4788,4.0517
dpa-dp-0.85,0,133,0.4825,4.1042
dpa-dp-0.85,0,134,0.4772,4.1451
dpa-dp-0.85,0,135,0.4843,4.0525
dpa-dp-0.85,0,136,0.4826,3.8617
dpa-dp-0.85,0,137,0.4873,3.9646
dpa-dp-0.85,0,138,0.4878,3.7982
dpa-dp-0.85,0,139,0.4765,4.0805
dpa-dp-0.85,0,140,0.4856,3.8221
dpa-dp-0.85,0,141,0.4824,3.8758
dpa-dp-0.85,0,142,0.4854,3.937
dpa-dp-0.85,0,143,0.4831,4.1136
dpa-dp-0.85,0,144,0.475,4.3678
dpa-dp-0.85,0,145,0.4791,4.3261
dpa-dp-0.85,0,146,0.4896,4.2896
dpa-dp-0.85,0,147,0.4802,4.3389
dpa-dp-0.85,0,148,0.4833,4.2412
dpa-dp-0.85,0,149,0.4922,4.1868
dpa-dp-0.85,0,150,0.4791,4.3142
dpa-dp-0.85,0,151,0.4899,4.4852
dpa-dp-0.85,0,152,0.4913,4.1773
dpa-dp-0.85,0,153,0.4957,4.2803
dpa-dp-0.85,0,154,0.4926,4.1631
dpa-dp-0.85,0,155,0.4923,4.1064
dpa-dp-0.85,0,156,0.4891,4.1658
dpa-dp-0.85,0,157,0.4923,4.1267
dpa-dp-0.85,0,158,0.4932,4.1667
dpa-dp-0.85,0,159,0.4883,4.2561
dpa-dp-0.85,0,160,0.4957,4.2111
dpa-dp-0.85,0,161,0.4925,4.4931
dpa-dp-0.85,0,162,0.496,4.228
dpa-dp-0.85,0,163,0.4976,4.2422
dpa-dp-0.85,0,164,0.4992,4.2463
dpa-dp-0.85,0,165,0.4963,4.1364
dpa-dp-0.85,0,166,0.4971,4.4302
dpa-dp-0.85,0,167,0.5003,4.4081
dpa-dp-0.85,0,168,0.4949,4.3685
dpa-dp-0.85,0,169,0.4986,4.2777
dpa-dp-0.85,0,170,0.5028,4.499
dpa-dp-0.85,0,171,0.4999,4.4781
dpa-dp-0.85,0,172,0.5026,4.4706
dpa-dp-0.85,0,173,0.4973,4.5992
dpa-dp-0.85,0,174,0.5,4.6831
dpa-dp-0.85,0,175,0.4983,4.7276
dpa-dp-0.85,0,176,0.4988,4.7578
dpa-dp-0.85,0,177,0.504,4.7146
dpa-dp-0.85,0,178,0.5022,4.5632
dpa-dp-0.85,0,179,0.5035,4.4713
dpa-dp-0.85,0,180,0.4971,4.5214
dpa-dp-0.85,0,181,0.4857,2.1427
dpa-dp-0.85,0,182,0.4965,2.0682
dpa-dp-0.85,0,183,0.499,2.0193
dpa-dp-0.85,0,184,0.5092,1.9382
dpa-dp-0.85,0,185,0.5044,1.9643
dpa-dp-0.85,0,186,0.511,1.8769
dpa-dp-0.85,0,187,0.5185,1.8191
dpa-dp-0.85,0,188,0.5192,1.8218
dpa-dp-0.85,0,189,0.5127,1.8474
dpa-dp-0.85,0,190,0.5216,1.8424
dpa-dp-0.85,0,191,0.5212,1.8875
dpa-dp-0.85,0,192,0.5198,1.9154
dpa-dp-0.85,0,193,0.5335,1.8293
dpa-dp-0.85,0,194,0.5353,1.8284
dpa-dp-0.85,0,195,0.5381,1.8132
dpa-dp-0.85,0,196,0.5409,1.785
dpa-dp-0.85,0,197,0.5369,1.8075
dpa-dp-0.85,0,198,0.5385,1.7965
dpa-dp-0.85,0,199,0.5391,1.7943
dpa-dp-0.85,0,200,0.5353,1.7732
dpa-dp-0.85,1,0,0.103,2.3073
dpa-dp-0.85,1,1,0.1821,2.6838
dpa-dp-0.85,1,2,0.2304,2.6676
dpa-dp-0.85,1,3,0.2478,2.6459
dpa-dp-0.85,1,4,0.2782,2.5978
dpa-dp-0.85,1,5,0.2856,2.7224
dpa-dp-0.85,1,6,0.2929,2.7504
dpa-dp-0.85,1,7,0.3008,2.7758
dpa-dp-0.85,1,8,0.3136,2.8695
dpa-dp-0.85,1,9,0.3166,2.8813
dpa-dp-0.85,1,10,0.3193,2.914
dpa-dp-0.85,1,11,0.3239,2.9499
dpa-dp-0.85,1,12,0.3447,2.8991
dpa-dp-0.85,1,13,0.3403,2.9415
dpa-dp-0.85,1,14,0.3535,2.9161
dpa-dp-0.85,1,15,0.36,2.896
dpa-dp-0.85,1,16,0.3598,2.9086
dpa-dp-0.85,1,17,0.3647,2.8133
dpa-dp-0.85,1,18,0.3685,2.8875
dpa-dp-0.85,1,19,0.3675,2.8631
dpa-dp-0.85,1,20,0.3707,2.8973
dpa-dp-0.85,1,21,0.3672,2.8876
dpa-dp-0.85,1,22,0.3624,2.9484
dpa-dp-0.85,1,23,0.3769,2.969
dpa-dp-0.85,1,24,0.3748,2.9434
dpa-dp-0.85,1,25,0.3831,2.969
dpa-dp-0.85,1,26,0.3867,2.9758
dpa-dp-0.85,1,27,0.3906,2.9825
dpa-dp-0.85,1,28,0.3936,3.0677
dpa-dp-0.85,1,29,0.3997,3.1235
dpa-dp-0.85,1,30,0.4024,3.1154
dpa-dp-0.85,1,31,0.3981,3.2137
dpa-dp-0.85,1,32,0.3987,3.2804
dpa-dp-0.85,1,33,0.4006,3.2995
dpa-dp-0.85,1,34,0.4008,3.211
dpa-dp-0.85,1,35,0.4033,3.2253
dpa-dp-0.85,1,36,0.415,3.1823
dpa-dp-0.85,1,37,0.4094,3.3611
dpa-dp-0.85,1,38,0.4136,3.3042
dpa-dp-0.85,1,39,0.4171,3.2833
dpa-dp-0.85,1,40,0.4168,3.3413
dpa-dp-0.85,1,41,0.4247,3.467
dpa-dp-0.85,1,42,0.4226,3.4043
dpa-dp-0.85,1,43,0.4303,3.3838
dpa-dp-0.85,1,44,0.4233,3.4248
dpa-dp-0.85,1,45,0.4262,3.5082
dpa-dp-0.85,1,46,0.4292,3.3487
dpa-dp-0.85,1,47,0.4343,3.3549
dpa-dp-0.85,1,48,0.4287,3.4333
dpa-dp-0.85,1,49,0.438,3.2578
dpa-dp-0.85,1,50,0.4391,3.328
dpa-dp-0.85,1,51,0.4375,3.3826
dpa-dp-0.85,1,52,0.4373,3.2771
dpa-dp-0.85,1,53,0.4307,3.4278
dpa-dp-0.85,1,54,0.4362,3.4281
dpa-dp-0.85,1,55,0.438,3.3844
dpa-dp-0.85,1,56,0.4409,3.0893
dpa-dp-0.85,1,57,0.4329,3.2341
dpa-dp-0.85,1,58,0.4371,3.293
dpa-dp-0.85,1,59,0.4447,3.2796
dpa-dp-0.85,1,60,0.4407,3.1611
dpa-dp-0.85,1,61,0.4503,3.3498
dpa-dp-0.85,1,62,0.4532,3.3396
dpa-dp-0.85,1,63,0.4447,3.3545
dpa-dp-0.85,1,64,0.4393,3.5744
dpa-dp-0.85,1,65,0.4489,3.5337
dpa-dp-0.85,1,66,0.4466,3.6407
dpa-dp-0.85,1,67,0.4467,3.7018
dpa-dp-0.85,1,68,0.4534,3.7157
dpa-dp-0.85,1,69,0.4466,3.8217
dpa-dp-0.85,1,70,0.4432,3.82
dpa-dp-0.85,1,71,0.4482,3.9165
dpa-dp-0.85,1,72,0.4496,3.842
dpa-dp-0.85,1,73,0.4538,3.6511
dpa-dp-0.85,1,74,0.4551,3.7769
dpa-dp-0.85,1,75,0.456,3.9047
dpa-dp-0.85,1,76,0.459,3.8677
dpa-dp-0.85,1,77,0.4598,3.7738
dpa-dp-0.85,1,78,0.449,3.9755
dpa-dp-0.85,1,79,0.4539,3.8689
dpa-dp-0.85,1,80,0.4576,3.8535
dpa-dp-0.85,1,81,0.4619,3.6661
dpa-dp-0.85,1,82,0.4621,3.7324
dpa-dp-0.85,1,83,0.4605,3.8681
dpa-dp-0.85,1,84,0.4625,3.794
dpa-dp-0.85,1,85,0.4622,3.7711
dpa-dp-0.85,1,86,0.4667,3.8774
dpa-dp-0.85,1,87,0.4646,3.9714
dpa-dp-0.85,1,88,0.4683,3.9908
dpa-dp-0.85,1,89,0.4694,3.9811
dpa-dp-0.85,1,90,0.4659,4.0562
dpa-dp-0.85,1,91,0.4644,4.081
dpa-dp-0.85,1,92,0.4657,3.9071
dpa-dp-0.85,1,93,0.4679,3.9643
dpa-dp-0.85,1,94,0.4707,3.9409
dpa-dp-0.85,1,95,0.4752,3.8969
dpa-dp-0.85,1,96,0.4682,4.0499
dpa-dp-0.85,1,97,0.4733,4.1397
dpa-dp-0.85,1,98,0.4755,4.1303
dpa-dp-0.85,1,99,0.4747,4.0059
dpa-dp-0.85,1,100,0.4758,3.9884
dpa-dp-0.85,1,101,0.4762,4.0327
dpa-dp-0.85,1,102,0.4777,3.9526
dpa-dp-0.85,1,103,0.4802,4.0649
dpa-dp-0.85,1,104,0.4771,3.9522
dpa-dp-0.85,1,105,0.4852,3.9888
dpa-dp-0.85,1,106,0.4832,3.9371
dpa-dp-0.85,1,107,0.4876,4.1122
dpa-dp-0.85,1,108,0.4784,4.1154
dpa-dp-0.85,1,109,0.4795,4.1249
dpa-dp-0.85,1,110,0.4853,4.0422
dpa-dp-0.85,1,111,0.4852,4.156
dpa-dp-0.85,1,112,0.4894,4.0065
dpa-dp-0.85,1,113,0.4807,4.1608
dpa-dp-0.85,1,114,0.4829,4.3129
dpa-dp-0.85,1,115,0.4866,4.3194
dpa-dp-0.85,1,116,0.4811,4.285
dpa-dp-0.85,1,117,0.4887,4.1541
dpa-dp-0.85,1,118,0.4796,4.5224
dpa-dp-0.85,1,119,0.4829,4.5042
dpa-dp-0.85,1,120,0.4846,4.4856
dpa-dp-0.85,1,121,0.4804,4.5069
dpa-dp-0.85,1,122,0.4904,4.2253
dpa-dp-0.85,1,123,0.4894,4.4297
dpa-dp-0.85,1,124,0.4855,4.3438
dpa-dp-0.85,1,125,0.4865,4.3175
dpa-dp-0.85,1,126,0.4882,4.2077
dpa-dp-0.85,1,127,0.4852,4.0546
dpa-dp-0.85,1,128,0.4929,4.0087
dpa-dp-0.85,1,129,0.4914,4.2897
dpa-dp-0.85,1,130,0.4951,4.4122
dpa-dp-0.85,1,131,0.4933,4.4834
dpa-dp-0.85,1,132,0.4888,4.4783
dpa-dp-0.85,1,133,0.4965,4.3135
dpa-dp-0.85,1,134,0.4943,4.0286
dpa-dp-0.85,1,135,0.4943,4.2052
dpa-dp-0.85,1,136,0.4895,4.0573
dpa-dp-0.85,1,137,0.4961,4.3086
dpa-dp-0.85,1,138,0.4906,4.2555
dpa-dp-0.85,1,139,0.4931,4.2596
dpa-dp-0.85,1,140,0.4929,4.251
dpa-dp-0.85,1,141,0.4898,4.2341
dpa-dp-0.85,1,142,0.4921,4.2489
dpa-dp-0.85,1,143,0.4961,4.3916
dpa-dp-0.85,1,144,0.4926,4.4715
dpa-dp-0.85,1,145,0.4929,4.4006
dpa-dp-0.85,1,146,0.4905,4.2507
dpa-dp-0.85,1,147,0.4911,4.2677
dpa-dp-0.85,1,148,0.495,4.3062
dpa-dp-0.85,1,149,0.492,4.3961
dpa-dp-0.85,1,150,0.4929,4.2556
dpa-dp-0.85,1,151,0.4965,4.2254
dpa-dp-0.85,1,152,0.4933,4.2506
dpa-dp-0.85,1,153,0.4949,4.319
dpa-dp-0.85,1,154,0.4965,4.4464
dpa-dp-0.85,1,155,0.5012,4.1319
dpa-dp-0.85,1,156,0.499,4.2209
dpa-dp-0.85,1,157,0.501,4.2738
dpa-dp-0.85,1,158,0.4916,4.4051
dpa-dp-0.85,1,159,0.4896,4.3843
dpa-dp-0.85,1,160,0.4974,4.5631
dpa-dp-0.85,1,161,0.4934,4.5985
dpa-dp-0.85,1,162,0.4897,4.4306
dpa-dp-0.85,1,163,0.4959,4.4693
dpa-dp-0.85,1,164,0.4958,4.5234
dpa-dp-0.85,1,165,0.4949,4.4019
dpa-dp-0.85,1,166,0.4933,4.672
dpa-dp-0.85,1,167,0.4925,4.808
dpa-dp-0.85,1,168,0.4926,4.6293
dpa-dp-0.85,1,169,0.4964,4.5716
dpa-dp-0.85,1,170,0.4978,4.8038
dpa-dp-0.85,1,171,0.4974,4.7186
dpa-dp-0.85,1,172,0.4984,4.843
dpa-dp-0.85,1,173,0.4954,4.8631
dpa-dp-0.85,1,174,0.4989,4.8733
dpa-dp-0.85,1,175,0.4971,4.8367
dpa-dp-0.85,1,176,0.495,4.6592
dpa-dp-0.85,1,177,0.4951,4.9291
dpa-dp-0.85,1,178,0.4973,4.8261
dpa-dp-0.85,1,179,0.4941,4.6544
dpa-dp-0.85,1,180,0.4932,4.8744
dpa-dp-0.85,1,181,0.488,2.2538
dpa-dp-0.85,1,182,0.4963,2.0637
dpa-dp-0.85,1,183,0.5016,1.9891
dpa-dp-0.85,1,184,0.5148,1.9346
dpa-dp-0.85,1,185,0.5164,1.9181
dpa-dp-0.85,1,186,0.5245,1.8592
dpa-dp-0.85,1,187,0.5232,1.8251
dpa-dp-0.85,1,188,0.5276,1.8396
dpa-dp-0.85,1,189,0.5284,1.8281
dpa-dp-0.85,1,190,0.5385,1.7857
dpa-dp-0.85,1,191,0.5401,1.7985
dpa-dp-0.85,1,192,0.5371,1.8289
dpa-dp-0.85,1,193,0.5309,1.8567
dpa-dp-0.85,1,194,0.5384,1.8522
dpa-dp-0.85,1,195,0.5387,1.8339
dpa-dp-0.85,1,196,0.5383,1.7806
dpa-dp-0.85,1,197,0.5369,1.8052
dpa-dp-0.85,1,198,0.5425,1.787
dpa-dp-0.85,1,199,0.5439,1.7614
dpa-dp-0.85,1,200,0.5428,1.8293
dpa-dp-0.85,2,0,0.103,2.3073
dpa-dp-0.85,2,1,0.1939,2.7275
dpa-dp-0.85,2,2,0.2227,2.7316
dpa-dp-0.85,2,3,0.2367,2.7574
dpa-dp-0.85,2,4,0.2678,2.7748
dpa-dp-0.85,2,5,0.2854,2.7673
dpa-dp-0.85,2,6,0.2819,2.713
dpa-dp-0.85,2,7,0.3024,2.7232
dpa-dp-0.85,2,8,0.3149,2.696
dpa-dp-0.85,2,9,0.3257,2.7885
dpa-dp-0.85,2,10,0.32,2.8672
dpa-dp-0.85,2,11,0.3326,2.8543
dpa-dp-0.85,2,12,0.3432,2.8321
dpa-dp-0.85,2,13,0.3413,2.9158
dpa-dp-0.85,2,14,0.3589,2.9301
dpa-dp-0.85,2,15,0.364,2.9055
dpa-dp-0.85,2,16,0.3633,2.8706
dpa-dp-0.85,2,17,0.3678,2.8694
dpa-dp-0.85,2,18,0.3716,2.882
dpa-dp-0.85,2,19,0.3828,2.8971
dpa-dp-0.85,2,20,0.3875,2.936
dpa-dp-0.85,2,21,0.3752,3.039
dpa-dp-0.85,2,22,0.3834,3.0182
dpa-dp-0.85,2,23,0.3888,3.0682
dpa-dp-0.85,2,24,0.3842,3.1073
dpa-dp-0.85,2,25,0.3998,3.1967
dpa-dp-0.85,2,26,0.3967,3.2429
dpa-dp-0.85,2,27,0.3973,3.2185
dpa-dp-0.85,2,28,0.402,3.2716
dpa-dp-0.85,2,29,0.402,3.3837
dpa-dp-0.85,2,30,0.4006,3.3628
dpa-dp-0.85,2,31,0.395,3.395
dpa-dp-0.85,2,32,0.4076,3.4996
dpa-dp-0.85,2,33,0.4099,3.4483
dpa-dp-0.85,2,34,0.4004,3.5094
dpa-dp-0.85,2,35,0.4101,3.5788
dpa-dp-0.85,2,36,0.4029,3.6808
dpa-dp-0.85,2,37,0.4093,3.666
dpa-dp-0.85,2,38,0.418,3.5682
dpa-dp-0.85,2,39,0.4149,3.6997
dpa-dp-0.85,2,40,0.415,3.6731
dpa-dp-0.85,2,41,0.4068,3.8303
dpa-dp-0.85,2,42,0.4227,3.7931
dpa-dp-0.85,2,43,0.4196,3.8486
dpa-dp-0.85,2,44,0.4228,3.9326
dpa-dp-0.85,2,45,0.4267,3.834
dpa-dp-0.85,2,46,0.4211,3.8517
dpa-dp-0.85,2,47,0.4249,3.7746
dpa-dp-0.85,2,48,0.4119,3.869
dpa-dp-0.85,2,49,0.42,3.8191
dpa-dp-0.85,2,50,0.4279,3.7735
dpa-dp-0.85,2,51,0.4255,3.8464
dpa-dp-0.85,2,52,0.4306,3.8759
dpa-dp-0.85,2,53,0.4359,3.8052
dpa-dp-0.85,2,54,0.4337,3.903
dpa-dp-0.85,2,55,0.4311,3.8783
dpa-dp-0.85,2,56,0.4385,3.9266
dpa-dp-0.85,2,57,0.4334,3.6917
dpa-dp-0.85,2,58,0.4344,3.5872
dpa-dp-0.85,2,59,0.4458,3.6201
dpa-dp-0.85,2,60,0.4354,3.6566
dpa-dp-0.85,2,61,0.4391,3.6593
dpa-dp-0.85,2,62,0.4448,3.8217
dpa-dp-0.85,2,63,0.4409,3.902
dpa-dp-0.85,2,64,0.4314,3.7626
dpa-dp-0.85,2,65,0.44,3.7822
dpa-dp-0.85,2,66,0.4455,3.7195
dpa-dp-0.85,2,67,0.4374,3.8203
dpa-dp-0.85,2,68,0.4353,3.8021
dpa-dp-0.85,2,69,0.4514,3.8054
dpa-dp-0.85,2,70,0.4492,3.951
dpa-dp-0.85,2,71,0.4332,4.1028
dpa-dp-0.85,2,72,0.4455,3.8515
dpa-dp-0.85,2,73,0.451,3.6702
dpa-dp-0.85,2,74,0.4445,3.7352
dpa-dp-0.85,2,75,0.457,3.7815
dpa-dp-0.85,2,76,0.4475,3.8524
dpa-dp-0.85,2,77,0.4493,3.8399
dpa-dp-0.85,2,78,0.4411,3.9614
dpa-dp-0.85,2,79,0.4509,3.8971
dpa-dp-0.85,2,80,0.445,3.9049
dpa-dp-0.85,2,81,0.4502,3.7481
dpa-dp-0.85,2,82,0.4533,3.9193
dpa-dp-0.85,2,83,0.4529,3.9833
dpa-dp-0.85,2,84,0.4527,4.1518
dpa-dp-0.85,2,85,0.4541,4.049
dpa-dp-0.85,2,86,0.4514,4.1596
dpa-dp-0.85,2,87,0.454,3.9781
dpa-dp-0.85,2,88,0.4575,4.0173
dpa-dp-0.85,2,89,0.4493,3.8669
dpa-dp-0.85,2,90,0.446,3.8365
dpa-dp-0.85,2,91,0.4652,3.7725
dpa-dp-0.85,2,92,0.4494,3.7538
dpa-dp-0.85,2,93,0.4572,3.6991
dpa-dp-0.85,2,94,0.4527,3.7257
dpa-dp-0.85,2,95,0.4514,3.9374
dpa-dp-0.85,2,96,0.4536,3.9134
dpa-dp-0.85,2,97,0.4485,4.0821
dpa-dp-0.85,2,98,0.4595,4.1127
dpa-dp-0.85,2,99,0.4526,4.2585
dpa-dp-0.85,2,100,0.4623,4.2076
dpa-dp-0.85,2,101,0.4603,4.2461
dpa-dp-0.85,2,102,0.4642,4.0744
dpa-dp-0.85,2,103,0.4586,4.2769
dpa-dp-0.85,2,104,0.4601,4.2984
dpa-dp-0.85,2,105,0.4626,4.0651
dpa-dp-0.85,2,106,0.4583,4.1226
dpa-dp-0.85,2,107,0.4697,4.0092
dpa-dp-0.85,2,108,0.4674,4.0939
dpa-dp-0.85,2,109,0.4644,4.1407
dpa-dp-0.85,2,110,0.466,4.18
dpa-dp-0.85,2,111,0.4609,4.0942
dpa-dp-0.85,2,112,0.4688,3.9031
dpa-dp-0.85,2,113,0.4532,3.968
dpa-dp-0.85,2,114,0.46,3.7886
dpa-dp-0.85,2,115,0.4619,3.7635
dpa-dp-0.85,2,116,0.4552,3.9516
dpa-dp-0.85,2,117,0.4677,4.0339
dpa-dp-0.85,2,118,0.4662,4.0954
dpa-dp-0.85,2,119,0.4662,4.2505
dpa-dp-0.85,2,120,0.4635,4.1376
dpa-dp-0.85,2,121,0.4686,4.0636
dpa-dp-0.85,2,122,0.4654,4.1896
dpa-dp-0.85,2,123,0.4637,4.2711
dpa-dp-0.85,2,124,0.4692,4.4719
dpa-dp-0.85,2,125,0.4679,4.3615
dpa-dp-0.85,2,126,0.4701,4.3362
dpa-dp-0.85,2,127,0.4724,4.2597
dpa-dp-0.85,2,128,0.4725,4.2392
dpa-dp-0.85,2,129,0.4724,4.2464
dpa-dp-0.85,2,130,0.4769,4.3106
dpa-dp-0.85,2,131,0.4742,4.2167
dpa-dp-0.85,2,132,0.473,4.1997
dpa-dp-0.85,2,133,0.4695,4.2432
dpa-dp-0.85,2,134,0.4722,4.4857
dpa-dp-0.85,2,135,0.4726,4.408
dpa-dp-0.85,2,136,0.475,4.4428
dpa-dp-0.85,2,137,0.4725,4.3472
dpa-dp-0.85,2,138,0.4567,4.6721
dpa-dp-0.85,2,139,0.4667,4.4344
dpa-dp-0.85,2,140,0.472,4.1779
dpa-dp-0.85,2,141,0.4675,4.2591
dpa-dp-0.85,2,142,0.4723,4.4637
dpa-dp-0.85,2,143,0.472,4.5856
dpa-dp-0.85,2,144,0.4725,4.4936
dpa-dp-0.85,2,145,0.4702,4.465
dpa-dp-0.85,2,146,0.4753,4.4266
dpa-dp-0.85,2,147,0.471,4.5249
dpa-dp-0.85,2,148,0.4705,4.5373
dpa-dp-0.85,2,149,0.4764,4.5683
dpa-dp-0.85,2,150,0.4796,4.2366
dpa-dp-0.85,2,151,0.4707,4.4333
dpa-dp-0.85,2,152,0.4664,4.8098
dpa-dp-0.85,2,153,0.4785,4.8589
dpa-dp-0.85,2,154,0.4699,5.0098
dpa-dp-0.85,2,155,0.4786,4.7885
dpa-dp-0.85,2,156,0.4778,4.693
dpa-dp-0.85,2,157,0.4762,4.7172
dpa-dp-0.85,2,158,0.4706,4.7417
dpa-dp-0.85,2,159,0.4743,4.753
dpa-dp-0.85,2,160,0.4768,4.7781
dpa-dp-0.85,2,161,0.4844,4.4479
dpa-dp-0.85,2,162,0.4723,4.7214
dpa-dp-0.85,2,163,0.4731,4.7788
dpa-dp-0.85,2,164,0.4789,4.5224
dpa-dp-0.85,2,165,0.48,4.3853
dpa-dp-0.85,2,166,0.4798,4.5407
dpa-dp-0.85,2,167,0.4825,4.3734
dpa-dp-0.85,2,168,0.4853,4.4382
dpa-dp-0.85,2,169,0.4909,4.474
dpa-dp-0.85,2,170,0.4886,4.6727
dpa-dp-0.85,2,171,0.4772,4.881
dpa-dp-0.85,2,172,0.4894,4.8406
dpa-dp-0.85,2,173,0.4815,4.6048
dpa-dp-0.85,2,174,0.4889,4.6523
dpa-dp-0.85,2,175,0.4867,4.6961
dpa-dp-0.85,2,176,0.4753,4.6724
dpa-dp-0.85,2,177,0.4839,4.6355
dpa-dp-0.85,2,178,0.49,4.7142
dpa-dp-0.85,2,179,0.485,4.8644
dpa-dp-0.85,2,180,0.4853,4.9123
dpa-dp-0.85,2,181,0.4895,2.2298
dpa-dp-0.85,2,182,0.4911,2.168
dpa-dp-0.85,2,183,0.4949,2.0698
dpa-dp-0.85,2,184,0.4971,2.0329
dpa-dp-0.85,2,185,0.5061,1.9717
dpa-dp-0.85,2,186,0.516,1.9426
dpa-dp-0.85,2,187,0.5153,1.9605
dpa-dp-0.85,2,188,0.5223,1.8981
dpa-dp-0.85,2,189,0.5119,1.9845
dpa-dp-0.85,2,190,0.5137,1.9486
dpa-dp-0.85,2,191,0.52,1.9327
dpa-dp-0.85,2,192,0.5287,1.8642
dpa-dp-0.85,2,193,0.5206,1.868
dpa-dp-0.85,2,194,0.5254,1.8929
dpa-dp-0.85,2,195,0.5236,1.9035
dpa-dp-0.85,2,196,0.5241,1.9329
dpa-dp-0.85,2,197,0.5291,1.856
dpa-dp-0.85,2,198,0.5273,1.8754
dpa-dp-0.85,2,199,0.5243,1.9605
dpa-dp-0.85,2,200,0.5288,1.9144
dpa-dp-0.85,3,0,0.103,2.3073
dpa-dp-0.85,3,1,0.1697,2.6661
dpa-dp-0.85,3,2,0.2197,2.7101
dpa-dp-0.85,3,3,0.263,2.7286
dpa-dp-0.85,3,4,0.2837,2.7032
dpa-dp-0.85,3,5,0.2968,2.7222
dpa-dp-0.85,3,6,0.3107,2.6907
dpa-dp-0.85,3,7,0.3254,2.7319
dpa-dp-0.85,3,8,0.33,2.7295
dpa-dp-0.85,3,9,0.3396,2.7587
dpa-dp-0.85,3,10,0.3345,2.7375
dpa-dp-0.85,3,11,0.3474,2.8201
dpa-dp-0.85,3,12,0.3591,2.791
dpa-dp-0.85,3,13,0.3535,2.8064
dpa-dp-0.85,3,14,0.3592,2.9484
dpa-dp-0.85,3,15,0.3627,2.9664
dpa-dp-0.85,3,16,0.3656,3.0086
dpa-dp-0.85,3,17,0.3712,3.0711
dpa-dp-0.85,3,18,0.3697,3.0158
dpa-dp-0.85,3,19,0.379,3.0175
dpa-dp-0.85,3,20,0.3853,3.0494
dpa-dp-0.85,3,21,0.3875,3.0639
dpa-dp-0.85,3,22,0.3819,3.1154
dpa-dp-0.85,3,23,0.3814,3.0603
dpa-dp-0.85,3,24,0.3935,2.9841
dpa-dp-0.85,3,25,0.3907,2.9708
dpa-dp-0.85,3,26,0.3967,2.9985
dpa-dp-0.85,3,27,0.3996,3.0821
dpa-dp-0.85,3,28,0.4062,3.0602
dpa-dp-0.85,3,29,0.4017,3.1442
dpa-dp-0.85,3,30,0.4032,3.2057
dpa-dp-0.85,3,31,0.4056,3.1895
dpa-dp-0.85,3,32,0.4037,3.0947
dpa-dp-0.85,3,33,0.4048,3.1517
dpa-dp-0.85,3,34,0.4106,3.2732
dpa-dp-0.85,3,35,0.4169,3.243
dpa-dp-0.85,3,36,0.4156,3.1959
dpa-dp-0.85,3,37,0.4126,3.421
dpa-dp-0.85,3,38,0.4086,3.4138
dpa-dp-0.85,3,39,0.4232,3.3145
dpa-dp-0.85,3,40,0.4225,3.4289
dpa-dp-0.85,3,41,0.4184,3.3942
dpa-dp-0.85,3,42,0.4245,3.3104
dpa-dp-0.85,3,43,0.4266,3.4322
dpa-dp-0.85,3,44,0.4271,3.4283
dpa-dp-0.85,3,45,0.4249,3.5334
dpa-dp-0.85,3,46,0.4288,3.4059
dpa-dp-0.85,3,47,0.429,3.3802
dpa-dp-0.85,3,48,0.4348,3.4844
dpa-dp-0.85,3,49,0.4345,3.4962
dpa-dp-0.85,3,50,0.4302,3.6184
dpa-dp-0.85,3,51,0.44,3.5302
dpa-dp-0.85,3,52,0.4321,3.5909
dpa-dp-0.85,3,53,0.4345,3.6214
dpa-dp-0.85,3,54,0.441,3.5763
dpa-dp-0.85,3,55,0.437,3.6389
dpa-dp-0.85,3,56,0.4425,3.6417
dpa-dp-0.85,3,57,0.4444,3.6404
dpa-dp-0.85,3,58,0.4308,3.9349
dpa-dp-0.85,3,59,0.4421,3.721
dpa-dp-0.85,3,60,0.4425,3.7238
dpa-dp-0.85,3,61,0.4419,3.7817
dpa-dp-0.85,3,62,0.4413,3.8358
dpa-dp-0.85,3,63,0.4461,3.8343
dpa-dp-0.85,3,64,0.4419,3.8085
dpa-dp-0.85,3,65,0.4519,3.7557
dpa-dp-0.85,3,66,0.4476,3.9303
dpa-dp-0.85,3,67,0.452,3.8768
dpa-dp-0.85,3,68,0.4505,3.8962
dpa-dp-0.85,3,69,0.4474,3.939
dpa-dp-0.85,3,70,0.4522,3.8574
dpa-dp-0.85,3,71,0.4566,3.678
dpa-dp-0.85,3,72,0.4576,3.6077
dpa-dp-0.85,3,73,0.4517,3.6677
dpa-dp-0.85,3,74,0.4557,3.6559
dpa-dp-0.85,3,75,0.4555,3.8071
dpa-dp-0.85,3,76,0.4513,3.8712
dpa-dp-0.85,3,77,0.4599,3.9534
dpa-dp-0.85,3,78,0.4581,3.7374
dpa-dp-0.85,3,79,0.4549,3.7706
dpa-dp-0.85,3,80,0.4612,3.7388
dpa-dp-0.85,3,81,0.4595,3.8006
dpa-dp-0.85,3,82,0.4638,3.7353
dpa-dp-0.85,3,83,0.4606,3.7043
dpa-dp-0.85,3,84,0.462,3.5323
dpa-dp-0.85,3,85,0.4534,3.6333
dpa-dp-0.85,3,86,0.4537,3.6597
dpa-dp-0.85,3,87,0.4536,3.604
dpa-dp-0.85,3,88,0.4539,3.6076
dpa-dp-0.85,3,89,0.4563,3.6298
dpa-dp-0.85,3,90,0.4608,3.5361
dpa-dp-0.85,3,91,0.4619,3.7269
dpa-dp-0.85,3,92,0.4594,3.8406
dpa-dp-0.85,3,93,0.4639,3.7346
dpa-dp-0.85,3,94,0.4558,3.82
dpa-dp-0.85,3,95,0.4638,3.775
dpa-dp-0.85,3,96,0.4614,3.8141
dpa-dp-0.85,3,97,0.4616,3.8289
dpa-dp-0.85,3,98,0.4585,3.9104
dpa-dp-0.85,3,99,0.4589,4.063
dpa-dp-0.85,3,100,0.4621,4.095
dpa-dp-0.85,3,101,0.4585,3.9692
dpa-dp-0.85,3,102,0.4676,3.8048
dpa-dp-0.85,3,103,0.4645,4.04
dpa-dp-0.85,3,104,0.4658,3.8779
dpa-dp-0.85,3,105,0.4698,4.0731
dpa-dp-0.85,3,106,0.478,3.9242
dpa-dp-0.85,3,107,0.468,3.9567
dpa-dp-0.85,3,108,0.4704,3.8542
dpa-dp-0.85,3,109,0.4728,4.1596
dpa-dp-0.85,3,110,0.4715,4.4183
dpa-dp-0.85,3,111,0.4619,4.4356
dpa-dp-0.85,3,112,0.4693,4.2058
dpa-dp-0.85,3,113,0.4717,4.3317
dpa-dp-0.85,3,114,0.4753,4.3026
dpa-dp-0.85,3,115,0.4767,4.2431
dpa-dp-0.85,3,116,0.4734,4.1573
dpa-dp-0.85,3,117,0.4712,4.1283
dpa-dp-0.85,3,118,0.4681,4.0443
dpa-dp-0.85,3,119,0.4788,4.1367
dpa-dp-0.85,3,120,0.4732,4.2599
dpa-dp-0.85,3,121,0.4707,4.3114
dpa-dp-0.85,3,122,0.4735,4.3294
dpa-dp-0.85,3,123,0.4737,4.0873
dpa-dp-0.85,3,124,0.4728,4.066
dpa-dp-0.85,3,125,0.4738,4.118
dpa-dp-0.85,3,126,0.4762,4.1211
dpa-dp-0.85,3,127,0.4765,4.2547
dpa-dp-0.85,3,128,0.4739,4.3056
dpa-dp-0.85,3,129,0.4753,4.298
dpa-dp-0.85,3,130,0.4749,4.3113
dpa-dp-0.85,3,131,0.4751,4.4722
dpa-dp-0.85,3,132,0.4727,4.4084
dpa-dp-0.85,3,133,0.4795,4.4566
dpa-dp-0.85,3,134,0.4812,4.6447
dpa-dp-0.85,3,135,0.4758,4.7916
dpa-dp-0.85,3,136,0.4808,4.4172
dpa-dp-0.85,3,137,0.4816,4.485
dpa-dp-0.85,3,138,0.4834,4.5917
dpa-dp-0.85,3,139,0.4887,4.5891
dpa-dp-0.85,3,140,0.4894,4.3136
dpa-dp-0.85,3,141,0.4808,4.4591
dpa-dp-0.85,3,142,0.4757,4.5376
dpa-dp-0.85,3,143,0.479,4.5734
dpa-dp-0.85,3,144,0.4883,4.5145
dpa-dp-0.85,3,145,0.4891,4.4991
dpa-dp-0.85,3,146,0.4894,4.4654
dpa-dp-0.85,3,147,0.4889,4.5411
dpa-dp-0.85,3,148,0.4861,4.417
dpa-dp-0.85,3,149,0.4901,4.5339
dpa-dp-0.85,3,150,0.489,4.7003
dpa-dp-0.85,3,151,0.4873,4.632
dpa-dp-0.85,3,152,0.4868,4.6702
dpa-dp-0.85,3,153,0.4824,4.5254
dpa-dp-0.85,3,154,0.4877,4.3516
dpa-dp-0.85,3,155,0.4886,4.5073
dpa-dp-0.85,3,156,0.4955,4.5593
dpa-dp-0.85,3,157,0.4875,4.8308
dpa-dp-0.85,3,158,0.4911,4.6349
dpa-dp-0.85,3,159,0.4942,4.502
dpa-dp-0.85,3,160,0.4913,4.7704
dpa-dp-0.85,3,161,0.4944,4.6953
dpa-dp-0.85,3,162,0.491,4.6536
dpa-dp-0.85,3,163,0.4913,4.7528
dpa-dp-0.85,3,164,0.4905,4.6301
dpa-dp-0.85,3,165,0.4891,4.6433
dpa-dp-0.85,3,166,0.4922,4.6964
dpa-dp-0.85,3,167,0.4974,4.7718
dpa-dp-0.85,3,168,0.4899,5.1782
dpa-dp-0.85,3,169,0.4961,4.969
dpa-dp-0.85,3,170,0.4948,4.9184
dpa-dp-0.85,3,171,0.4985,4.8254
dpa-dp-0.85,3,172,0.4941,4.945
dpa-dp-0.85,3,173,0.4974,4.8492
dpa-dp-0.85,3,174,0.4999,5.009
dpa-dp-0.85,3,175,0.4955,4.9941
dpa-dp-0.85,3,176,0.4982,4.7425
dpa-dp-0.85,3,177,0.497,4.766
dpa-dp-0.85,3,178,0.5007,5.04
dpa-dp-0.85,3,179,0.4966,4.8727
dpa-dp-0.85,3,180,0.501,4.9335
dpa-dp-0.85,3,181,0.4892,2.2547
dpa-dp-0.85,3,182,0.495,2.094
dpa-dp-0.85,3,183,0.5007,2.0133
dpa-dp-0.85,3,184,0.5023,1.9703
dpa-dp-0.85,3,185,0.5076,1.9286
dpa-dp-0.85,3,186,0.5181,1.8904
dpa-dp-0.85,3,187,0.5137,1.9296
dpa-dp-0.85,3,188,0.5184,1.8787
dpa-dp-0.85,3,189,0.5209,1.8577
dpa-dp-0.85,3,190,0.5224,1.8561
dpa-dp-0.85,3,191,0.5232,1.8178
dpa-dp-0.85,3,192,0.5287,1.8371
dpa-dp-0.85,3,193,0.5274,1.7929
dpa-dp-0.85,3,194,0.5297,1.8142
dpa-dp-0.85,3,195,0.5257,1.8311
dpa-dp-0.85,3,196,0.5323,1.7896
dpa-dp-0.85,3,197,0.5315,1.8304
dpa-dp-0.85,3,198,0.5299,1.8411
dpa-dp-0.85,3,199,0.5256,1.8465
dpa-dp-0.85,3,200,0.5317,1.7871
dpa-dp-0.85,4,0,0.103,2.3073
dpa-dp-0.85,4,1,0.1909,2.6833
dpa-dp-0.85,4,2,0.2254,2.7283
dpa-dp-0.85,4,3,0.2493,2.6693
dpa-dp-0.85,4,4,0.2543,2.6766
dpa-dp-0.85,4,5,0.2775,2.7008
dpa-dp-0.85,4,6,0.2724,2.701
dpa-dp-0.85,4,7,0.2989,2.7322
dpa-dp-0.85,4,8,0.3065,2.7639
dpa-dp-0.85,4,9,0.3256,2.8485
dpa-dp-0.85,4,10,0.3314,2.8649
dpa-dp-0.85,4,11,0.329,2.8667
dpa-dp-0.85,4,12,0.346,2.8987
dpa-dp-0.85,4,13,0.353,2.9437
dpa-dp-0.85,4,14,0.359,2.8894
dpa-dp-0.85,4,15,0.3638,3.0093
dpa-dp-0.85,4,16,0.3608,2.9796
dpa-dp-0.85,4,17,0.3674,3.0959
dpa-dp-0.85,4,18,0.3725,3.0985
dpa-dp-0.85,4,19,0.3803,3.0254
dpa-dp-0.85,4,20,0.382,3.0765
dpa-dp-0.85,4,21,0.383,3.0016
dpa-dp-0.85,4,22,0.3884,3.0961
dpa-dp-0.85,4,23,0.3934,3.0542
dpa-dp-0.85,4,24,0.3891,3.0154
dpa-dp-0.85,4,25,0.3934,3.1126
dpa-dp-0.85,4,26,0.3895,3.1714
dpa-dp-0.85,4,27,0.3895,3.0598
dpa-dp-0.85,4,28,0.4035,2.9985
dpa-dp-0.85,4,29,0.4038,2.9311
dpa-dp-0.85,4,30,0.4087,2.9348
dpa-dp-0.85,4,31,0.4108,3.0695
dpa-dp-0.85,4,32,0.4087,3.0132
dpa-dp-0.85,4,33,0.4098,3.0989
dpa-dp-0.85,4,34,0.4144,3.1011
dpa-dp-0.85,4,35,0.4161,3.1399
dpa-dp-0.85,4,36,0.405,3.201
dpa-dp-0.85,4,37,0.4202,3.1531
dpa-dp-0.85,4,38,0.4202,3.1072
dpa-dp-0.85,4,39,0.4245,3.231
dpa-dp-0.85,4,40,0.4187,3.1927
dpa-dp-0.85,4,41,0.4202,3.157
dpa-dp-0.85,4,42,0.4283,3.138
dpa-dp-0.85,4,43,0.4289,3.2693
dpa-dp-0.85,4,44,0.4326,3.1576
dpa-dp-0.85,4,45,0.4245,3.2113
dpa-dp-0.85,4,46,0.4366,3.1995
dpa-dp-0.85,4,47,0.4316,3.3337
dpa-dp-0.85,4,48,0.4226,3.4557
dpa-dp-0.85,4,49,0.4279,3.397
dpa-dp-0.85,4,50,0.4344,3.2256
dpa-dp-0.85,4,51,0.4327,3.2348
dpa-dp-0.85,4,52,0.44,3.1937
dpa-dp-0.85,4,53,0.4343,3.28
dpa-dp-0.85,4,54,0.4402,3.3071
dpa-dp-0.85,4,55,0.4385,3.3847
dpa-dp-0.85,4,56,0.4419,3.5099
dpa-dp-0.85,4,57,0.4376,3.6662
dpa-dp-0.85,4,58,0.4461,3.4559
dpa-dp-0.85,4,59,0.446,3.5265
dpa-dp-0.85,4,60,0.445,3.4225
dpa-dp-0.85,4,61,0.4461,3.3251
dpa-dp-0.85,4,62,0.4489,3.2043
dpa-dp-0.85,4,63,0.4442,3.4802
dpa-dp-0.85,4,64,0.4474,3.1985
dpa-dp-0.85,4,65,0.4346,3.4739
dpa-dp-0.85,4,66,0.4506,3.4824
dpa-dp-0.85,4,67,0.4441,3.6193
dpa-dp-0.85,4,68,0.4422,3.6844
dpa-dp-0.85,4,69,0.4445,3.6984
dpa-dp-0.85,4,70,0.452,3.7246
dpa-dp-0.85,4,71,0.4451,3.5438
dpa-dp-0.85,4,72,0.4451,3.5711
dpa-dp-0.85,4,73,0.4504,3.5566
dpa-dp-0.85,4,74,0.4454,3.5641
dpa-dp-0.85,4,75,0.4466,3.5574
dpa-dp-0.85,4,76,0.4515,3.4986
dpa-dp-0.85,4,77,0.458,3.7606
dpa-dp-0.85,4,78,0.4527,3.7834
dpa-dp-0.85,4,79,0.4531,3.7188
dpa-dp-0.85,4,80,0.4587,3.7286
dpa-dp-0.85,4,81,0.4643,3.5302
dpa-dp-0.85,4,82,0.4592,3.4523
dpa-dp-0.85,4,83,0.4573,3.681
dpa-dp-0.85,4,84,0.4576,3.6597
dpa-dp-0.85,4,85,0.4605,3.6168
dpa-dp-0.85,4,86,0.4669,3.8198
dpa-dp-0.85,4,87,0.4574,3.7827
dpa-dp-0.85,4,88,0.4695,3.965
dpa-dp-0.85,4,89,0.462,3.9296
dpa-dp-0.85,4,90,0.4713,3.8639
dpa-dp-0.85,4,91,0.4727,4.0297
dpa-dp-0.85,4,92,0.47,4.0057
dpa-dp-0.85,4,93,0.4679,4.0617
dpa-dp-0.85,4,94,0.4666,4.1054
dpa-dp-0.85,4,95,0.4693,4.1614
dpa-dp-0.85,4,96,0.4654,4.3836
dpa-dp-0.85,4,97,0.4628,4.2179
dpa-dp-0.85,4,98,0.4691,4.0334
dpa-dp-0.85,4,99,0.4635,3.9709
dpa-dp-0.85,4,100,0.4668,3.9841
dpa-dp-0.85,4,101,0.4669,4.14
dpa-dp-0.85,4,102,0.4716,3.9778
dpa-dp-0.85,4,103,0.4756,4.1884
dpa-dp-0.85,4,104,0.4685,4.0679
dpa-dp-0.85,4,105,0.4691,4.139
dpa-dp-0.85,4,106,0.4599,4.3296
dpa-dp-0.85,4,107,0.4668,4.0357
dpa-dp-0.85,4,108,0.4715,4.0111
dpa-dp-0.85,4,109,0.4724,4.0699
dpa-dp-0.85,4,110,0.4749,3.9803
dpa-dp-0.85,4,111,0.4663,4.1747
dpa-dp-0.85,4,112,0.4699,4.0606
dpa-dp-0.85,4,113,0.4728,4.0959
dpa-dp-0.85,4,114,0.471,4.0714
dpa-dp-0.85,4,115,0.4736,4.0098
dpa-dp-0.85,4,116,0.471,4.2973
dpa-dp-0.85,4,117,0.4699,4.2611
dpa-dp-0.85,4,118,0.4727,4.491
dpa-dp-0.85,4,119,0.47,4.7274
dpa-dp-0.85,4,120,0.4697,4.4464
dpa-dp-0.85,4,121,0.4772,4.2439
dpa-dp-0.85,4,122,0.4766,4.1076
dpa-dp-0.85,4,123,0.4709,3.9765
dpa-dp-0.85,4,124,0.4688,4.2822
dpa-dp-0.85,4,125,0.4741,4.1305
dpa-dp-0.85,4,126,0.4706,4.1922
dpa-dp-0.85,4,127,0.4767,4.2166
dpa-dp-0.85,4,128,0.4764,4.0524
dpa-dp-0.85,4,129,0.478,4.2495
dpa-dp-0.85,4,130,0.4707,4.2182
dpa-dp-0.85,4,131,0.4802,4.2926
dpa-dp-0.85,4,132,0.4842,4.2998
dpa-dp-0.85,4,133,0.4845,4.0628
dpa-dp-0.85,4,134,0.4842,4.3404
dpa-dp-0.85,4,135,0.4781,4.3943
dpa-dp-0.85,4,136,0.4822,4.3301
dpa-dp-0.85,4,137,0.4811,4.2272
dpa-dp-0.85,4,138,0.4828,4.3641
dpa-dp-0.85,4,139,0.4806,4.2733
dpa-dp-0.85,4,140,0.4908,4.2205
dpa-dp-0.85,4,141,0.4907,4.3782
dpa-dp-0.85,4,142,0.4911,4.4301
dpa-dp-0.85,4,143,0.4827,4.457
dpa-dp-0.85,4,144,0.4832,4.2353
dpa-dp-0.85,4,145,0.4842,4.4937
dpa-dp-0.85,4,146,0.4864,4.5356
dpa-dp-0.85,4,147,0.4874,4.3631
dpa-dp-0.85,4,148,0.4882,4.2525
dpa-dp-0.85,4,149,0.483,4.4626
dpa-dp-0.85,4,150,0.4912,4.429
dpa-dp-0.85,4,151,0.4875,4.5199
dpa-dp-0.85,4,152,0.4916,4.421
dpa-dp-0.85,4,153,0.4917,4.4376
dpa-dp-0.85,4,154,0.4951,4.4966
dpa-dp-0.85,4,155,0.49,4.3167
dpa-dp-0.85,4,156,0.4918,4.3053
dpa-dp-0.85,4,157,0.4868,4.2405
dpa-dp-0.85,4,158,0.4902,4.5314
dpa-dp-0.85,4,159,0.4916,4.4849
dpa-dp-0.85,4,160,0.4875,4.8373
dpa-dp-0.85,4,161,0.4934,4.7182
dpa-dp-0.85,4,162,0.4866,4.5489
dpa-dp-0.85,4,163,0.492,4.3451
dpa-dp-0.85,4,164,0.4889,4.2214
dpa-dp-0.85,4,165,0.4973,4.0266
dpa-dp-0.85,4,166,0.4986,3.9638
dpa-dp-0.85,4,167,0.4947,3.8615
dpa-dp-0.85,4,168,0.5017,3.8848
dpa-dp-0.85,4,169,0.4869,4.1596
dpa-dp-0.85,4,170,0.5031,3.9414
dpa-dp-0.85,4,171,0.4969,4.0109
dpa-dp-0.85,4,172,0.4951,4.105
dpa-dp-0.85,4,173,0.4977,4.0682
dpa-dp-0.85,4,174,0.4948,4.367
dpa-dp-0.85,4,175,0.5017,3.967
dpa-dp-0.85,4,176,0.4958,4.3361
dpa-dp-0.85,4,177,0.4992,4.5228
dpa-dp-0.85,4,178,0.4971,4.5411
dpa-dp-0.85,4,179,0.5009,4.3522
dpa-dp-0.85,4,180,0.498,4.6214
dpa-dp-0.85,4,181,0.483,2.1942
dpa-dp-0.85,4,182,0.5021,2.0063
dpa-dp-0.85,4,183,0.5143,1.8916
dpa-dp-0.85,4,184,0.5151,1.8836
dpa-dp-0.85,4,185,0.5264,1.8085
dpa-dp-0.85,4,186,0.5274,1.8097
dpa-dp-0.85,4,187,0.5259,1.8204
dpa-dp-0.85,4,188,0.5294,1.8157
dpa-dp-0.85,4,189,0.5369,1.8023
dpa-dp-0.85,4,190,0.5319,1.7948
dpa-dp-0.85,4,191,0.5419,1.7452
dpa-dp-0.85,4,192,0.5423,1.7441
dpa-dp-0.85,4,193,0.5445,1.7287
dpa-dp-0.85,4,194,0.5431,1.7441
dpa-dp-0.85,4,195,0.5434,1.7912
dpa-dp-0.85,4,196,0.5461,1.7524
dpa-dp-0.85,4,197,0.5491,1.7429
dpa-dp-0.85,4,198,0.5464,1.7385
dpa-dp-0.85,4,199,0.5394,1.765
dpa-dp-0.85,4,200,0.5427,1.7481
dpa-dp-0.85,5,0,0.103,2.3073
dpa-dp-0.85,5,1,0.2134,2.7005
dpa-dp-0.85,5,2,0.2395,2.7274
dpa-dp-0.85,5,3,0.2483,2.8027
dpa-dp-0.85,5,4,0.2596,2.7867
dpa-dp-0.85,5,5,0.2832,2.7645
dpa-dp-0.85,5,6,0.3028,2.7169
dpa-dp-0.85,5,7,0.3038,2.7497
dpa-dp-0.85,5,8,0.3195,2.7697
dpa-dp-0.85,5,9,0.3229,2.77
dpa-dp-0.85,5,10,0.3281,2.7814
dpa-dp-0.85,5,11,0.3359,2.79
dpa-dp-0.85,5,12,0.3316,2.8994
dpa-dp-0.85,5,13,0.3468,2.9062
dpa-dp-0.85,5,14,0.3479,2.9139
dpa-dp-0.85,5,15,0.3582,2.8467
dpa-dp-0.85,5,16,0.3639,2.7437
dpa-dp-0.85,5,17,0.3702,2.7478
dpa-dp-0.85,5,18,0.3582,2.9372
dpa-dp-0.85,5,19,0.3796,2.9268
dpa-dp-0.85,5,20,0.3821,2.9275
dpa-dp-0.85,5,21,0.3754,3.0427
dpa-dp-0.85,5,22,0.3783,3.0016
dpa-dp-0.85,5,23,0.3897,3.0298
dpa-dp-0.85,5,24,0.3863,3.0676
dpa-dp-0.85,5,25,0.3837,3.07
dpa-dp-0.85,5,26,0.3923,3.1237
dpa-dp-0.85,5,27,0.3957,3.0957
dpa-dp-0.85,5,28,0.3895,3.1182
dpa-dp-0.85,5,29,0.402,3.0815
dpa-dp-0.85,5,30,0.4031,3.0718
dpa-dp-0.85,5,31,0.4031,3.0272
dpa-dp-0.85,5,32,0.4118,3.1261
dpa-dp-0.85,5,33,0.4031,3.1889
dpa-dp-0.85,5,34,0.4089,3.1314
dpa-dp-0.85,5,35,0.4165,3.0964
dpa-dp-0.85,5,36,0.4071,3.0205
dpa-dp-0.85,5,37,0.424,3.089
dpa-dp-0.85,5,38,0.4186,3.141
dpa-dp-0.85,5,39,0.4268,3.1517
dpa-dp-0.85,5,40,0.429,3.1744
dpa-dp-0.85,5,41,0.4252,3.2046
dpa-dp-0.85,5,42,0.4248,3.2116
dpa-dp-0.85,5,43,0.4229,3.2186
dpa-dp-0.85,5,44,0.427,3.2241
dpa-dp-0.85,5,45,0.4359,3.1882
dpa-dp-0.85,5,46,0.4373,3.3053
dpa-dp-0.85,5,47,0.4301,3.2745
dpa-dp-0.85,5,48,0.4371,3.3572
dpa-dp-0.85,5,49,0.438,3.3334
dpa-dp-0.85,5,50,0.4384,3.4633
dpa-dp-0.85,5,51,0.4377,3.5653
dpa-dp-0.85,5,52,0.4374,3.6194
dpa-dp-0.85,5,53,0.4376,3.4133
dpa-dp-0.85,5,54,0.4351,3.4542
dpa-dp-0.85,5,55,0.4444,3.5017
dpa-dp-0.85,5,56,0.4468,3.4325
dpa-dp-0.85,5,57,0.4435,3.4527
dpa-dp-0.85,5,58,0.451,3.4694
dpa-dp-0.85,5,59,0.452,3.369
dpa-dp-0.85,5,60,0.4497,3.5216
dpa-dp-0.85,5,61,0.4517,3.5456
dpa-dp-0.85,5,62,0.4442,3.5666
dpa-dp-0.85,5,63,0.4535,3.4447
dpa-dp-0.85,5,64,0.4525,3.4085
dpa-dp-0.85,5,65,0.4497,3.4539
dpa-dp-0.85,5,66,0.4517,3.3702
dpa-dp-0.85,5,67,0.4488,3.5464
dpa-dp-0.85,5,68,0.4603,3.4345
dpa-dp-0.85,5,69,0.4527,3.4302
dpa-dp-0.85,5,70,0.4562,3.4391
dpa-dp-0.85,5,71,0.4537,3.5777
dpa-dp-0.85,5,72,0.4556,3.6537
dpa-dp-0.85,5,73,0.4609,3.6167
dpa-dp-0.85,5,74,0.4604,3.6247
dpa-dp-0.85,5,75,0.4548,3.5142
dpa-dp-0.85,5,76,0.4586,3.5287
dpa-dp-0.85,5,77,0.4573,3.6296
dpa-dp-0.85,5,78,0.4569,3.5013
dpa-dp-0.85,5,79,0.4641,3.5393
dpa-dp-0.85,5,80,0.4611,3.5834
dpa-dp-0.85,5,81,0.4582,3.706
dpa-dp-0.85,5,82,0.4628,3.6363
dpa-dp-0.85,5,83,0.4639,3.6363
dpa-dp-0.85,5,84,0.4614,3.6484
dpa-dp-0.85,5,85,0.4651,3.7613
dpa-dp-0.85,5,86,0.4677,3.7697
dpa-dp-0.85,5,87,0.4673,3.6074
dpa-dp-0.85,5,88,0.4665,3.5946
dpa-dp-0.85,5,89,0.4703,3.6369
dpa-dp-0.85,5,90,0.4655,3.7157
dpa-dp-0.85,5,91,0.4643,3.8812
dpa-dp-0.85,5,92,0.471,3.8391
dpa-dp-0.85,5,93,0.4739,3.7034
dpa-dp-0.85,5,94,0.4726,3.7733
dpa-dp-0.85,5,95,0.4807,3.8672
dpa-dp-0.85,5,96,0.4781,3.6812
dpa-dp-0.85,5,97,0.4787,3.7704
dpa-dp-0.85,5,98,0.4773,3.9361
dpa-dp-0.85,5,99,0.4825,3.9964
dpa-dp-0.85,5,100,0.4776,4.0952
dpa-dp-0.85,5,101,0.4808,4.0771
dpa-dp-0.85,5,102,0.4799,4.0106
dpa-dp-0.85,5,103,0.4837,4.0597
dpa-dp-0.85,5,104,0.4723,4.2029
dpa-dp-0.85,5,105,0.4829,4.1029
dpa-dp-0.85,5,106,0.4773,4.1964
dpa-dp-0.85,5,107,0.4791,4.0839
dpa-dp-0.85,5,108,0.4854,3.9761
dpa-dp-0.85,5,109,0.4803,3.9484
dpa-dp-0.85,5,110,0.4848,4.0127
dpa-dp-0.85,5,111,0.4815,3.9074
dpa-dp-0.85,5,112,0.4863,4.0629
dpa-dp-0.85,5,113,0.4834,4.0957
dpa-dp-0.85,5,114,0.4785,4.1908
dpa-dp-0.85,5,115,0.4814,4.1102
dpa-dp-0.85,5,116,0.4832,4.1623
dpa-dp-0.85,5,117,0.4806,4.1928
dpa-dp-0.85,5,118,0.4841,4.0894
dpa-dp-0.85,5,119,0.4853,4.0333
dpa-dp-0.85,5,120,0.4862,3.9449
dpa-dp-0.85,5,121,0.488,3.926
dpa-dp-0.85,5,122,0.4892,3.8833
dpa-dp-0.85,5,123,0.487,3.854
dpa-dp-0.85,5,124,0.488,3.5597
dpa-dp-0.85,5,125,0.4899,3.8544
dpa-dp-0.85,5,126,0.4894,3.7042
dpa-dp-0.85,5,127,0.4907,3.7801
dpa-dp-0.85,5,128,0.4941,3.807
dpa-dp-0.85,5,129,0.4893,3.7868
dpa-dp-0.85,5,130,0.4918,3.7114
dpa-dp-0.85,5,131,0.4897,3.9756
dpa-dp-0.85,5,132,0.4915,3.8261
dpa-dp-0.85,5,133,0.4833,3.7476
dpa-dp-0.85,5,134,0.4943,3.8278
dpa-dp-0.85,5,135,0.4928,3.903
dpa-dp-0.85,5,136,0.4917,3.9596
dpa-dp-0.85,5,137,0.4866,3.9579
dpa-dp-0.85,5,138,0.4838,3.7638
dpa-dp-0.85,5,139,0.4957,3.7161
dpa-dp-0.85,5,140,0.4949,3.7768
dpa-dp-0.85,5,141,0.4929,3.8371
dpa-dp-0.85,5,142,0.5014,3.8982
dpa-dp-0.85,5,143,0.4991,4.1439
dpa-dp-0.85,5,144,0.4991,3.8888
dpa-dp-0.85,5,145,0.4998,3.9339
dpa-dp-0.85,5,146,0.498,4.1622
dpa-dp-0.85,5,147,0.5,4.395
dpa-dp-0.85,5,148,0.5029,4.3935
dpa-dp-0.85,5,149,0.5039,4.5803
dpa-dp-0.85,5,150,0.5032,4.5511
dpa-dp-0.85,5,151,0.5047,4.5289
dpa-dp-0.85,5,152,0.4988,4.3705
dpa-dp-0.85,5,153,0.5052,4.1629
dpa-dp-0.85,5,154,0.5004,4.0145
dpa-dp-0.85,5,155,0.4985,4.0692
dpa-dp-0.85,5,156,0.4993,4.1808
dpa-dp-0.85,5,157,0.5037,4.1169
dpa-dp-0.85,5,158,0.5022,4.2199
dpa-dp-0.85,5,159,0.5041,4.0136
dpa-dp-0.85,5,160,0.504,4.0758
dpa-dp-0.85,5,161,0.5072,4.1855
dpa-dp-0.85,5,162,0.4994,4.277
dpa-dp-0.85,5,163,0.5075,4.2033
dpa-dp-0.85,5,164,0.5022,4.2213
dpa-dp-0.85,5,165,0.5081,4.4138
dpa-dp-0.85,5,166,0.5032,4.4887
dpa-dp-0.85,5,167,0.5095,4.4001
dpa-dp-0.85,5,168,0.5049,4.3912
dpa-dp-0.85,5,169,0.5053,4.1583
dpa-dp-0.85,5,170,0.508,4.2912
dpa-dp-0.85,5,171,0.5049,4.2953
dpa-dp-0.85,5,172,0.5061,4.2868
dpa-dp-0.85,5,173,0.5041,4.3595
dpa-dp-0.85,5,174,0.5039,4.4799
dpa-dp-0.85,5,175,0.5127,4.5222
dpa-dp-0.85,5,176,0.5101,4.4565
dpa-dp-0.85,5,177,0.5103,4.3739
dpa-dp-0.85,5,178,0.5208,4.4524
dpa-dp-0.85,5,179,0.5155,4.4376
dpa-dp-0.85,5,180,0.5141,4.2848
dpa-dp-0.85,5,181,0.5211,2.0749
dpa-dp-0.85,5,182,0.5241,1.9907
dpa-dp-0.85,5,183,0.5265,1.9536
dpa-dp-0.85,5,184,0.531,1.9628
dpa-dp-0.85,5,185,0.5366,1.9009
dpa-dp-0.85,5,186,0.5349,1.9031
dpa-dp-0.85,5,187,0.5416,1.8809
dpa-dp-0.85,5,188,0.5403,1.8893
dpa-dp-0.85,5,189,0.5403,1.9009
dpa-dp-0.85,5,190,0.5427,1.8418
dpa-dp-0.85,5,191,0.5472,1.8639
dpa-dp-0.85,5,192,0.5434,1.906
dpa-dp-0.85,5,193,0.5484,1.8705
dpa-dp-0.85,5,194,0.55,1.8516
dpa-dp-0.85,5,195,0.5543,1.8269
dpa-dp-0.85,5,196,0.5556,1.8208
dpa-dp-0.85,5,197,0.5511,1.8443
dpa-dp-0.85,5,198,0.5461,1.8855
dpa-dp-0.85,5,199,0.5542,1.8333
dpa-dp-0.85,5,200,0.5544,1.8195
dpa-dp-0.75,0,0,0.103,2.3073
dpa-dp-0.75,0,1,0.1899,2.6526
dpa-dp-0.75,0,2,0.2361,2.7152
dpa-dp-0.75,0,3,0.2436,2.7487
dpa-dp-0.75,0,4,0.2698,2.6908
dpa-dp-0.75,0,5,0.2808,2.6615
dpa-dp-0.75,0,6,0.2898,2.7189
dpa-dp-0.75,0,7,0.3088,2.7559
dpa-dp-0.75,0,8,0.3125,2.7728
dpa-dp-0.75,0,9,0.3093,2.7767
dpa-dp-0.75,0,10,0.3337,2.7834
dpa-dp-0.75,0,11,0.3315,2.8833
dpa-dp-0.75,0,12,0.3467,2.9054
dpa-dp-0.75,0,13,0.3505,2.887
dpa-dp-0.75,0,14,0.3523,2.8334
dpa-dp-0.75,0,15,0.3448,2.826
dpa-dp-0.75,0,16,0.3519,2.7638
dpa-dp-0.75,0,17,0.3568,2.8026
dpa-dp-0.75,0,18,0.3583,2.868
dpa-dp-0.75,0,19,0.3588,2.9798
dpa-dp-0.75,0,20,0.3678,2.8924
dpa-dp-0.75,0,21,0.3595,2.9287
dpa-dp-0.75,0,22,0.3745,2.9247
dpa-dp-0.75,0,23,0.378,2.9438
dpa-dp-0.75,0,24,0.3819,2.9313
dpa-dp-0.75,0,25,0.3837,2.9499
dpa-dp-0.75,0,26,0.3775,2.9867
dpa-dp-0.75,0,27,0.3812,2.9859
dpa-dp-0.75,0,28,0.389,2.9695
dpa-dp-0.75,0,29,0.3902,3.007
dpa-dp-0.75,0,30,0.3868,3.0207
dpa-dp-0.75,0,31,0.3941,3.2302
dpa-dp-0.75,0,32,0.386,3.1344
dpa-dp-0.75,0,33,0.3902,3.1617
dpa-dp-0.75,0,34,0.3978,3.2181
dpa-dp-0.75,0,35,0.4016,3.2056
dpa-dp-0.75,0,36,0.4002,3.2414
dpa-dp-0.75,0,37,0.3997,3.3712
dpa-dp-0.75,0,38,0.4046,3.2943
dpa-dp-0.75,0,39,0.4023,3.3448
dpa-dp-0.75,0,40,0.3982,3.3579
dpa-dp-0.75,0,41,0.4061,3.1519
dpa-dp-0.75,0,42,0.4125,3.3108
dpa-dp-0.75,0,43,0.407,3.3116
dpa-dp-0.75,0,44,0.4008,3.4143
dpa-dp-0.75,0,45,0.4271,3.3634
dpa-dp-0.75,0,46,0.4106,3.4469
dpa-dp-0.75,0,47,0.4133,3.5044
dpa-dp-0.75,0,48,0.4132,3.5223
dpa-dp-0.75,0,49,0.4142,3.5364
dpa-dp-0.75,0,50,0.4154,3.4695
dpa-dp-0.75,0,51,0.4129,3.6004
dpa-dp-0.75,0,52,0.4121,3.6228
dpa-dp-0.75,0,53,0.417,3.606
dpa-dp-0.75,0,54,0.4187,3.5702
dpa-dp-0.75,0,55,0.4187,3.6553
dpa-dp-0.75,0,56,0.4186,3.6041
dpa-dp-0.75,0,57,0.4094,3.8329
dpa-dp-0.75,0,58,0.4269,3.7217
dpa-dp-0.75,0,59,0.4277,3.6902
dpa-dp-0.75,0,60,0.4315,3.817
dpa-dp-0.75,0,61,0.4383,3.7526
dpa-dp-0.75,0,62,0.421,3.9694
dpa-dp-0.75,0,63,0.438,3.9018
dpa-dp-0.75,0,64,0.4413,3.9447
dpa-dp-0.75,0,65,0.4349,4.0255
dpa-dp-0.75,0,66,0.4372,4.0601
dpa-dp-0.75,0,67,0.4441,3.8972
dpa-dp-0.75,0,68,0.4394,3.8626
dpa-dp-0.75,0,69,0.4444,4.0338
dpa-dp-0.75,0,70,0.4311,4.213
dpa-dp-0.75,0,71,0.4391,3.9987
dpa-dp-0.75,0,72,0.4428,4.0274
dpa-dp-0.75,0,73,0.4385,4.1571
dpa-dp-0.75,0,74,0.4457,4.1057
dpa-dp-0.75,0,75,0.4461,4.1657
dpa-dp-0.75,0,76,0.4459,4.2147
dpa-dp-0.75,0,77,0.442,4.3579
dpa-dp-0.75,0,78,0.4416,4.1957
dpa-dp-0.75,0,79,0.4484,4.0082
dpa-dp-0.75,0,80,0.4467,3.887
dpa-dp-0.75,0,81,0.444,3.8418
dpa-dp-0.75,0,82,0.4487,4.1319
dpa-dp-0.75,0,83,0.4444,4.2159
dpa-dp-0.75,0,84,0.4541,4.0494
dpa-dp-0.75,0,85,0.4484,4.0536
dpa-dp-0.75,0,86,0.452,3.8945
dpa-dp-0.75,0,87,0.4552,4.1395
dpa-dp-0.75,0,88,0.4564,3.9992
dpa-dp-0.75,0,89,0.4562,4.0916
dpa-dp-0.75,0,90,0.4608,4.119
dpa-dp-0.75,0,91,0.4576,4.3428
dpa-dp-0.75,0,92,0.4539,4.3991
dpa-dp-0.75,0,93,0.4547,4.386
dpa-dp-0.75,0,94,0.4553,4.3362
dpa-dp-0.75,0,95,0.46,4.2561
dpa-dp-0.75,0,96,0.4577,4.283
dpa-dp-0.75,0,97,0.4603,4.219
dpa-dp-0.75,0,98,0.4508,4.2443
dpa-dp-0.75,0,99,0.4568,4.0886
dpa-dp-0.75,0,100,0.4627,4.0324
dpa-dp-0.75,0,101,0.4541,4.0171
dpa-dp-0.75,0,102,0.4664,3.9304
dpa-dp-0.75,0,103,0.4667,4.1123
dpa-dp-0.75,0,104,0.4583,4.159
dpa-dp-0.75,0,105,0.4691,4.2934
dpa-dp-0.75,0,106,0.4675,4.276
dpa-dp-0.75,0,107,0.4565,4.3428
dpa-dp-0.75,0,108,0.4596,4.2291
dpa-dp-0.75,0,109,0.4653,4.2814
dpa-dp-0.75,0,110,0.4534,4.4511
dpa-dp-0.75,0,111,0.4637,4.2482
dpa-dp-0.75,0,112,0.4582,4.1342
dpa-dp-0.75,0,113,0.4667,3.953
dpa-dp-0.75,0,114,0.465,4.0048
dpa-dp-0.75,0,115,0.4658,4.2455
dpa-dp-0.75,0,116,0.463,4.1826
dpa-dp-0.75,0,117,0.4569,4.3295
dpa-dp-0.75,0,118,0.4649,4.1963
dpa-dp-0.75,0,119,0.4664,4.2299
dpa-dp-0.75,0,120,0.4589,4.2234
dpa-dp-0.75,0,121,0.4561,3.9689
dpa-dp-0.75,0,122,0.4669,3.955
dpa-dp-0.75,0,123,0.4637,4.0251
dpa-dp-0.75,0,124,0.4665,4.2487
dpa-dp-0.75,0,125,0.4702,4.1228
dpa-dp-0.75,0,126,0.4629,4.3811
dpa-dp-0.75,0,127,0.4752,4.2271
dpa-dp-0.75,0,128,0.4737,4.2683
dpa-dp-0.75,0,129,0.4741,4.0664
dpa-dp-0.75,0,130,0.4784,4.1699
dpa-dp-0.75,0,131,0.4715,4.3187
dpa-dp-0.75,0,132,0.4689,4.2182
dpa-dp-0.75,0,133,0.471,4.2799
dpa-dp-0.75,0,134,0.4654,4.3367
dpa-dp-0.75,0,135,0.4737,4.2206
dpa-dp-0.75,0,136,0.4732,3.9996
dpa-dp-0.75,0,137,0.4775,4.1133
dpa-dp-0.75,0,138,0.4818,3.9294
dpa-dp-0.75,0,139,0.4646,4.2504
dpa-dp-0.75,0,140,0.4761,3.9684
dpa-dp-0.75,0,141,0.4729,4.0125
dpa-dp-0.75,0,142,0.4788,4.0681
dpa-dp-0.75,0,143,0.4763,4.2629
dpa-dp-0.75,0,144,0.4637,4.5539
dpa-dp-0.75,0,145,0.4684,4.4879
dpa-dp-0.75,0,146,0.4784,4.4235
dpa-dp-0.75,0,147,0.4683,4.522
dpa-dp-0.75,0,148,0.4745,4.4166
dpa-dp-0.75,0,149,0.4838,4.3718
dpa-dp-0.75,0,150,0.4667,4.5247
dpa-dp-0.75,0,151,0.479,4.659
dpa-dp-0.75,0,152,0.4802,4.3373
dpa-dp-0.75,0,153,0.4844,4.4537
dpa-dp-0.75,0,154,0.4855,4.3243
dpa-dp-0.75,0,155,0.4838,4.2253
dpa-dp-0.75,0,156,0.4739,4.3184
dpa-dp-0.75,0,157,0.4793,4.2762
dpa-dp-0.75,0,158,0.4787,4.3045
dpa-dp-0.75,0,159,0.476,4.4376
dpa-dp-0.75,0,160,0.4864,4.4009
dpa-dp-0.75,0,161,0.482,4.6917
dpa-dp-0.75,0,162,0.4889,4.3847
dpa-dp-0.75,0,163,0.4866,4.3591
dpa-dp-0.75,0,164,0.4879,4.4051
dpa-dp-0.75,0,165,0.4922,4.2854
dpa-dp-0.75,0,166,0.4888,4.6312
dpa-dp-0.75,0,167,0.4901,4.576
dpa-dp-0.75,0,168,0.4827,4.5072
dpa-dp-0.75,0,169,0.4883,4.4189
dpa-dp-0.75,0,170,0.4913,4.6946
dpa-dp-0.75,0,171,0.4904,4.6346
dpa-dp-0.75,0,172,0.4905,4.6013
dpa-dp-0.75,0,173,0.4831,4.7409
dpa-dp-0.75,0,174,0.4904,4.8474
dpa-dp-0.75,0,175,0.4849,4.8971
dpa-dp-0.75,0,176,0.4871,4.8442
dpa-dp-0.75,0,177,0.4963,4.8243
dpa-dp-0.75,0,178,0.4939,4.6836
dpa-dp-0.75,0,179,0.4944,4.5612
dpa-dp-0.75,0,180,0.483,4.6714
dpa-dp-0.75,0,181,0.4802,2.1631
dpa-dp-0.75,0,182,0.494,2.0708
dpa-dp-0.75,0,183,0.4939,2.017
dpa-dp-0.75,0,184,0.5055,1.9416
dpa-dp-0.75,0,185,0.5052,1.9489
dpa-dp-0.75,0,186,0.5087,1.8844
dpa-dp-0.75,0,187,0.5143,1.8325
dpa-dp-0.75,0,188,0.5183,1.8327
dpa-dp-0.75,0,189,0.5122,1.848
dpa-dp-0.75,0,190,0.5216,1.8334
dpa-dp-0.75,0,191,0.5231,1.8587
dpa-dp-0.75,0,192,0.5208,1.88
dpa-dp-0.75,0,193,0.533,1.8129
dpa-dp-0.75,0,194,0.5324,1.8129
dpa-dp-0.75,0,195,0.5361,1.8017
dpa-dp-0.75,0,196,0.5392,1.7768
dpa-dp-0.75,0,197,0.5383,1.7919
dpa-dp-0.75,0,198,0.5352,1.7829
dpa-dp-0.75,0,199,0.5379,1.782
dpa-dp-0.75,0,200,0.5386,1.755
dpa-dp-0.75,1,0,0.103,2.3073
dpa-dp-0.75,1,1,0.1779,2.6779
dpa-dp-0.75,1,2,0.2265,2.6617
dpa-dp-0.75,1,3,0.2462,2.6376
dpa-dp-0.75,1,4,0.2738,2.5879
dpa-dp-0.75,1,5,0.2812,2.7199
dpa-dp-0.75,1,6,0.2867,2.7494
dpa-dp-0.75,1,7,0.2963,2.7757
dpa-dp-0.75,1,8,0.3103,2.8765
dpa-dp-0.75,1,9,0.3095,2.8857
dpa-dp-0.75,1,10,0.3157,2.9237
dpa-dp-0.75,1,11,0.3187,2.9606
dpa-dp-0.75,1,12,0.3414,2.9008
dpa-dp-0.75,1,13,0.3367,2.9494
dpa-dp-0.75,1,14,0.3484,2.9178
dpa-dp-0.75,1,15,0.3575,2.8949
dpa-dp-0.75,1,16,0.3538,2.9063
dpa-dp-0.75,1,17,0.3603,2.8069
dpa-dp-0.75,1,18,0.364,2.8971
dpa-dp-0.75,1,19,0.3635,2.8692
dpa-dp-0.75,1,20,0.3671,2.9021
dpa-dp-0.75,1,21,0.3606,2.9008
dpa-dp-0.75,1,22,0.352,2.9623
dpa-dp-0.75,1,23,0.3724,2.979
dpa-dp-0.75,1,24,0.3693,2.9552
dpa-dp-0.75,1,25,0.3787,2.9894
dpa-dp-0.75,1,26,0.3833,2.9902
dpa-dp-0.75,1,27,0.3862,3.0131
dpa-dp-0.75,1,28,0.3887,3.0948
dpa-dp-0.75,1,29,0.3958,3.1634
dpa-dp-0.75,1,30,0.3971,3.1516
dpa-dp-0.75,1,31,0.3945,3.2513
dpa-dp-0.75,1,32,0.3961,3.3097
dpa-dp-0.75,1,33,0.3941,3.3495
dpa-dp-0.75,1,34,0.3967,3.248
dpa-dp-0.75,1,35,0.3976,3.2849
dpa-dp-0.75,1,36,0.4071,3.2213
dpa-dp-0.75,1,37,0.4024,3.4208
dpa-dp-0.75,1,38,0.4093,3.3422
dpa-dp-0.75,1,39,0.411,3.3122
dpa-dp-0.75,1,40,0.4123,3.3728
dpa-dp-0.75,1,41,0.422,3.5043
dpa-dp-0.75,1,42,0.417,3.4416
dpa-dp-0.75,1,43,0.4265,3.4362
dpa-dp-0.75,1,44,0.418,3.4834
dpa-dp-0.75,1,45,0.4223,3.5622
dpa-dp-0.75,1,46,0.4262,3.3836
dpa-dp-0.75,1,47,0.4307,3.3948
dpa-dp-0.75,1,48,0.4213,3.4927
dpa-dp-0.75,1,49,0.431,3.2952
dpa-dp-0.75,1,50,0.4332,3.3692
dpa-dp-0.75,1,51,0.431,3.4401
dpa-dp-0.75,1,52,0.4298,3.3314
dpa-dp-0.75,1,53,0.4228,3.4928
dpa-dp-0.75,1,54,0.4309,3.5043
dpa-dp-0.75,1,55,0.4295,3.4417
dpa-dp-0.75,1,56,0.4351,3.1163
dpa-dp-0.75,1,57,0.4296,3.2961
dpa-dp-0.75,1,58,0.433,3.3432
dpa-dp-0.75,1,59,0.4405,3.3508
dpa-dp-0.75,1,60,0.4358,3.2245
dpa-dp-0.75,1,61,0.4443,3.4263
dpa-dp-0.75,1,62,0.4463,3.4014
dpa-dp-0.75,1,63,0.4388,3.4449
dpa-dp-0.75,1,64,0.4317,3.684
dpa-dp-0.75,1,65,0.4425,3.6356
dpa-dp-0.75,1,66,0.4406,3.7453
dpa-dp-0.75,1,67,0.4417,3.8145
dpa-dp-0.75,1,68,0.4437,3.7999
dpa-dp-0.75,1,69,0.4412,3.9442
dpa-dp-0.75,1,70,0.4374,3.9406
dpa-dp-0.75,1,71,0.4402,4.0506
dpa-dp-0.75,1,72,0.4431,3.9717
dpa-dp-0.75,1,73,0.4458,3.773
dpa-dp-0.75,1,74,0.4479,3.9004
dpa-dp-0.75,1,75,0.4489,4.0387
dpa-dp-0.75,1,76,0.4507,3.993
dpa-dp-0.75,1,77,0.4505,3.9235
dpa-dp-0.75,1,78,0.4402,4.133
dpa-dp-0.75,1,79,0.4462,3.9867
dpa-dp-0.75,1,80,0.4488,3.9635
dpa-dp-0.75,1,81,0.456,3.7601
dpa-dp-0.75,1,82,0.4587,3.8089
dpa-dp-0.75,1,83,0.4561,3.9556
dpa-dp-0.75,1,84,0.4559,3.894
dpa-dp-0.75,1,85,0.4582,3.8702
dpa-dp-0.75,1,86,0.4595,3.9756
dpa-dp-0.75,1,87,0.4604,4.0557
dpa-dp-0.75,1,88,0.4579,4.0752
dpa-dp-0.75,1,89,0.4635,4.0515
dpa-dp-0.75,1,90,0.4564,4.1288
dpa-dp-0.75,1,91,0.4528,4.1923
dpa-dp-0.75,1,92,0.4593,3.9739
dpa-dp-0.75,1,93,0.4584,4.0713
dpa-dp-0.75,1,94,0.4609,4.035
dpa-dp-0.75,1,95,0.465,4.0162
dpa-dp-0.75,1,96,0.4577,4.181
dpa-dp-0.75,1,97,0.4628,4.2613
dpa-dp-0.75,1,98,0.4688,4.2358
dpa-dp-0.75,1,99,0.4679,4.0876
dpa-dp-0.75,1,100,0.4692,4.0695
dpa-dp-0.75,1,101,0.4702,4.1223
dpa-dp-0.75,1,102,0.4689,4.051
dpa-dp-0.75,1,103,0.4701,4.1943
dpa-dp-0.75,1,104,0.47,4.0421
dpa-dp-0.75,1,105,0.4763,4.0892
dpa-dp-0.75,1,106,0.4763,4.0239
dpa-dp-0.75,1,107,0.479,4.2315
dpa-dp-0.75,1,108,0.4722,4.2243
dpa-dp-0.75,1,109,0.4731,4.2618
dpa-dp-0.75,1,110,0.4771,4.1713
dpa-dp-0.75,1,111,0.4786,4.291
dpa-dp-0.75,1,112,0.4829,4.1456
dpa-dp-0.75,1,113,0.4741,4.3161
dpa-dp-0.75,1,114,0.4756,4.4618
dpa-dp-0.75,1,115,0.4796,4.4878
dpa-dp-0.75,1,116,0.4727,4.4338
dpa-dp-0.75,1,117,0.4825,4.28
dpa-dp-0.75,1,118,0.474,4.6783
dpa-dp-0.75,1,119,0.4774,4.6143
dpa-dp-0.75,1,120,0.4781,4.5843
dpa-dp-0.75,1,121,0.4706,4.6315
dpa-dp-0.75,1,122,0.4824,4.3496
dpa-dp-0.75,1,123,0.4798,4.5649
dpa-dp-0.75,1,124,0.4775,4.4761
dpa-dp-0.75,1,125,0.4783,4.4783
dpa-dp-0.75,1,126,0.4794,4.3812
dpa-dp-0.75,1,127,0.4798,4.1858
dpa-dp-0.75,1,128,0.4873,4.1637
dpa-dp-0.75,1,129,0.485,4.4693
dpa-dp-0.75,1,130,0.4853,4.6054
dpa-dp-0.75,1,131,0.4875,4.6748
dpa-dp-0.75,1,132,0.4835,4.687
dpa-dp-0.75,1,133,0.4893,4.4849
dpa-dp-0.75,1,134,0.4837,4.1714
dpa-dp-0.75,1,135,0.4844,4.3577
dpa-dp-0.75,1,136,0.4854,4.1822
dpa-dp-0.75,1,137,0.4898,4.5134
dpa-dp-0.75,1,138,0.4804,4.4505
dpa-dp-0.75,1,139,0.4844,4.439
dpa-dp-0.75,1,140,0.4847,4.4141
dpa-dp-0.75,1,141,0.4828,4.4183
dpa-dp-0.75,1,142,0.4837,4.4011
dpa-dp-0.75,1,143,0.4857,4.5103
dpa-dp-0.75,1,144,0.4869,4.6017
dpa-dp-0.75,1,145,0.4841,4.5455
dpa-dp-0.75,1,146,0.485,4.3623
dpa-dp-0.75,1,147,0.4858,4.3861
dpa-dp-0.75,1,148,0.4885,4.4484
dpa-dp-0.75,1,149,0.4868,4.5382
dpa-dp-0.75,1,150,0.4859,4.3948
dpa-dp-0.75,1,151,0.4882,4.377
dpa-dp-0.75,1,152,0.4849,4.3985
dpa-dp-0.75,1,153,0.4834,4.4734
dpa-dp-0.75,1,154,0.4848,4.5968
dpa-dp-0.75,1,155,0.491,4.2858
dpa-dp-0.75,1,156,0.486,4.4056
dpa-dp-0.75,1,157,0.4883,4.4736
dpa-dp-0.75,1,158,0.4832,4.5488
dpa-dp-0.75,1,159,0.4765,4.5287
dpa-dp-0.75,1,160,0.488,4.658
dpa-dp-0.75,1,161,0.4828,4.7328
dpa-dp-0.75,1,162,0.479,4.5291
dpa-dp-0.75,1,163,0.4858,4.6055
dpa-dp-0.75,1,164,0.4843,4.6395
dpa-dp-0.75,1,165,0.4857,4.601
dpa-dp-0.75,1,166,0.485,4.886
dpa-dp-0.75,1,167,0.4851,4.9849
dpa-dp-0.75,1,168,0.4804,4.7861
dpa-dp-0.75,1,169,0.4863,4.6964
dpa-dp-0.75,1,170,0.4872,4.9298
dpa-dp-0.75,1,171,0.4899,4.8742
dpa-dp-0.75,1,172,0.4862,5.0393
dpa-dp-0.75,1,173,0.4857,5.0729
dpa-dp-0.75,1,174,0.4939,5.0537
dpa-dp-0.75,1,175,0.4903,4.9922
dpa-dp-0.75,1,176,0.485,4.8719
dpa-dp-0.75,1,177,0.4881,5.1101
dpa-dp-0.75,1,178,0.4927,5.0029
dpa-dp-0.75,1,179,0.4849,4.7989
dpa-dp-0.75,1,180,0.4841,5.0324
dpa-dp-0.75,1,181,0.481,2.3008
dpa-dp-0.75,1,182,0.491,2.1116
dpa-dp-0.75,1,183,0.497,2.0234
dpa-dp-0.75,1,184,0.5102,1.9587
dpa-dp-0.75,1,185,0.5092,1.9371
dpa-dp-0.75,1,186,0.5222,1.8798
dpa-dp-0.75,1,187,0.5205,1.8471
dpa-dp-0.75,1,188,0.521,1.8438
dpa-dp-0.75,1,189,0.5247,1.8235
dpa-dp-0.75,1,190,0.5294,1.8044
dpa-dp-0.75,1,191,0.5314,1.8061
dpa-dp-0.75,1,192,0.532,1.8173
dpa-dp-0.75,1,193,0.5299,1.8328
dpa-dp-0.75,1,194,0.5363,1.8343
dpa-dp-0.75,1,195,0.5365,1.815
dpa-dp-0.75,1,196,0.5378,1.7733
dpa-dp-0.75,1,197,0.5399,1.7895
dpa-dp-0.75,1,198,0.5375,1.791
dpa-dp-0.75,1,199,0.541,1.7722
dpa-dp-0.75,1,200,0.5402,1.8197
dpa-dp-0.75,2,0,0.103,2.3073
dpa-dp-0.75,2,1,0.1873,2.7264
dpa-dp-0.75,2,2,0.2184,2.7311
dpa-dp-0.75,2,3,0.23,2.7586
dpa-dp-0.75,2,4,0.265,2.775
dpa-dp-0.75,2,5,0.2801,2.7603
dpa-dp-0.75,2,6,0.2765,2.7028
dpa-dp-0.75,2,7,0.2991,2.7223
dpa-dp-0.75,2,8,0.3095,2.6902
dpa-dp-0.75,2,9,0.3186,2.7897
dpa-dp-0.75,2,10,0.311,2.8823
dpa-dp-0.75,2,11,0.3297,2.8633
dpa-dp-0.75,2,12,0.3365,2.8395
dpa-dp-0.75,2,13,0.3383,2.933
dpa-dp-0.75,2,14,0.3539,2.9487
dpa-dp-0.75,2,15,0.3592,2.9275
dpa-dp-0.75,2,16,0.3583,2.8786
dpa-dp-0.75,2,17,0.3647,2.8835
dpa-dp-0.75,2,18,0.3685,2.8998
dpa-dp-0.75,2,19,0.376,2.9171
dpa-dp-0.75,2,20,0.383,2.9615
dpa-dp-0.75,2,21,0.3703,3.0827
dpa-dp-0.75,2,22,0.3774,3.0505
dpa-dp-0.75,2,23,0.3823,3.1101
dpa-dp-0.75,2,24,0.3774,3.1485
dpa-dp-0.75,2,25,0.3965,3.2479
dpa-dp-0.75,2,26,0.3893,3.2883
dpa-dp-0.75,2,27,0.3914,3.2631
dpa-dp-0.75,2,28,0.3967,3.3158
dpa-dp-0.75,2,29,0.3955,3.4547
dpa-dp-0.75,2,30,0.3954,3.4177
dpa-dp-0.75,2,31,0.3871,3.4708
dpa-dp-0.75,2,32,0.4017,3.578
dpa-dp-0.75,2,33,0.4069,3.519
dpa-dp-0.75,2,34,0.396,3.5844
dpa-dp-0.75,2,35,0.4026,3.6607
dpa-dp-0.75,2,36,0.3929,3.7526
dpa-dp-0.75,2,37,0.4042,3.7495
dpa-dp-0.75,2,38,0.4104,3.62
dpa-dp-0.75,2,39,0.4094,3.768
dpa-dp-0.75,2,40,0.4104,3.7421
dpa-dp-0.75,2,41,0.3976,3.9486
dpa-dp-0.75,2,42,0.4169,3.8864
dpa-dp-0.75,2,43,0.4121,3.9532
dpa-dp-0.75,2,44,0.4193,4.0296
dpa-dp-0.75,2,45,0.4199,3.919
dpa-dp-0.75,2,46,0.4139,3.9586
dpa-dp-0.75,2,47,0.4208,3.8527
dpa-dp-0.75,2,48,0.4057,3.9606
dpa-dp-0.75,2,49,0.4157,3.91
dpa-dp-0.75,2,50,0.4214,3.8511
dpa-dp-0.75,2,51,0.4212,3.9277
dpa-dp-0.75,2,52,0.4236,3.9559
dpa-dp-0.75,2,53,0.4301,3.9035
dpa-dp-0.75,2,54,0.4292,4.0192
dpa-dp-0.75,2,55,0.4252,3.997
dpa-dp-0.75,2,56,0.4362,4.0484
dpa-dp-0.75,2,57,0.4286,3.8047
dpa-dp-0.75,2,58,0.429,3.6881
dpa-dp-0.75,2,59,0.4386,3.7308
dpa-dp-0.75,2,60,0.4267,3.7796
dpa-dp-0.75,2,61,0.4322,3.7519
dpa-dp-0.75,2,62,0.4402,3.9392
dpa-dp-0.75,2,63,0.4316,4.0244
dpa-dp-0.75,2,64,0.4223,3.8849
dpa-dp-0.75,2,65,0.4302,3.8919
dpa-dp-0.75,2,66,0.4379,3.8246
dpa-dp-0.75,2,67,0.4336,3.9227
dpa-dp-0.75,2,68,0.4305,3.9398
dpa-dp-0.75,2,69,0.4421,3.9252
dpa-dp-0.75,2,70,0.4411,4.0984
dpa-dp-0.75,2,71,0.4246,4.305
dpa-dp-0.75,2,72,0.4386,4.0257
dpa-dp-0.75,2,73,0.4447,3.8051
dpa-dp-0.75,2,74,0.437,3.878
dpa-dp-0.75,2,75,0.4477,3.9089
dpa-dp-0.75,2,76,0.4393,3.9778
dpa-dp-0.75,2,77,0.4422,3.9241
dpa-dp-0.75,2,78,0.4328,4.0375
dpa-dp-0.75,2,79,0.4445,3.986
dpa-dp-0.75,2,80,0.4356,4.0068
dpa-dp-0.75,2,81,0.4434,3.8417
dpa-dp-0.75,2,82,0.4476,4.0351
dpa-dp-0.75,2,83,0.4436,4.1185
dpa-dp-0.75,2,84,0.4464,4.2759
dpa-dp-0.75,2,85,0.4493,4.1482
dpa-dp-0.75,2,86,0.4448,4.2787
dpa-dp-0.75,2,87,0.4449,4.085
dpa-dp-0.75,2,88,0.4514,4.1079
dpa-dp-0.75,2,89,0.4421,3.9516
dpa-dp-0.75,2,90,0.4365,3.9441
dpa-dp-0.75,2,91,0.456,3.8444
dpa-dp-0.75,2,92,0.443,3.8395
dpa-dp-0.75,2,93,0.4529,3.7766
dpa-dp-0.75,2,94,0.4445,3.8378
dpa-dp-0.75,2,95,0.4418,4.05
dpa-dp-0.75,2,96,0.4447,4.0107
dpa-dp-0.75,2,97,0.4436,4.2214
dpa-dp-0.75,2,98,0.4526,4.2233
dpa-dp-0.75,2,99,0.4416,4.3931
dpa-dp-0.75,2,100,0.4533,4.272
dpa-dp-0.75,2,101,0.4547,4.3279
dpa-dp-0.75,2,102,0.4559,4.147
dpa-dp-0.75,2,103,0.4502,4.4062
dpa-dp-0.75,2,104,0.4539,4.3833
dpa-dp-0.75,2,105,0.4554,4.156
dpa-dp-0.75,2,106,0.451,4.2325
dpa-dp-0.75,2,107,0.4604,4.0726
dpa-dp-0.75,2,108,0.4649,4.1393
dpa-dp-0.75,2,109,0.4536,4.2203
dpa-dp-0.75,2,110,0.4596,4.2883
dpa-dp-0.75,2,111,0.4528,4.1827
dpa-dp-0.75,2,112,0.4618,3.9643
dpa-dp-0.75,2,113,0.4448,4.0854
dpa-dp-0.75,2,114,0.4533,3.8756
dpa-dp-0.75,2,115,0.4554,3.866
dpa-dp-0.75,2,116,0.4501,4.0422
dpa-dp-0.75,2,117,0.4617,4.1286
dpa-dp-0.75,2,118,0.4562,4.1922
dpa-dp-0.75,2,119,0.4623,4.3912
dpa-dp-0.75,2,120,0.456,4.2885
dpa-dp-0.75,2,121,0.4585,4.2281
dpa-dp-0.75,2,122,0.4559,4.3449
dpa-dp-0.75,2,123,0.4537,4.4535
dpa-dp-0.75,2,124,0.4589,4.6056
dpa-dp-0.75,2,125,0.4586,4.5096
dpa-dp-0.75,2,126,0.4606,4.4924
dpa-dp-0.75,2,127,0.4627,4.4139
dpa-dp-0.75,2,128,0.4616,4.3858
dpa-dp-0.75,2,129,0.4609,4.4151
dpa-dp-0.75,2,130,0.4662,4.4463
dpa-dp-0.75,2,131,0.4627,4.3741
dpa-dp-0.75,2,132,0.458,4.3403
dpa-dp-0.75,2,133,0.4584,4.3795
dpa-dp-0.75,2,134,0.4626,4.6213
dpa-dp-0.75,2,135,0.4598,4.5418
dpa-dp-0.75,2,136,0.4622,4.5389
dpa-dp-0.75,2,137,0.4646,4.4441
dpa-dp-0.75,2,138,0.4469,4.7775
dpa-dp-0.75,2,139,0.4508,4.6162
dpa-dp-0.75,2,140,0.4622,4.3388
dpa-dp-0.75,2,141,0.4557,4.4113
dpa-dp-0.75,2,142,0.4617,4.5872
dpa-dp-0.75,2,143,0.4604,4.7689
dpa-dp-0.75,2,144,0.4614,4.6409
dpa-dp-0.75,2,145,0.4559,4.6208
dpa-dp-0.75,2,146,0.4592,4.6205
dpa-dp-0.75,2,147,0.4622,4.7209
dpa-dp-0.75,2,148,0.458,4.7516
dpa-dp-0.75,2,149,0.4678,4.7483
dpa-dp-0.75,2,150,0.4701,4.4004
dpa-dp-0.75,2,151,0.4607,4.6339
dpa-dp-0.75,2,152,0.4539,5.0827
dpa-dp-0.75,2,153,0.4696,5.1154
dpa-dp-0.75,2,154,0.4642,5.2533
dpa-dp-0.75,2,155,0.4688,5.0239
dpa-dp-0.75,2,156,0.4661,4.9048
dpa-dp-0.75,2,157,0.461,4.9104
dpa-dp-0.75,2,158,0.4578,4.9783
dpa-dp-0.75,2,159,0.4584,5.003
dpa-dp-0.75,2,160,0.4655,5.0192
dpa-dp-0.75,2,161,0.4717,4.6504
dpa-dp-0.75,2,162,0.4618,4.9103
dpa-dp-0.75,2,163,0.4632,4.9334
dpa-dp-0.75,2,164,0.4676,4.6975
dpa-dp-0.75,2,165,0.4707,4.5558
dpa-dp-0.75,2,166,0.4671,4.6391
dpa-dp-0.75,2,167,0.467,4.5409
dpa-dp-0.75,2,168,0.4722,4.5486
dpa-dp-0.75,2,169,0.4788,4.5727
dpa-dp-0.75,2,170,0.4774,4.7208
dpa-dp-0.75,2,171,0.464,5.001
dpa-dp-0.75,2,172,0.4752,4.9388
dpa-dp-0.75,2,173,0.4689,4.6823
dpa-dp-0.75,2,174,0.4789,4.7085
dpa-dp-0.75,2,175,0.4766,4.7713
dpa-dp-0.75,2,176,0.4612,4.7532
dpa-dp-0.75,2,177,0.475,4.7303
dpa-dp-0.75,2,178,0.4782,4.8303
dpa-dp-0.75,2,179,0.4731,4.9851
dpa-dp-0.75,2,180,0.4765,5.0437
dpa-dp-0.75,2,181,0.4875,2.2231
dpa-dp-0.75,2,182,0.4907,2.1612
dpa-dp-0.75,2,183,0.4989,2.0691
dpa-dp-0.75,2,184,0.4965,2.0327
dpa-dp-0.75,2,185,0.5036,1.976
dpa-dp-0.75,2,186,0.5089,1.9454
dpa-dp-0.75,2,187,0.5154,1.9523
dpa-dp-0.75,2,188,0.5193,1.8959
dpa-dp-0.75,2,189,0.5169,1.9497
dpa-dp-0.75,2,190,0.5195,1.9259
dpa-dp-0.75,2,191,0.521,1.9299
dpa-dp-0.75,2,192,0.5288,1.8605
dpa-dp-0.75,2,193,0.5238,1.8563
dpa-dp-0.75,2,194,0.5259,1.8754
dpa-dp-0.75,2,195,0.5282,1.8777
dpa-dp-0.75,2,196,0.5279,1.8787
dpa-dp-0.75,2,197,0.5343,1.8364
dpa-dp-0.75,2,198,0.5347,1.8507
dpa-dp-0.75,2,199,0.5309,1.9098
dpa-dp-0.75,2,200,0.5342,1.8763
dpa-dp-0.75,3,0,0.103,2.3073
dpa-dp-0.75,3,1,0.1659,2.6623
dpa-dp-0.75,3,2,0.2141,2.709
dpa-dp-0.75,3,3,0.2575,2.7282
dpa-dp-0.75,3,4,0.282,2.7033
dpa-dp-0.75,3,5,0.2943,2.7192
dpa-dp-0.75,3,6,0.3071,2.6822
dpa-dp-0.75,3,7,0.3232,2.7283
dpa-dp-0.75,3,8,0.3277,2.7246
dpa-dp-0.75,3,9,0.335,2.7529
dpa-dp-0.75,3,10,0.329,2.7348
dpa-dp-0.75,3,11,0.3423,2.8227
dpa-dp-0.75,3,12,0.3548,2.7944
dpa-dp-0.75,3,13,0.3495,2.8059
dpa-dp-0.75,3,14,0.3541,2.9602
dpa-dp-0.75,3,15,0.3596,2.9768
dpa-dp-0.75,3,16,0.36,3.018
dpa-dp-0.75,3,17,0.3661,3.0773
dpa-dp-0.75,3,18,0.3684,3.022
dpa-dp-0.75,3,19,0.375,3.0235
dpa-dp-0.75,3,20,0.3797,3.0617
dpa-dp-0.75,3,21,0.385,3.0641
dpa-dp-0.75,3,22,0.3788,3.1175
dpa-dp-0.75,3,23,0.375,3.0763
dpa-dp-0.75,3,24,0.3892,3.0048
dpa-dp-0.75,3,25,0.3851,2.9983
dpa-dp-0.75,3,26,0.3913,3.0224
dpa-dp-0.75,3,27,0.3942,3.1006
dpa-dp-0.75,3,28,0.4003,3.081
dpa-dp-0.75,3,29,0.3952,3.1667
dpa-dp-0.75,3,30,0.3991,3.2311
dpa-dp-0.75,3,31,0.3958,3.2217
dpa-dp-0.75,3,32,0.3999,3.1167
dpa-dp-0.75,3,33,0.3971,3.1932
dpa-dp-0.75,3,34,0.4029,3.3351
dpa-dp-0.75,3,35,0.408,3.2884
dpa-dp-0.75,3,36,0.4102,3.2315
dpa-dp-0.75,3,37,0.4035,3.4698
dpa-dp-0.75,3,38,0.4044,3.4632
dpa-dp-0.75,3,39,0.4154,3.3699
dpa-dp-0.75,3,40,0.4192,3.4836
dpa-dp-0.75,3,41,0.4149,3.447
dpa-dp-0.75,3,42,0.4159,3.3499
dpa-dp-0.75,3,43,0.4234,3.4794
dpa-dp-0.75,3,44,0.4201,3.4895
dpa-dp-0.75,3,45,0.4221,3.5927
dpa-dp-0.75,3,46,0.426,3.4573
dpa-dp-0.75,3,47,0.424,3.4234
dpa-dp-0.75,3,48,0.429,3.5376
dpa-dp-0.75,3,49,0.4298,3.5488
dpa-dp-0.75,3,50,0.4265,3.6805
dpa-dp-0.75,3,51,0.4344,3.6003
dpa-dp-0.75,3,52,0.4278,3.6587
dpa-dp-0.75,3,53,0.4307,3.6964
dpa-dp-0.75,3,54,0.4366,3.6346
dpa-dp-0.75,3,55,0.4333,3.7241
dpa-dp-0.75,3,56,0.4361,3.7365
dpa-dp-0.75,3,57,0.4393,3.7234
dpa-dp-0.75,3,58,0.4258,4.0157
dpa-dp-0.75,3,59,0.4385,3.7985
dpa-dp-0.75,3,60,0.4359,3.8019
dpa-dp-0.75,3,61,0.4367,3.87
dpa-dp-0.75,3,62,0.4378,3.9369
dpa-dp-0.75,3,63,0.441,3.9309
dpa-dp-0.75,3,64,0.4351,3.9206
dpa-dp-0.75,3,65,0.4451,3.887
dpa-dp-0.75,3,66,0.4435,4.0472
dpa-dp-0.75,3,67,0.4478,3.9874
dpa-dp-0.75,3,68,0.4457,4.008
dpa-dp-0.75,3,69,0.4429,4.0508
dpa-dp-0.75,3,70,0.448,3.9475
dpa-dp-0.75,3,71,0.4499,3.7517
dpa-dp-0.75,3,72,0.4531,3.6863
dpa-dp-0.75,3,73,0.4447,3.7677
dpa-dp-0.75,3,74,0.4515,3.7524
dpa-dp-0.75,3,75,0.4502,3.9226
dpa-dp-0.75,3,76,0.4437,3.997
dpa-dp-0.75,3,77,0.4577,4.0772
dpa-dp-0.75,3,78,0.4509,3.8379
dpa-dp-0.75,3,79,0.4504,3.8514
dpa-dp-0.75,3,80,0.4527,3.8163
dpa-dp-0.75,3,81,0.4549,3.9123
dpa-dp-0.75,3,82,0.458,3.8414
dpa-dp-0.75,3,83,0.4535,3.7833
dpa-dp-0.75,3,84,0.4546,3.6406
dpa-dp-0.75,3,85,0.4476,3.7336
dpa-dp-0.75,3,86,0.4501,3.7704
dpa-dp-0.75,3,87,0.4472,3.707
dpa-dp-0.75,3,88,0.4468,3.7092
dpa-dp-0.75,3,89,0.4469,3.7571
dpa-dp-0.75,3,90,0.4513,3.6311
dpa-dp-0.75,3,91,0.4548,3.8374
dpa-dp-0.75,3,92,0.4494,3.9377
dpa-dp-0.75,3,93,0.456,3.8262
dpa-dp-0.75,3,94,0.448,3.9344
dpa-dp-0.75,3,95,0.4555,3.8717
dpa-dp-0.75,3,96,0.4544,3.9146
dpa-dp-0.75,3,97,0.4538,3.9251
dpa-dp-0.75,3,98,0.4529,3.9954
dpa-dp-0.75,3,99,0.452,4.1551
dpa-dp-0.75,3,100,0.4558,4.1948
dpa-dp-0.75,3,101,0.4526,4.0531
dpa-dp-0.75,3,102,0.4601,3.8982
dpa-dp-0.75,3,103,0.4548,4.1735
dpa-dp-0.75,3,104,0.4563,3.9577
dpa-dp-0.75,3,105,0.4605,4.2175
dpa-dp-0.75,3,106,0.4674,4.0347
dpa-dp-0.75,3,107,0.4586,4.0968
dpa-dp-0.75,3,108,0.4588,3.9683
dpa-dp-0.75,3,109,0.4637,4.2916
dpa-dp-0.75,3,110,0.4598,4.5634
dpa-dp-0.75,3,111,0.4539,4.6213
dpa-dp-0.75,3,112,0.46,4.3542
dpa-dp-0.75,3,113,0.4618,4.5173
dpa-dp-0.75,3,114,0.4646,4.5028
dpa-dp-0.75,3,115,0.4649,4.4265
dpa-dp-0.75,3,116,0.4659,4.3409
dpa-dp-0.75,3,117,0.4616,4.296
dpa-dp-0.75,3,118,0.4574,4.1942
dpa-dp-0.75,3,119,0.4697,4.2681
dpa-dp-0.75,3,120,0.4681,4.3832
dpa-dp-0.75,3,121,0.4645,4.4595
dpa-dp-0.75,3,122,0.4655,4.4603
dpa-dp-0.75,3,123,0.4624,4.1912
dpa-dp-0.75,3,124,0.4641,4.1569
dpa-dp-0.75,3,125,0.4645,4.2078
dpa-dp-0.75,3,126,0.4675,4.2052
dpa-dp-0.75,3,127,0.4642,4.3648
dpa-dp-0.75,3,128,0.4654,4.387
dpa-dp-0.75,3,129,0.4649,4.3782
dpa-dp-0.75,3,130,0.4658,4.4698
dpa-dp-0.75,3,131,0.4658,4.6126
dpa-dp-0.75,3,132,0.4659,4.5151
dpa-dp-0.75,3,133,0.4695,4.5816
dpa-dp-0.75,3,134,0.4688,4.7943
dpa-dp-0.75,3,135,0.4647,4.9494
dpa-dp-0.75,3,136,0.4715,4.5017
dpa-dp-0.75,3,137,0.4705,4.5744
dpa-dp-0.75,3,138,0.4707,4.7362
dpa-dp-0.75,3,139,0.4767,4.7224
dpa-dp-0.75,3,140,0.4791,4.4115
dpa-dp-0.75,3,141,0.4718,4.5709
dpa-dp-0.75,3,142,0.4628,4.6708
dpa-dp-0.75,3,143,0.466,4.7069
dpa-dp-0.75,3,144,0.4801,4.6252
dpa-dp-0.75,3,145,0.478,4.6183
dpa-dp-0.75,3,146,0.481,4.5772
dpa-dp-0.75,3,147,0.4773,4.6888
dpa-dp-0.75,3,148,0.4748,4.5611
dpa-dp-0.75,3,149,0.4811,4.6743
dpa-dp-0.75,3,150,0.4805,4.8501
dpa-dp-0.75,3,151,0.4757,4.7851
dpa-dp-0.75,3,152,0.4769,4.7925
dpa-dp-0.75,3,153,0.4716,4.7113
dpa-dp-0.75,3,154,0.475,4.5085
dpa-dp-0.75,3,155,0.4771,4.6343
dpa-dp-0.75,3,156,0.4834,4.7133
dpa-dp-0.75,3,157,0.4732,4.9789
dpa-dp-0.75,3,158,0.4817,4.7852
dpa-dp-0.75,3,159,0.4781,4.6524
dpa-dp-0.75,3,160,0.4778,4.9387
dpa-dp-0.75,3,161,0.4815,4.8859
dpa-dp-0.75,3,162,0.4756,4.8252
dpa-dp-0.75,3,163,0.4822,4.9082
dpa-dp-0.75,3,164,0.4786,4.7623
dpa-dp-0.75,3,165,0.478,4.8063
dpa-dp-0.75,3,166,0.4817,4.8614
dpa-dp-0.75,3,167,0.4853,4.8992
dpa-dp-0.75,3,168,0.48,5.3416
dpa-dp-0.75,3,169,0.4819,5.1205
dpa-dp-0.75,3,170,0.4835,5.073
dpa-dp-0.75,3,171,0.4887,4.9669
dpa-dp-0.75,3,172,0.4843,5.1099
dpa-dp-0.75,3,173,0.4863,4.9888
dpa-dp-0.75,3,174,0.4841,5.1643
dpa-dp-0.75,3,175,0.4824,5.1927
dpa-dp-0.75,3,176,0.4874,4.9062
dpa-dp-0.75,3,177,0.4863,4.9412
dpa-dp-0.75,3,178,0.4881,5.2488
dpa-dp-0.75,3,179,0.4827,5.0925
dpa-dp-0.75,3,180,0.4875,5.1269
dpa-dp-0.75,3,181,0.4807,2.2965
dpa-dp-0.75,3,182,0.4893,2.1308
dpa-dp-0.75,3,183,0.4965,2.0258
dpa-dp-0.75,3,184,0.5019,1.993
dpa-dp-0.75,3,185,0.5018,1.9611
dpa-dp-0.75,3,186,0.5106,1.9263
dpa-dp-0.75,3,187,0.5079,1.9358
dpa-dp-0.75,3,188,0.5143,1.8971
dpa-dp-0.75,3,189,0.5157,1.8678
dpa-dp-0.75,3,190,0.5178,1.8652
dpa-dp-0.75,3,191,0.5259,1.8292
dpa-dp-0.75,3,192,0.5252,1.8396
dpa-dp-0.75,3,193,0.5251,1.7978
dpa-dp-0.75,3,194,0.5242,1.8229
dpa-dp-0.75,3,195,0.5257,1.8232
dpa-dp-0.75,3,196,0.5289,1.8103
dpa-dp-0.75,3,197,0.5311,1.8206
dpa-dp-0.75,3,198,0.5325,1.8163
dpa-dp-0.75,3,199,0.5283,1.8294
dpa-dp-0.75,3,200,0.5346,1.7846
dpa-dp-0.75,4,0,0.103,2.3073
dpa-dp-0.75,4,1,0.186,2.6799
dpa-dp-0.75,4,2,0.2206,2.7254
dpa-dp-0.75,4,3,0.2454,2.6645
dpa-dp-0.75,4,4,0.2522,2.675
dpa-dp-0.75,4,5,0.2725,2.6976
dpa-dp-0.75,4,6,0.2668,2.6982
dpa-dp-0.75,4,7,0.2931,2.7309
dpa-dp-0.75,4,8,0.2996,2.7611
dpa-dp-0.75,4,9,0.3174,2.8506
dpa-dp-0.75,4,10,0.3284,2.8662
dpa-dp-0.75,4,11,0.3242,2.8729
dpa-dp-0.75,4,12,0.3404,2.9011
dpa-dp-0.75,4,13,0.3472,2.9442
dpa-dp-0.75,4,14,0.3537,2.8882
dpa-dp-0.75,4,15,0.3612,3.0154
dpa-dp-0.75,4,16,0.3574,2.9902
dpa-dp-0.75,4,17,0.3637,3.1146
dpa-dp-0.75,4,18,0.3695,3.1267
dpa-dp-0.75,4,19,0.3752,3.0464
dpa-dp-0.75,4,20,0.3757,3.0991
dpa-dp-0.75,4,21,0.3785,3.0061
dpa-dp-0.75,4,22,0.3846,3.1165
dpa-dp-0.75,4,23,0.3902,3.0644
dpa-dp-0.75,4,24,0.3888,3.022
dpa-dp-0.75,4,25,0.3921,3.1191
dpa-dp-0.75,4,26,0.3851,3.1861
dpa-dp-0.75,4,27,0.3859,3.0841
dpa-dp-0.75,4,28,0.3966,3.0037
dpa-dp-0.75,4,29,0.3997,2.9442
dpa-dp-0.75,4,30,0.4048,2.9527
dpa-dp-0.75,4,31,0.4051,3.107
dpa-dp-0.75,4,32,0.4054,3.0324
dpa-dp-0.75,4,33,0.4032,3.1284
dpa-dp-0.75,4,34,0.408,3.1149
dpa-dp-0.75,4,35,0.4102,3.1666
dpa-dp-0.75,4,36,0.3988,3.2244
dpa-dp-0.75,4,37,0.4147,3.1835
dpa-dp-0.75,4,38,0.413,3.1339
dpa-dp-0.75,4,39,0.4206,3.2535
dpa-dp-0.75,4,40,0.4105,3.2133
dpa-dp-0.75,4,41,0.4127,3.193
dpa-dp-0.75,4,42,0.4241,3.1589
dpa-dp-0.75,4,43,0.4216,3.3073
dpa-dp-0.75,4,44,0.4274,3.1988
dpa-dp-0.75,4,45,0.4159,3.2625
dpa-dp-0.75,4,46,0.4303,3.2431
dpa-dp-0.75,4,47,0.423,3.3898
dpa-dp-0.75,4,48,0.4179,3.5272
dpa-dp-0.75,4,49,0.4194,3.4503
dpa-dp-0.75,4,50,0.4254,3.2721
dpa-dp-0.75,4,51,0.4225,3.288
dpa-dp-0.75,4,52,0.4332,3.232
dpa-dp-0.75,4,53,0.4279,3.3312
dpa-dp-0.75,4,54,0.4325,3.3621
dpa-dp-0.75,4,55,0.4285,3.458
dpa-dp-0.75,4,56,0.433,3.624
dpa-dp-0.75,4,57,0.4348,3.757
dpa-dp-0.75,4,58,0.4403,3.5244
dpa-dp-0.75,4,59,0.44,3.5936
dpa-dp-0.75,4,60,0.4362,3.4899
dpa-dp-0.75,4,61,0.4428,3.3678
dpa-dp-0.75,4,62,0.442,3.2246
dpa-dp-0.75,4,63,0.4398,3.541
dpa-dp-0.75,4,64,0.4417,3.2381
dpa-dp-0.75,4,65,0.4272,3.5645
dpa-dp-0.75,4,66,0.4426,3.5655
dpa-dp-0.75,4,67,0.4396,3.7176
dpa-dp-0.75,4,68,0.4334,3.8034
dpa-dp-0.75,4,69,0.4387,3.8041
dpa-dp-0.75,4,70,0.4456,3.8423
dpa-dp-0.75,4,71,0.4384,3.6413
dpa-dp-0.75,4,72,0.4386,3.6888
dpa-dp-0.75,4,73,0.4389,3.6909
dpa-dp-0.75,4,74,0.4391,3.6941
dpa-dp-0.75,4,75,0.4396,3.6763
dpa-dp-0.75,4,76,0.4469,3.623
dpa-dp-0.75,4,77,0.4497,3.9155
dpa-dp-0.75,4,78,0.4473,3.9279
dpa-dp-0.75,4,79,0.4409,3.8712
dpa-dp-0.75,4,80,0.4501,3.8625
dpa-dp-0.75,4,81,0.4544,3.6578
dpa-dp-0.75,4,82,0.4532,3.5341
dpa-dp-0.75,4,83,0.4476,3.8084
dpa-dp-0.75,4,84,0.4487,3.8189
dpa-dp-0.75,4,85,0.4539,3.7339
dpa-dp-0.75,4,86,0.4605,3.9514
dpa-dp-0.75,4,87,0.4515,3.9039
dpa-dp-0.75,4,88,0.4619,4.1284
dpa-dp-0.75,4,89,0.4557,4.0873
dpa-dp-0.75,4,90,0.4644,3.9807
dpa-dp-0.75,4,91,0.4618,4.1702
dpa-dp-0.75,4,92,0.464,4.1431
dpa-dp-0.75,4,93,0.4592,4.1638
dpa-dp-0.75,4,94,0.4636,4.1841
dpa-dp-0.75,4,95,0.4614,4.2577
dpa-dp-0.75,4,96,0.4578,4.5155
dpa-dp-0.75,4,97,0.4537,4.3493
dpa-dp-0.75,4,98,0.4608,4.1212
dpa-dp-0.75,4,99,0.4552,4.0592
dpa-dp-0.75,4,100,0.4639,4.089
dpa-dp-0.75,4,101,0.4613,4.2671
dpa-dp-0.75,4,102,0.4616,4.0999
dpa-dp-0.75,4,103,0.466,4.3071
dpa-dp-0.75,4,104,0.4593,4.1902
dpa-dp-0.75,4,105,0.4631,4.2912
dpa-dp-0.75,4,106,0.4486,4.508
dpa-dp-0.75,4,107,0.4543,4.1602
dpa-dp-0.75,4,108,0.4592,4.13
dpa-dp-0.75,4,109,0.4613,4.1777
dpa-dp-0.75,4,110,0.4625,4.0874
dpa-dp-0.75,4,111,0.4549,4.3153
dpa-dp-0.75,4,112,0.4591,4.1974
dpa-dp-0.75,4,113,0.4647,4.2318
dpa-dp-0.75,4,114,0.4593,4.2316
dpa-dp-0.75,4,115,0.4654,4.1781
dpa-dp-0.75,4,116,0.4653,4.4563
dpa-dp-0.75,4,117,0.4617,4.4076
dpa-dp-0.75,4,118,0.4618,4.6997
dpa-dp-0.75,4,119,0.4608,4.9151
dpa-dp-0.75,4,120,0.4653,4.5712
dpa-dp-0.75,4,121,0.4715,4.3916
dpa-dp-0.75,4,122,0.47,4.2239
dpa-dp-0.75,4,123,0.4651,4.0736
dpa-dp-0.75,4,124,0.4587,4.4711
dpa-dp-0.75,4,125,0.466,4.3142
dpa-dp-0.75,4,126,0.4646,4.3218
dpa-dp-0.75,4,127,0.4699,4.3863
dpa-dp-0.75,4,128,0.4705,4.1827
dpa-dp-0.75,4,129,0.4702,4.4448
dpa-dp-0.75,4,130,0.4642,4.3603
dpa-dp-0.75,4,131,0.4763,4.4384
dpa-dp-0.75,4,132,0.4763,4.4487
dpa-dp-0.75,4,133,0.4781,4.2156
dpa-dp-0.75,4,134,0.4766,4.4955
dpa-dp-0.75,4,135,0.469,4.5486
dpa-dp-0.75,4,136,0.4754,4.4778
dpa-dp-0.75,4,137,0.4722,4.364
dpa-dp-0.75,4,138,0.4777,4.5018
dpa-dp-0.75,4,139,0.4707,4.4067
dpa-dp-0.75,4,140,0.4809,4.3484
dpa-dp-0.75,4,141,0.4823,4.4933
dpa-dp-0.75,4,142,0.4845,4.5752
dpa-dp-0.75,4,143,0.4776,4.5726
dpa-dp-0.75,4,144,0.4747,4.3739
dpa-dp-0.75,4,145,0.4793,4.6054
dpa-dp-0.75,4,146,0.4814,4.6569
dpa-dp-0.75,4,147,0.4825,4.4653
dpa-dp-0.75,4,148,0.4828,4.3253
dpa-dp-0.75,4,149,0.4752,4.5754
dpa-dp-0.75,4,150,0.4835,4.5258
dpa-dp-0.75,4,151,0.482,4.6134
dpa-dp-0.75,4,152,0.4822,4.5047
dpa-dp-0.75,4,153,0.4811,4.4916
dpa-dp-0.75,4,154,0.4837,4.5991
dpa-dp-0.75,4,155,0.4859,4.4389
dpa-dp-0.75,4,156,0.4854,4.3604
dpa-dp-0.75,4,157,0.4766,4.3183
dpa-dp-0.75,4,158,0.4808,4.6603
dpa-dp-0.75,4,159,0.4856,4.5479
dpa-dp-0.75,4,160,0.4831,4.9262
dpa-dp-0.75,4,161,0.4865,4.8175
dpa-dp-0.75,4,162,0.479,4.6616
dpa-dp-0.75,4,163,0.4836,4.4527
dpa-dp-0.75,4,164,0.4786,4.3241
dpa-dp-0.75,4,165,0.4909,4.081
dpa-dp-0.75,4,166,0.487,4.1159
dpa-dp-0.75,4,167,0.4885,3.9599
dpa-dp-0.75,4,168,0.4955,4.0244
dpa-dp-0.75,4,169,0.4785,4.3652
dpa-dp-0.75,4,170,0.4976,4.0356
dpa-dp-0.75,4,171,0.49,4.1561
dpa-dp-0.75,4,172,0.4883,4.2469
dpa-dp-0.75,4,173,0.4928,4.1826
dpa-dp-0.75,4,174,0.4832,4.4909
dpa-dp-0.75,4,175,0.4955,4.0985
dpa-dp-0.75,4,176,0.4845,4.5716
dpa-dp-0.75,4,177,0.4947,4.6823
dpa-dp-0.75,4,178,0.4864,4.7214
dpa-dp-0.75,4,179,0.4972,4.5494
dpa-dp-0.75,4,180,0.4938,4.8254
dpa-dp-0.75,4,181,0.4838,2.1697
dpa-dp-0.75,4,182,0.5003,1.9789
dpa-dp-0.75,4,183,0.5101,1.8987
dpa-dp-0.75,4,184,0.514,1.8793
dpa-dp-0.75,4,185,0.5226,1.8077
dpa-dp-0.75,4,186,0.5268,1.811
dpa-dp-0.75,4,187,0.5243,1.8214
dpa-dp-0.75,4,188,0.5265,1.8052
dpa-dp-0.75,4,189,0.5356,1.7875
dpa-dp-0.75,4,190,0.534,1.7689
dpa-dp-0.75,4,191,0.5393,1.7451
dpa-dp-0.75,4,192,0.5379,1.7467
dpa-dp-0.75,4,193,0.5444,1.7398
dpa-dp-0.75,4,194,0.545,1.7492
dpa-dp-0.75,4,195,0.5379,1.7825
dpa-dp-0.75,4,196,0.5462,1.7491
dpa-dp-0.75,4,197,0.5472,1.7485
dpa-dp-0.75,4,198,0.5468,1.7332
dpa-dp-0.75,4,199,0.5427,1.7539
dpa-dp-0.75,4,200,0.5473,1.7276
dpa-dp-0.75,5,0,0.103,2.3073
dpa-dp-0.75,5,1,0.208,2.6973
dpa-dp-0.75,5,2,0.2374,2.728
dpa-dp-0.75,5,3,0.2427,2.808
dpa-dp-0.75,5,4,0.2542,2.7868
dpa-dp-0.75,5,5,0.2759,2.7616
dpa-dp-0.75,5,6,0.2971,2.7112
dpa-dp-0.75,5,7,0.2989,2.751
dpa-dp-0.75,5,8,0.3122,2.7698
dpa-dp-0.75,5,9,0.3206,2.7669
dpa-dp-0.75,5,10,0.3228,2.7805
dpa-dp-0.75,5,11,0.3303,2.795
dpa-dp-0.75,5,12,0.3273,2.9089
dpa-dp-0.75,5,13,0.343,2.9201
dpa-dp-0.75,5,14,0.3406,2.9364
dpa-dp-0.75,5,15,0.3562,2.8607
dpa-dp-0.75,5,16,0.3584,2.7426
dpa-dp-0.75,5,17,0.3657,2.7503
dpa-dp-0.75,5,18,0.3515,2.9527
dpa-dp-0.75,5,19,0.3758,2.943
dpa-dp-0.75,5,20,0.3787,2.9411
dpa-dp-0.75,5,21,0.3703,3.0612
dpa-dp-0.75,5,22,0.3728,3.0117
dpa-dp-0.75,5,23,0.3855,3.0351
dpa-dp-0.75,5,24,0.3827,3.0767
dpa-dp-0.75,5,25,0.3775,3.0758
dpa-dp-0.75,5,26,0.3876,3.1282
dpa-dp-0.75,5,27,0.3937,3.0837
dpa-dp-0.75,5,28,0.3866,3.1112
dpa-dp-0.75,5,29,0.4003,3.0856
dpa-dp-0.75,5,30,0.3978,3.0849
dpa-dp-0.75,5,31,0.4009,3.037
dpa-dp-0.75,5,32,0.4054,3.1492
dpa-dp-0.75,5,33,0.3993,3.2183
dpa-dp-0.75,5,34,0.4045,3.1549
dpa-dp-0.75,5,35,0.4116,3.1242
dpa-dp-0.75,5,36,0.3993,3.0603
dpa-dp-0.75,5,37,0.4164,3.1154
dpa-dp-0.75,5,38,0.4166,3.175
dpa-dp-0.75,5,39,0.4247,3.1912
dpa-dp-0.75,5,40,0.4225,3.2097
dpa-dp-0.75,5,41,0.4228,3.248
dpa-dp-0.75,5,42,0.4168,3.2471
dpa-dp-0.75,5,43,0.4178,3.2795
dpa-dp-0.75,5,44,0.4209,3.2685
dpa-dp-0.75,5,45,0.4334,3.2305
dpa-dp-0.75,5,46,0.4318,3.3637
dpa-dp-0.75,5,47,0.4236,3.3342
dpa-dp-0.75,5,48,0.4311,3.4145
dpa-dp-0.75,5,49,0.4335,3.3922
dpa-dp-0.75,5,50,0.4311,3.5053
dpa-dp-0.75,5,51,0.4328,3.6066
dpa-dp-0.75,5,52,0.4302,3.6788
dpa-dp-0.75,5,53,0.4306,3.4682
dpa-dp-0.75,5,54,0.4275,3.5102
dpa-dp-0.75,5,55,0.4382,3.5658
dpa-dp-0.75,5,56,0.4407,3.4782
dpa-dp-0.75,5,57,0.437,3.4986
dpa-dp-0.75,5,58,0.4437,3.5386
dpa-dp-0.75,5,59,0.4455,3.4154
dpa-dp-0.75,5,60,0.445,3.5878
dpa-dp-0.75,5,61,0.4428,3.633
dpa-dp-0.75,5,62,0.4363,3.6569
dpa-dp-0.75,5,63,0.4462,3.5178
dpa-dp-0.75,5,64,0.447,3.4739
dpa-dp-0.75,5,65,0.4441,3.5342
dpa-dp-0.75,5,66,0.4435,3.451
dpa-dp-0.75,5,67,0.4443,3.6307
dpa-dp-0.75,5,68,0.4552,3.5416
dpa-dp-0.75,5,69,0.4462,3.5421
dpa-dp-0.75,5,70,0.4467,3.5421
dpa-dp-0.75,5,71,0.4485,3.681
dpa-dp-0.75,5,72,0.4483,3.7793
dpa-dp-0.75,5,73,0.4555,3.7141
dpa-dp-0.75,5,74,0.4551,3.7184
dpa-dp-0.75,5,75,0.4473,3.5949
dpa-dp-0.75,5,76,0.4552,3.604
dpa-dp-0.75,5,77,0.4511,3.7127
dpa-dp-0.75,5,78,0.4524,3.5671
dpa-dp-0.75,5,79,0.4585,3.5802
dpa-dp-0.75,5,80,0.4581,3.6342
dpa-dp-0.75,5,81,0.4488,3.8131
dpa-dp-0.75,5,82,0.4566,3.7386
dpa-dp-0.75,5,83,0.4562,3.7375
dpa-dp-0.75,5,84,0.4556,3.7515
dpa-dp-0.75,5,85,0.458,3.8645
dpa-dp-0.75,5,86,0.4592,3.8745
dpa-dp-0.75,5,87,0.4605,3.6736
dpa-dp-0.75,5,88,0.4581,3.6901
dpa-dp-0.75,5,89,0.464,3.722
dpa-dp-0.75,5,90,0.462,3.8207
dpa-dp-0.75,5,91,0.4585,4.0106
dpa-dp-0.75,5,92,0.466,3.983
dpa-dp-0.75,5,93,0.4687,3.8025
dpa-dp-0.75,5,94,0.4649,3.8888
dpa-dp-0.75,5,95,0.4728,3.994
dpa-dp-0.75,5,96,0.4695,3.7958
dpa-dp-0.75,5,97,0.4704,3.9092
dpa-dp-0.75,5,98,0.4714,4.0713
dpa-dp-0.75,5,99,0.4777,4.1421
dpa-dp-0.75,5,100,0.4722,4.2525
dpa-dp-0.75,5,101,0.4744,4.2033
dpa-dp-0.75,5,102,0.4747,4.128
dpa-dp-0.75,5,103,0.4759,4.2142
dpa-dp-0.75,5,104,0.4668,4.3425
dpa-dp-0.75,5,105,0.476,4.2306
dpa-dp-0.75,5,106,0.4652,4.3531
dpa-dp-0.75,5,107,0.47,4.2029
dpa-dp-0.75,5,108,0.4781,4.0789
dpa-dp-0.75,5,109,0.4733,4.0376
dpa-dp-0.75,5,110,0.4753,4.1035
dpa-dp-0.75,5,111,0.4761,3.9866
dpa-dp-0.75,5,112,0.4823,4.1621
dpa-dp-0.75,5,113,0.4765,4.2246
dpa-dp-0.75,5,114,0.47,4.3658
dpa-dp-0.75,5,115,0.4782,4.2718
dpa-dp-0.75,5,116,0.477,4.3233
dpa-dp-0.75,5,117,0.475,4.334
dpa-dp-0.75,5,118,0.4778,4.2159
dpa-dp-0.75,5,119,0.4763,4.1424
dpa-dp-0.75,5,120,0.4796,4.0084
dpa-dp-0.75,5,121,0.4789,4.0413
dpa-dp-0.75,5,122,0.4809,3.9884
dpa-dp-0.75,5,123,0.4821,3.9628
dpa-dp-0.75,5,124,0.4841,3.6451
dpa-dp-0.75,5,125,0.4846,3.9704
dpa-dp-0.75,5,126,0.4823,3.7946
dpa-dp-0.75,5,127,0.4802,3.8975
dpa-dp-0.75,5,128,0.4838,3.9459
dpa-dp-0.75,5,129,0.4782,3.8913
dpa-dp-0.75,5,130,0.4861,3.8279
dpa-dp-0.75,5,131,0.4834,4.1374
dpa-dp-0.75,5,132,0.4857,3.9413
dpa-dp-0.75,5,133,0.4786,3.8815
dpa-dp-0.75,5,134,0.4858,3.989
dpa-dp-0.75,5,135,0.4897,4.0259
dpa-dp-0.75,5,136,0.4844,4.0981
dpa-dp-0.75,5,137,0.4826,4.0773
dpa-dp-0.75,5,138,0.4778,3.8779
dpa-dp-0.75,5,139,0.4911,3.8137
dpa-dp-0.75,5,140,0.4878,3.8869
dpa-dp-0.75,5,141,0.4846,3.9777
dpa-dp-0.75,5,142,0.4962,4.045
dpa-dp-0.75,5,143,0.493,4.2835
dpa-dp-0.75,5,144,0.4937,3.9793
dpa-dp-0.75,5,145,0.4952,4.0316
dpa-dp-0.75,5,146,0.4883,4.3094
dpa-dp-0.75,5,147,0.4956,4.5405
dpa-dp-0.75,5,148,0.4956,4.5496
dpa-dp-0.75,5,149,0.4958,4.7615
dpa-dp-0.75,5,150,0.4918,4.7649
dpa-dp-0.75,5,151,0.4967,4.7522
dpa-dp-0.75,5,152,0.4931,4.5605
dpa-dp-0.75,5,153,0.4983,4.3017
dpa-dp-0.75,5,154,0.4935,4.1962
dpa-dp-0.75,5,155,0.4892,4.2321
dpa-dp-0.75,5,156,0.488,4.3394
dpa-dp-0.75,5,157,0.4961,4.2478
dpa-dp-0.75,5,158,0.4905,4.3922
dpa-dp-0.75,5,159,0.4943,4.1774
dpa-dp-0.75,5,160,0.4974,4.2668
dpa-dp-0.75,5,161,0.498,4.3465
dpa-dp-0.75,5,162,0.4908,4.43
dpa-dp-0.75,5,163,0.4985,4.3903
dpa-dp-0.75,5,164,0.4941,4.3843
dpa-dp-0.75,5,165,0.4969,4.5581
dpa-dp-0.75,5,166,0.4927,4.6686
dpa-dp-0.75,5,167,0.4994,4.5567
dpa-dp-0.75,5,168,0.4927,4.5512
dpa-dp-0.75,5,169,0.4989,4.327
dpa-dp-0.75,5,170,0.4991,4.4489
dpa-dp-0.75,5,171,0.4916,4.4911
dpa-dp-0.75,5,172,0.4971,4.4683
dpa-dp-0.75,5,173,0.4944,4.5205
dpa-dp-0.75,5,174,0.4972,4.6762
dpa-dp-0.75,5,175,0.4982,4.7929
dpa-dp-0.75,5,176,0.5042,4.6774
dpa-dp-0.75,5,177,0.4979,4.5977
dpa-dp-0.75,5,178,0.5097,4.6195
dpa-dp-0.75,5,179,0.5024,4.6495
dpa-dp-0.75,5,180,0.5041,4.4907
dpa-dp-0.75,5,181,0.5046,2.1473
dpa-dp-0.75,5,182,0.5137,2.0393
dpa-dp-0.75,5,183,0.5184,1.9881
dpa-dp-0.75,5,184,0.5245,1.9895
dpa-dp-0.75,5,185,0.5316,1.9359
dpa-dp-0.75,5,186,0.5341,1.9298
dpa-dp-0.75,5,187,0.5375,1.9008
dpa-dp-0.75,5,188,0.54,1.8961
dpa-dp-0.75,5,189,0.5409,1.9118
dpa-dp-0.75,5,190,0.5431,1.8573
dpa-dp-0.75,5,191,0.5473,1.8654
dpa-dp-0.75,5,192,0.5407,1.9021
dpa-dp-0.75,5,193,0.5448,1.8784
dpa-dp-0.75,5,194,0.5444,1.8497
dpa-dp-0.75,5,195,0.5487,1.8245
dpa-dp-0.75,5,196,0.55,1.8203
dpa-dp-0.75,5,197,0.5489,1.8297
dpa-dp-0.75,5,198,0.5484,1.8723
dpa-dp-0.75,5,199,0.5558,1.8076
dpa-dp-0.75,5,200,0.5535,1.811
dpa-dp-0.65,0,0,0.103,2.3073
dpa-dp-0.65,0,1,0.1696,2.6188
dpa-dp-0.65,0,2,0.2007,2.7283
dpa-dp-0.65,0,3,0.1944,2.8029
dpa-dp-0.65,0,4,0.2277,2.7214
dpa-dp-0.65,0,5,0.2328,2.6748
dpa-dp-0.65,0,6,0.244,2.7393
dpa-dp-0.65,0,7,0.2644,2.7428
dpa-dp-0.65,0,8,0.281,2.7825
dpa-dp-0.65,0,9,0.2591,2.8536
dpa-dp-0.65,0,10,0.2745,2.8426
dpa-dp-0.65,0,11,0.2411,3.1172
dpa-dp-0.65,0,12,0.2841,3.1078
dpa-dp-0.65,0,13,0.2977,3.048
dpa-dp-0.65,0,14,0.3027,2.967
dpa-dp-0.65,0,15,0.2951,2.9664
dpa-dp-0.65,0,16,0.2932,2.9413
dpa-dp-0.65,0,17,0.3107,3.0027
dpa-dp-0.65,0,18,0.2906,3.1383
dpa-dp-0.65,0,19,0.3052,3.2444
dpa-dp-0.65,0,20,0.332,3.021
dpa-dp-0.65,0,21,0.3093,3.1491
dpa-dp-0.65,0,22,0.3318,3.1413
dpa-dp-0.65,0,23,0.342,3.0939
dpa-dp-0.65,0,24,0.3318,3.0689
dpa-dp-0.65,0,25,0.3307,3.1775
dpa-dp-0.65,0,26,0.317,3.2894
dpa-dp-0.65,0,27,0.3261,3.2379
dpa-dp-0.65,0,28,0.3312,3.3203
dpa-dp-0.65,0,29,0.3308,3.3435
dpa-dp-0.65,0,30,0.3224,3.3261
dpa-dp-0.65,0,31,0.3409,3.5692
dpa-dp-0.65,0,32,0.3344,3.4038
dpa-dp-0.65,0,33,0.345,3.4171
dpa-dp-0.65,0,34,0.3459,3.4763
dpa-dp-0.65,0,35,0.3465,3.4675
dpa-dp-0.65,0,36,0.3373,3.5538
dpa-dp-0.65,0,37,0.3293,3.735
dpa-dp-0.65,0,38,0.3411,3.7453
dpa-dp-0.65,0,39,0.3479,3.8799
dpa-dp-0.65,0,40,0.3258,4.0893
dpa-dp-0.65,0,41,0.3473,3.6033
dpa-dp-0.65,0,42,0.3327,4.0123
dpa-dp-0.65,0,43,0.3419,3.8589
dpa-dp-0.65,0,44,0.3233,3.8581
dpa-dp-0.65,0,45,0.352,3.7472
dpa-dp-0.65,0,46,0.3441,3.8466
dpa-dp-0.65,0,47,0.3402,4.1447
dpa-dp-0.65,0,48,0.3528,4.0826
dpa-dp-0.65,0,49,0.3421,4.0623
dpa-dp-0.65,0,50,0.3427,3.858
dpa-dp-0.65,0,51,0.3548,4.0444
dpa-dp-0.65,0,52,0.3594,4.1865
dpa-dp-0.65,0,53,0.3577,4.1888
dpa-dp-0.65,0,54,0.346,4.396
dpa-dp-0.65,0,55,0.3305,4.4572
dpa-dp-0.65,0,56,0.3493,4.3167
dpa-dp-0.65,0,57,0.3363,4.5746
dpa-dp-0.65,0,58,0.3525,4.3849
dpa-dp-0.65,0,59,0.3498,4.1921
dpa-dp-0.65,0,60,0.3512,4.3164
dpa-dp-0.65,0,61,0.3524,4.4157
dpa-dp-0.65,0,62,0.3444,4.8039
dpa-dp-0.65,0,63,0.3757,4.539
dpa-dp-0.65,0,64,0.3618,4.4372
dpa-dp-0.65,0,65,0.3678,4.6093
dpa-dp-0.65,0,66,0.3612,4.7146
dpa-dp-0.65,0,67,0.3737,4.2957
dpa-dp-0.65,0,68,0.3734,4.2115
dpa-dp-0.65,0,69,0.377,4.3965
dpa-dp-0.65,0,70,0.3517,5.1141
dpa-dp-0.65,0,71,0.3772,4.5463
dpa-dp-0.65,0,72,0.3672,4.7961
dpa-dp-0.65,0,73,0.3506,4.8424
dpa-dp-0.65,0,74,0.3732,4.9404
dpa-dp-0.65,0,75,0.3557,5.0712
dpa-dp-0.65,0,76,0.3664,5.3644
dpa-dp-0.65,0,77,0.37,5.4979
dpa-dp-0.65,0,78,0.3709,5.4481
dpa-dp-0.65,0,79,0.3796,4.836
dpa-dp-0.65,0,80,0.3772,4.7758
dpa-dp-0.65,0,81,0.3666,4.8658
dpa-dp-0.65,0,82,0.3759,5.0529
dpa-dp-0.65,0,83,0.3781,5.3386
dpa-dp-0.65,0,84,0.3545,5.262
dpa-dp-0.65,0,85,0.3591,4.9794
dpa-dp-0.65,0,86,0.3584,4.9904
dpa-dp-0.65,0,87,0.3706,5.0688
dpa-dp-0.65,0,88,0.3773,4.8325
dpa-dp-0.65,0,89,0.3692,4.7808
dpa-dp-0.65,0,90,0.3746,5.1087
dpa-dp-0.65,0,91,0.3715,5.4504
dpa-dp-0.65,0,92,0.3646,5.5767
dpa-dp-0.65,0,93,0.3687,5.389
dpa-dp-0.65,0,94,0.3663,5.5671
dpa-dp-0.65,0,95,0.3907,5.241
dpa-dp-0.65,0,96,0.3773,5.3367
dpa-dp-0.65,0,97,0.3752,5.4678
dpa-dp-0.65,0,98,0.3803,5.3994
dpa-dp-0.65,0,99,0.3829,5.0708
dpa-dp-0.65,0,100,0.3853,5.0384
dpa-dp-0.65,0,101,0.3767,4.9253
dpa-dp-0.65,0,102,0.3776,5.0685
dpa-dp-0.65,0,103,0.3802,4.8691
dpa-dp-0.65,0,104,0.3765,5.2295
dpa-dp-0.65,0,105,0.3723,5.3324
dpa-dp-0.65,0,106,0.3863,5.2135
dpa-dp-0.65,0,107,0.3883,5.4895
dpa-dp-0.65,0,108,0.3854,5.0922
dpa-dp-0.65,0,109,0.3912,5.4221
dpa-dp-0.65,0,110,0.3846,5.4637
dpa-dp-0.65,0,111,0.3889,5.2652
dpa-dp-0.65,0,112,0.3756,5.1087
dpa-dp-0.65,0,113,0.3956,4.7522
dpa-dp-0.65,0,114,0.3717,4.986
dpa-dp-0.65,0,115,0.3832,5.1935
dpa-dp-0.65,0,116,0.3872,4.9394
dpa-dp-0.65,0,117,0.3768,5.079
dpa-dp-0.65,0,118,0.3799,5.0848
dpa-dp-0.65,0,119,0.378,5.0935
dpa-dp-0.65,0,120,0.3864,4.8828
dpa-dp-0.65,0,121,0.3688,5.0364
dpa-dp-0.65,0,122,0.3835,5.1479
dpa-dp-0.65,0,123,0.3422,5.3407
dpa-dp-0.65,0,124,0.3803,5.1523
dpa-dp-0.65,0,125,0.3724,5.1583
dpa-dp-0.65,0,126,0.3791,5.3649
dpa-dp-0.65,0,127,0.3859,5.23
dpa-dp-0.65,0,128,0.3868,5.1408
dpa-dp-0.65,0,129,0.3819,5.3347
dpa-dp-0.65,0,130,0.3941,5.029
dpa-dp-0.65,0,131,0.3975,5.309
dpa-dp-0.65,0,132,0.3564,5.5862
dpa-dp-0.65,0,133,0.3714,5.5943
dpa-dp-0.65,0,134,0.3613,5.5994
dpa-dp-0.65,0,135,0.3654,5.598
dpa-dp-0.65,0,136,0.3609,5.466
dpa-dp-0.65,0,137,0.386,5.4153
dpa-dp-0.65,0,138,0.3952,5.0455
dpa-dp-0.65,0,139,0.3628,5.4698
dpa-dp-0.65,0,140,0.3921,5.0574
dpa-dp-0.65,0,141,0.3786,5.0083
dpa-dp-0.65,0,142,0.3812,5.1343
dpa-dp-0.65,0,143,0.3852,5.492
dpa-dp-0.65,0,144,0.3522,5.8564
dpa-dp-0.65,0,145,0.3754,5.7697
dpa-dp-0.65,0,146,0.3783,5.5246
dpa-dp-0.65,0,147,0.3518,5.727
dpa-dp-0.65,0,148,0.3864,5.1839
dpa-dp-0.65,0,149,0.3811,5.5284
dpa-dp-0.65,0,150,0.3607,5.4918
dpa-dp-0.65,0,151,0.3831,5.1029
dpa-dp-0.65,0,152,0.3885,4.915
dpa-dp-0.65,0,153,0.3958,4.8145
dpa-dp-0.65,0,154,0.3964,4.8872
dpa-dp-0.65,0,155,0.3825,4.9865
dpa-dp-0.65,0,156,0.3748,5.1979
dpa-dp-0.65,0,157,0.3682,4.9636
dpa-dp-0.65,0,158,0.3808,5.1149
dpa-dp-0.65,0,159,0.3938,5.018
dpa-dp-0.65,0,160,0.389,4.9009
dpa-dp-0.65,0,161,0.3985,4.9686
dpa-dp-0.65,0,162,0.3859,5.1529
dpa-dp-0.65,0,163,0.3663,5.1432
dpa-dp-0.65,0,164,0.378,4.9782
dpa-dp-0.65,0,165,0.3914,4.9302
dpa-dp-0.65,0,166,0.3834,5.1438
dpa-dp-0.65,0,167,0.3942,5.0333
dpa-dp-0.65,0,168,0.394,5.0884
dpa-dp-0.65,0,169,0.3653,5.3381
dpa-dp-0.65,0,170,0.3858,5.2829
dpa-dp-0.65,0,171,0.367,5.4222
dpa-dp-0.65,0,172,0.3792,4.8003
dpa-dp-0.65,0,173,0.3778,5.1785
dpa-dp-0.65,0,174,0.3795,5.2239
dpa-dp-0.65,0,175,0.3697,5.4685
dpa-dp-0.65,0,176,0.3602,5.5901
dpa-dp-0.65,0,177,0.3885,5.3207
dpa-dp-0.65,0,178,0.3467,5.9972
dpa-dp-0.65,0,179,0.3851,5.2309
dpa-dp-0.65,0,180,0.3953,5.6698
dpa-dp-0.65,0,181,0.4071,2.2468
dpa-dp-0.65,0,182,0.4224,2.1806
dpa-dp-0.65,0,183,0.4257,2.1877
dpa-dp-0.65,0,184,0.4322,2.1466
dpa-dp-0.65,0,185,0.4371,2.1127
dpa-dp-0.65,0,186,0.435,2.1025
dpa-dp-0.65,0,187,0.435,2.0729
dpa-dp-0.65,0,188,0.4411,2.0796
dpa-dp-0.65,0,189,0.4394,2.0854
dpa-dp-0.65,0,190,0.4443,2.0533
dpa-dp-0.65,0,191,0.4531,2.0689
dpa-dp-0.65,0,192,0.4496,2.0558
dpa-dp-0.65,0,193,0.4505,2.0408
dpa-dp-0.65,0,194,0.4448,2.0767
dpa-dp-0.65,0,195,0.4591,2.0142
dpa-dp-0.65,0,196,0.4603,1.9787
dpa-dp-0.65,0,197,0.4626,2.0145
dpa-dp-0.65,0,198,0.4586,1.9768
dpa-dp-0.65,0,199,0.4617,1.9924
dpa-dp-0.65,0,200,0.4634,1.9433
dpa-dp-0.65,1,0,0.103,2.3073
dpa-dp-0.65,1,1,0.1521,2.64
dpa-dp-0.65,1,2,0.1971,2.6324
dpa-dp-0.65,1,3,0.2209,2.5807
dpa-dp-0.65,1,4,0.2111,2.5604
dpa-dp-0.65,1,5,0.2378,2.7189
dpa-dp-0.65,1,6,0.2475,2.7593
dpa-dp-0.65,1,7,0.2585,2.8024
dpa-dp-0.65,1,8,0.2746,2.9488
dpa-dp-0.65,1,9,0.2626,2.9567
dpa-dp-0.65,1,10,0.2755,3.0272
dpa-dp-0.65,1,11,0.2705,3.075
dpa-dp-0.65,1,12,0.2992,2.976
dpa-dp-0.65,1,13,0.3048,3.05
dpa-dp-0.65,1,14,0.3119,3.0184
dpa-dp-0.65,1,15,0.3129,2.966
dpa-dp-0.65,1,16,0.3225,2.9361
dpa-dp-0.65,1,17,0.3106,2.8664
dpa-dp-0.65,1,18,0.3127,3.0329
dpa-dp-0.65,1,19,0.3184,3.0124
dpa-dp-0.65,1,20,0.3089,2.9961
dpa-dp-0.65,1,21,0.2979,3.1444
dpa-dp-0.65,1,22,0.2956,3.1829
dpa-dp-0.65,1,23,0.3178,3.1727
dpa-dp-0.65,1,24,0.3162,3.1569
dpa-dp-0.65,1,25,0.331,3.1853
dpa-dp-0.65,1,26,0.3293,3.2029
dpa-dp-0.65,1,27,0.3378,3.331
dpa-dp-0.65,1,28,0.3429,3.3883
dpa-dp-0.65,1,29,0.3469,3.5039
dpa-dp-0.65,1,30,0.3373,3.4577
dpa-dp-0.65,1,31,0.3465,3.5747
dpa-dp-0.65,1,32,0.3501,3.5997
dpa-dp-0.65,1,33,0.3404,3.7489
dpa-dp-0.65,1,34,0.3525,3.551
dpa-dp-0.65,1,35,0.343,3.5854
dpa-dp-0.65,1,36,0.3571,3.6209
dpa-dp-0.65,1,37,0.3554,3.8601
dpa-dp-0.65,1,38,0.3717,3.5477
dpa-dp-0.65,1,39,0.3642,3.6552
dpa-dp-0.65,1,40,0.3723,3.7151
dpa-dp-0.65,1,41,0.3717,3.9005
dpa-dp-0.65,1,42,0.3747,3.845
dpa-dp-0.65,1,43,0.3685,4.0265
dpa-dp-0.65,1,44,0.3669,3.942
dpa-dp-0.65,1,45,0.3796,4.0055
dpa-dp-0.65,1,46,0.3844,3.688
dpa-dp-0.65,1,47,0.3821,3.7528
dpa-dp-0.65,1,48,0.3594,4.0361
dpa-dp-0.65,1,49,0.3831,3.6391
dpa-dp-0.65,1,50,0.3871,3.8872
dpa-dp-0.65,1,51,0.3845,3.9569
dpa-dp-0.65,1,52,0.3836,3.8041
dpa-dp-0.65,1,53,0.3767,4.0782
dpa-dp-0.65,1,54,0.3883,4.1179
dpa-dp-0.65,1,55,0.3854,3.8331
dpa-dp-0.65,1,56,0.3866,3.4601
dpa-dp-0.65,1,57,0.3722,3.9832
dpa-dp-0.65,1,58,0.3844,3.8868
dpa-dp-0.65,1,59,0.3631,4.231
dpa-dp-0.65,1,60,0.3846,3.8178
dpa-dp-0.65,1,61,0.3831,4.2305
dpa-dp-0.65,1,62,0.3863,4.0633
dpa-dp-0.65,1,63,0.376,4.3207
dpa-dp-0.65,1,64,0.3775,4.6565
dpa-dp-0.65,1,65,0.3852,4.6216
dpa-dp-0.65,1,66,0.3876,4.7122
dpa-dp-0.65,1,67,0.3739,4.7461
dpa-dp-0.65,1,68,0.3881,4.5037
dpa-dp-0.65,1,69,0.3837,4.896
dpa-dp-0.65,1,70,0.3759,4.8165
dpa-dp-0.65,1,71,0.3813,5.1638
dpa-dp-0.65,1,72,0.387,4.9109
dpa-dp-0.65,1,73,0.3816,4.8539
dpa-dp-0.65,1,74,0.3836,5.0884
dpa-dp-0.65,1,75,0.3961,5.1847
dpa-dp-0.65,1,76,0.375,5.1157
dpa-dp-0.65,1,77,0.3918,5.2743
dpa-dp-0.65,1,78,0.3792,5.4094
dpa-dp-0.65,1,79,0.3924,5.0478
dpa-dp-0.65,1,80,0.404,4.9537
dpa-dp-0.65,1,81,0.4011,4.7699
dpa-dp-0.65,1,82,0.3987,4.9034
dpa-dp-0.65,1,83,0.3959,5.1094
dpa-dp-0.65,1,84,0.4017,5.1753
dpa-dp-0.65,1,85,0.4009,4.9975
dpa-dp-0.65,1,86,0.4017,5.3707
dpa-dp-0.65,1,87,0.4003,5.142
dpa-dp-0.65,1,88,0.4028,5.0581
dpa-dp-0.65,1,89,0.4037,5.0642
dpa-dp-0.65,1,90,0.3975,5.1297
dpa-dp-0.65,1,91,0.382,5.4951
dpa-dp-0.65,1,92,0.3973,5.0528
dpa-dp-0.65,1,93,0.3997,5.3976
dpa-dp-0.65,1,94,0.4083,5.2031
dpa-dp-0.65,1,95,0.406,5.0571
dpa-dp-0.65,1,96,0.3902,5.4818
dpa-dp-0.65,1,97,0.3986,5.1141
dpa-dp-0.65,1,98,0.3954,5.0421
dpa-dp-0.65,1,99,0.401,4.8166
dpa-dp-0.65,1,100,0.3726,5.4339
dpa-dp-0.65,1,101,0.3888,5.3489
dpa-dp-0.65,1,102,0.3916,5.3557
dpa-dp-0.65,1,103,0.4047,5.4069
dpa-dp-0.65,1,104,0.391,5.3679
dpa-dp-0.65,1,105,0.3987,5.3084
dpa-dp-0.65,1,106,0.3982,4.9659
dpa-dp-0.65,1,107,0.3995,5.3296
dpa-dp-0.65,1,108,0.3901,5.3614
dpa-dp-0.65,1,109,0.3891,5.7541
dpa-dp-0.65,1,110,0.3887,5.6724
dpa-dp-0.65,1,111,0.4027,5.546
dpa-dp-0.65,1,112,0.4052,5.1614
dpa-dp-0.65,1,113,0.3813,5.7923
dpa-dp-0.65,1,114,0.3812,5.7136
dpa-dp-0.65,1,115,0.3868,5.4639
dpa-dp-0.65,1,116,0.3977,5.3088
dpa-dp-0.65,1,117,0.4178,5.297
dpa-dp-0.65,1,118,0.411,5.7135
dpa-dp-0.65,1,119,0.407,5.6146
dpa-dp-0.65,1,120,0.4107,5.6263
dpa-dp-0.65,1,121,0.3776,6.1437
dpa-dp-0.65,1,122,0.4026,5.5534
dpa-dp-0.65,1,123,0.4169,5.5044
dpa-dp-0.65,1,124,0.4195,5.4281
dpa-dp-0.65,1,125,0.4191,5.4974
dpa-dp-0.65,1,126,0.4129,6.041
dpa-dp-0.65,1,127,0.398,5.5597
dpa-dp-0.65,1,128,0.4139,5.3271
dpa-dp-0.65,1,129,0.4285,5.7364
dpa-dp-0.65,1,130,0.419,5.6484
dpa-dp-0.65,1,131,0.4175,5.675
dpa-dp-0.65,1,132,0.4185,5.7499
dpa-dp-0.65,1,133,0.4288,5.4705
dpa-dp-0.65,1,134,0.4305,5.1669
dpa-dp-0.65,1,135,0.4183,5.4567
dpa-dp-0.65,1,136,0.4186,5.1682
dpa-dp-0.65,1,137,0.422,5.7284
dpa-dp-0.65,1,138,0.4328,5.4759
dpa-dp-0.65,1,139,0.4282,5.5835
dpa-dp-0.65,1,140,0.4287,5.6093
dpa-dp-0.65,1,141,0.4174,5.6755
dpa-dp-0.65,1,142,0.4184,5.7389
dpa-dp-0.65,1,143,0.4255,5.3865
dpa-dp-0.65,1,144,0.4185,5.3343
dpa-dp-0.65,1,145,0.4204,5.5042
dpa-dp-0.65,1,146,0.4316,5.296
dpa-dp-0.65,1,147,0.4112,5.1604
dpa-dp-0.65,1,148,0.4199,5.7445
dpa-dp-0.65,1,149,0.4174,5.4378
dpa-dp-0.65,1,150,0.415,5.664
dpa-dp-0.65,1,151,0.4132,5.4998
dpa-dp-0.65,1,152,0.4048,5.1178
dpa-dp-0.65,1,153,0.4137,5.2591
dpa-dp-0.65,1,154,0.4124,5.6507
dpa-dp-0.65,1,155,0.4209,5.2497
dpa-dp-0.65,1,156,0.4188,5.1428
dpa-dp-0.65,1,157,0.4273,5.3229
dpa-dp-0.65,1,158,0.4249,5.2918
dpa-dp-0.65,1,159,0.4156,5.3655
dpa-dp-0.65,1,160,0.4281,5.3214
dpa-dp-0.65,1,161,0.418,5.564
dpa-dp-0.65,1,162,0.4065,5.5044
dpa-dp-0.65,1,163,0.4113,5.3429
dpa-dp-0.65,1,164,0.4012,6.0238
dpa-dp-0.65,1,165,0.4087,5.7008
dpa-dp-0.65,1,166,0.4054,6.1299
dpa-dp-0.65,1,167,0.3969,6.3508
dpa-dp-0.65,1,168,0.4129,6.1967
dpa-dp-0.65,1,169,0.4241,5.8237
dpa-dp-0.65,1,170,0.4196,5.7761
dpa-dp-0.65,1,171,0.4142,5.9464
dpa-dp-0.65,1,172,0.4133,6.0553
dpa-dp-0.65,1,173,0.405,6.3579
dpa-dp-0.65,1,174,0.417,5.8514
dpa-dp-0.65,1,175,0.3937,6.1449
dpa-dp-0.65,1,176,0.4154,5.7255
dpa-dp-0.65,1,177,0.4033,6.0938
dpa-dp-0.65,1,178,0.4064,5.6481
dpa-dp-0.65,1,179,0.399,5.6317
dpa-dp-0.65,1,180,0.4132,5.3768
dpa-dp-0.65,1,181,0.425,2.466
dpa-dp-0.65,1,182,0.4384,2.2598
dpa-dp-0.65,1,183,0.4449,2.2329
dpa-dp-0.65,1,184,0.4544,2.1321
dpa-dp-0.65,1,185,0.4616,2.1086
dpa-dp-0.65,1,186,0.4682,2.043
dpa-dp-0.65,1,187,0.4674,2.0281
dpa-dp-0.65,1,188,0.4753,2.0091
dpa-dp-0.65,1,189,0.4766,1.9755
dpa-dp-0.65,1,190,0.4796,2.0049
dpa-dp-0.65,1,191,0.4814,1.9917
dpa-dp-0.65,1,192,0.4834,2.0012
dpa-dp-0.65,1,193,0.4763,2.0302
dpa-dp-0.65,1,194,0.4906,1.9548
dpa-dp-0.65,1,195,0.486,1.9627
dpa-dp-0.65,1,196,0.492,1.9161
dpa-dp-0.65,1,197,0.4856,1.96
dpa-dp-0.65,1,198,0.4893,1.9164
dpa-dp-0.65,1,199,0.4923,1.9107
dpa-dp-0.65,1,200,0.4919,1.9051
dpa-dp-0.65,2,0,0.103,2.3073
dpa-dp-0.65,2,1,0.1477,2.7216
dpa-dp-0.65,2,2,0.1815,2.7383
dpa-dp-0.65,2,3,0.1705,2.7837
dpa-dp-0.65,2,4,0.245,2.7956
dpa-dp-0.65,2,5,0.2516,2.7314
dpa-dp-0.65,2,6,0.2454,2.6777
dpa-dp-0.65,2,7,0.2732,2.765
dpa-dp-0.65,2,8,0.2656,2.6839
dpa-dp-0.65,2,9,0.2806,2.8262
dpa-dp-0.65,2,10,0.252,3.0938
dpa-dp-0.65,2,11,0.2944,2.9754
dpa-dp-0.65,2,12,0.2884,2.9826
dpa-dp-0.65,2,13,0.2985,3.144
dpa-dp-0.65,2,14,0.3115,3.114
dpa-dp-0.65,2,15,0.3102,3.1877
dpa-dp-0.65,2,16,0.3183,3.03
dpa-dp-0.65,2,17,0.3225,3.0829
dpa-dp-0.65,2,18,0.3319,3.1287
dpa-dp-0.65,2,19,0.3119,3.1825
dpa-dp-0.65,2,20,0.3459,3.1957
dpa-dp-0.65,2,21,0.3129,3.5239
dpa-dp-0.65,2,22,0.3328,3.3632
dpa-dp-0.65,2,23,0.3167,3.5863
dpa-dp-0.65,2,24,0.3296,3.5075
dpa-dp-0.65,2,25,0.3386,3.7017
dpa-dp-0.65,2,26,0.3404,3.7278
dpa-dp-0.65,2,27,0.3326,3.6897
dpa-dp-0.65,2,28,0.345,3.788
dpa-dp-0.65,2,29,0.3273,4.258
dpa-dp-0.65,2,30,0.3434,4.0061
dpa-dp-0.65,2,31,0.3173,4.2502
dpa-dp-0.65,2,32,0.3372,4.3931
dpa-dp-0.65,2,33,0.3418,4.2455
dpa-dp-0.65,2,34,0.3398,4.2853
dpa-dp-0.65,2,35,0.3113,4.6268
dpa-dp-0.65,2,36,0.3156,4.5648
dpa-dp-0.65,2,37,0.3134,4.695
dpa-dp-0.65,2,38,0.3558,4.1745
dpa-dp-0.65,2,39,0.3629,4.4268
dpa-dp-0.65,2,40,0.3511,4.4877
dpa-dp-0.65,2,41,0.3144,4.9555
dpa-dp-0.65,2,42,0.3686,4.623
dpa-dp-0.65,2,43,0.3423,4.8767
dpa-dp-0.65,2,44,0.3661,4.7722
dpa-dp-0.65,2,45,0.3666,4.4989
dpa-dp-0.65,2,46,0.3435,4.9071
dpa-dp-0.65,2,47,0.3737,4.4816
dpa-dp-0.65,2,48,0.3443,4.7175
dpa-dp-0.65,2,49,0.3679,4.5808
dpa-dp-0.65,2,50,0.3797,4.4944
dpa-dp-0.65,2,51,0.3787,4.7455
dpa-dp-0.65,2,52,0.3782,4.5845
dpa-dp-0.65,2,53,0.3801,4.8511
dpa-dp-0.65,2,54,0.3727,5.0119
dpa-dp-0.65,2,55,0.3604,5.1736
dpa-dp-0.65,2,56,0.3809,5.09
dpa-dp-0.65,2,57,0.3629,5.0617
dpa-dp-0.65,2,58,0.3776,4.6955
dpa-dp-0.65,2,59,0.3731,4.891
dpa-dp-0.65,2,60,0.3599,5.1405
dpa-dp-0.65,2,61,0.3931,4.6891
dpa-dp-0.65,2,62,0.3909,4.9265
dpa-dp-0.65,2,63,0.3869,5.0924
dpa-dp-0.65,2,64,0.3712,4.9457
dpa-dp-0.65,2,65,0.374,4.9862
dpa-dp-0.65,2,66,0.3684,5.0089
dpa-dp-0.65,2,67,0.3837,4.8643
dpa-dp-0.65,2,68,0.3698,5.1319
dpa-dp-0.65,2,69,0.3858,4.9083
dpa-dp-0.65,2,70,0.3842,5.1906
dpa-dp-0.65,2,71,0.354,5.7834
dpa-dp-0.65,2,72,0.3679,5.4612
dpa-dp-0.65,2,73,0.3756,4.8564
dpa-dp-0.65,2,74,0.3703,4.7877
dpa-dp-0.65,2,75,0.3955,4.7574
dpa-dp-0.65,2,76,0.3688,4.9964
dpa-dp-0.65,2,77,0.388,4.5897
dpa-dp-0.65,2,78,0.3774,4.526
dpa-dp-0.65,2,79,0.3892,4.613
dpa-dp-0.65,2,80,0.3904,4.8282
dpa-dp-0.65,2,81,0.3908,4.5644
dpa-dp-0.65,2,82,0.3916,5.0181
dpa-dp-0.65,2,83,0.3679,5.1262
dpa-dp-0.65,2,84,0.3908,5.1909
dpa-dp-0.65,2,85,0.3943,4.9556
dpa-dp-0.65,2,86,0.3744,5.3527
dpa-dp-0.65,2,87,0.3819,5.1377
dpa-dp-0.65,2,88,0.3973,4.9887
dpa-dp-0.65,2,89,0.3584,5.0641
dpa-dp-0.65,2,90,0.3856,4.8233
dpa-dp-0.65,2,91,0.3868,4.736
dpa-dp-0.65,2,92,0.3794,4.8656
dpa-dp-0.65,2,93,0.3966,4.475
dpa-dp-0.65,2,94,0.3869,4.908
dpa-dp-0.65,2,95,0.3834,5.0707
dpa-dp-0.65,2,96,0.3728,5.0157
dpa-dp-0.65,2,97,0.3919,5.1436
dpa-dp-0.65,2,98,0.3866,5.2082
dpa-dp-0.65,2,99,0.3811,5.3084
dpa-dp-0.65,2,100,0.3975,4.7672
dpa-dp-0.65,2,101,0.3959,4.852
dpa-dp-0.65,2,102,0.393,4.9743
dpa-dp-0.65,2,103,0.3897,5.504
dpa-dp-0.65,2,104,0.3879,5.2254
dpa-dp-0.65,2,105,0.3766,5.2792
dpa-dp-0.65,2,106,0.392,4.9459
dpa-dp-0.65,2,107,0.3904,5.022
dpa-dp-0.65,2,108,0.3988,5.0488
dpa-dp-0.65,2,109,0.3866,5.2138
dpa-dp-0.65,2,110,0.3917,5.691
dpa-dp-0.65,2,111,0.3896,5.1631
dpa-dp-0.65,2,112,0.4022,4.9619
dpa-dp-0.65,2,113,0.3727,5.4488
dpa-dp-0.65,2,114,0.3956,5.0625
dpa-dp-0.65,2,115,0.3752,5.2949
dpa-dp-0.65,2,116,0.3908,4.8763
dpa-dp-0.65,2,117,0.4057,4.9838
dpa-dp-0.65,2,118,0.3993,5.0035
dpa-dp-0.65,2,119,0.3968,5.5297
dpa-dp-0.65,2,120,0.3952,5.1617
dpa-dp-0.65,2,121,0.3793,5.3607
dpa-dp-0.65,2,122,0.3879,5.2448
dpa-dp-0.65,2,123,0.376,5.49
dpa-dp-0.65,2,124,0.3943,5.2614
dpa-dp-0.65,2,125,0.3797,5.5488
dpa-dp-0.65,2,126,0.3851,5.3882
dpa-dp-0.65,2,127,0.3944,5.4766
dpa-dp-0.65,2,128,0.3856,5.502
dpa-dp-0.65,2,129,0.3936,5.2531
dpa-dp-0.65,2,130,0.3916,4.9838
dpa-dp-0.65,2,131,0.3971,5.2268
dpa-dp-0.65,2,132,0.3877,5.5339
dpa-dp-0.65,2,133,0.3838,5.4701
dpa-dp-0.65,2,134,0.3883,5.3511
dpa-dp-0.65,2,135,0.3982,5.3586
dpa-dp-0.65,2,136,0.3769,5.6611
dpa-dp-0.65,2,137,0.3937,5.2205
dpa-dp-0.65,2,138,0.3908,5.0568
dpa-dp-0.65,2,139,0.3709,5.4836
dpa-dp-0.65,2,140,0.393,5.532
dpa-dp-0.65,2,141,0.3565,5.8599
dpa-dp-0.65,2,142,0.3718,5.8147
dpa-dp-0.65,2,143,0.3786,6.018
dpa-dp-0.65,2,144,0.3557,6.009
dpa-dp-0.65,2,145,0.3655,6.0596
dpa-dp-0.65,2,146,0.377,5.6588
dpa-dp-0.65,2,147,0.3754,5.6558
dpa-dp-0.65,2,148,0.3989,5.7016
dpa-dp-0.65,2,149,0.3866,5.7295
dpa-dp-0.65,2,150,0.3968,5.2136
dpa-dp-0.65,2,151,0.3863,5.7221
dpa-dp-0.65,2,152,0.3499,6.4868
dpa-dp-0.65,2,153,0.378,6.0564
dpa-dp-0.65,2,154,0.3762,6.3151
dpa-dp-0.65,2,155,0.3845,5.6519
dpa-dp-0.65,2,156,0.388,5.8049
dpa-dp-0.65,2,157,0.3802,5.9704
dpa-dp-0.65,2,158,0.3553,6.309
dpa-dp-0.65,2,159,0.3567,6.6564
dpa-dp-0.65,2,160,0.3735,6.4374
dpa-dp-0.65,2,161,0.378,5.7934
dpa-dp-0.65,2,162,0.3879,5.9683
dpa-dp-0.65,2,163,0.3997,5.7105
dpa-dp-0.65,2,164,0.3947,5.7383
dpa-dp-0.65,2,165,0.3946,5.4852
dpa-dp-0.65,2,166,0.3941,5.5394
dpa-dp-0.65,2,167,0.4006,5.2537
dpa-dp-0.65,2,168,0.3794,5.558
dpa-dp-0.65,2,169,0.3871,5.2947
dpa-dp-0.65,2,170,0.4131,5.6152
dpa-dp-0.65,2,171,0.402,6.0228
dpa-dp-0.65,2,172,0.4103,6.1146
dpa-dp-0.65,2,173,0.4038,5.6269
dpa-dp-0.65,2,174,0.4183,5.1246
dpa-dp-0.65,2,175,0.4114,5.4859
dpa-dp-0.65,2,176,0.3971,5.7086
dpa-dp-0.65,2,177,0.4053,5.7703
dpa-dp-0.65,2,178,0.4033,5.9419
dpa-dp-0.65,2,179,0.3971,6.0713
dpa-dp-0.65,2,180,0.3993,6.4177
dpa-dp-0.65,2,181,0.4272,2.4531
dpa-dp-0.65,2,182,0.4388,2.2944
dpa-dp-0.65,2,183,0.4474,2.196
dpa-dp-0.65,2,184,0.4458,2.222
dpa-dp-0.65,2,185,0.4587,2.146
dpa-dp-0.65,2,186,0.4659,2.1044
dpa-dp-0.65,2,187,0.4685,2.0908
dpa-dp-0.65,2,188,0.4737,2.0864
dpa-dp-0.65,2,189,0.4732,2.0955
dpa-dp-0.65,2,190,0.4787,2.0479
dpa-dp-0.65,2,191,0.4797,2.0234
dpa-dp-0.65,2,192,0.4853,2.0205
dpa-dp-0.65,2,193,0.4769,2.0685
dpa-dp-0.65,2,194,0.4832,1.9871
dpa-dp-0.65,2,195,0.48,2.0289
dpa-dp-0.65,2,196,0.4765,1.9985
dpa-dp-0.65,2,197,0.4854,1.9639
dpa-dp-0.65,2,198,0.4813,1.9933
dpa-dp-0.65,2,199,0.4827,2.0048
dpa-dp-0.65,2,200,0.4942,1.948
dpa-dp-0.65,3,0,0.103,2.3073
dpa-dp-0.65,3,1,0.143,2.64
dpa-dp-0.65,3,2,0.1755,2.7141
dpa-dp-0.65,3,3,0.2048,2.7367
dpa-dp-0.65,3,4,0.2369,2.7461
dpa-dp-0.65,3,5,0.2686,2.7417
dpa-dp-0.65,3,6,0.2835,2.6636
dpa-dp-0.65,3,7,0.2768,2.7518
dpa-dp-0.65,3,8,0.2999,2.7501
dpa-dp-0.65,3,9,0.2977,2.7719
dpa-dp-0.65,3,10,0.2815,2.7721
dpa-dp-0.65,3,11,0.306,2.9066
dpa-dp-0.65,3,12,0.299,2.9237
dpa-dp-0.65,3,13,0.3221,2.8704
dpa-dp-0.65,3,14,0.3177,3.0897
dpa-dp-0.65,3,15,0.3294,3.1029
dpa-dp-0.65,3,16,0.327,3.105
dpa-dp-0.65,3,17,0.3222,3.1768
dpa-dp-0.65,3,18,0.3208,3.1193
dpa-dp-0.65,3,19,0.3278,3.205
dpa-dp-0.65,3,20,0.3248,3.2626
dpa-dp-0.65,3,21,0.3512,3.1531
dpa-dp-0.65,3,22,0.3501,3.1712
dpa-dp-0.65,3,23,0.3316,3.3222
dpa-dp-0.65,3,24,0.359,3.2174
dpa-dp-0.65,3,25,0.3391,3.2738
dpa-dp-0.65,3,26,0.3418,3.3465
dpa-dp-0.65,3,27,0.3391,3.3309
dpa-dp-0.65,3,28,0.3328,3.3252
dpa-dp-0.65,3,29,0.3186,3.4655
dpa-dp-0.65,3,30,0.3437,3.4569
dpa-dp-0.65,3,31,0.335,3.5701
dpa-dp-0.65,3,32,0.3525,3.3471
dpa-dp-0.65,3,33,0.3312,3.7129
dpa-dp-0.65,3,34,0.3427,3.9895
dpa-dp-0.65,3,35,0.3362,3.7377
dpa-dp-0.65,3,36,0.3524,3.5806
dpa-dp-0.65,3,37,0.3317,4.0037
dpa-dp-0.65,3,38,0.3313,4.0587
dpa-dp-0.65,3,39,0.3499,3.8095
dpa-dp-0.65,3,40,0.3555,3.9524
dpa-dp-0.65,3,41,0.354,3.9574
dpa-dp-0.65,3,42,0.3643,3.7643
dpa-dp-0.65,3,43,0.3652,3.9252
dpa-dp-0.65,3,44,0.3657,3.9982
dpa-dp-0.65,3,45,0.3682,4.1635
dpa-dp-0.65,3,46,0.3684,3.9505
dpa-dp-0.65,3,47,0.3677,3.8072
dpa-dp-0.65,3,48,0.3645,4.0348
dpa-dp-0.65,3,49,0.3786,4.0718
dpa-dp-0.65,3,50,0.3712,4.3178
dpa-dp-0.65,3,51,0.3804,4.1508
dpa-dp-0.65,3,52,0.3611,4.3086
dpa-dp-0.65,3,53,0.3755,4.2294
dpa-dp-0.65,3,54,0.3881,4.0817
dpa-dp-0.65,3,55,0.368,4.437
dpa-dp-0.65,3,56,0.3704,4.6453
dpa-dp-0.65,3,57,0.3663,4.5132
dpa-dp-0.65,3,58,0.3564,4.9007
dpa-dp-0.65,3,59,0.3656,4.4896
dpa-dp-0.65,3,60,0.3686,4.4279
dpa-dp-0.65,3,61,0.3781,4.4421
dpa-dp-0.65,3,62,0.387,4.675
dpa-dp-0.65,3,63,0.3781,4.7549
dpa-dp-0.65,3,64,0.3783,4.7381
dpa-dp-0.65,3,65,0.3855,4.9885
dpa-dp-0.65,3,66,0.3859,5.1634
dpa-dp-0.65,3,67,0.3808,4.8754
dpa-dp-0.65,3,68,0.3839,4.8724
dpa-dp-0.65,3,69,0.3759,4.8039
dpa-dp-0.65,3,70,0.3864,4.7619
dpa-dp-0.65,3,71,0.3783,4.4944
dpa-dp-0.65,3,72,0.3876,4.4936
dpa-dp-0.65,3,73,0.3803,4.6861
dpa-dp-0.65,3,74,0.3834,4.7626
dpa-dp-0.65,3,75,0.3774,5.1306
dpa-dp-0.65,3,76,0.3791,5.1269
dpa-dp-0.65,3,77,0.3716,5.6174
dpa-dp-0.65,3,78,0.3931,4.8739
dpa-dp-0.65,3,79,0.3935,4.7078
dpa-dp-0.65,3,80,0.3927,4.6514
dpa-dp-0.65,3,81,0.366,5.2326
dpa-dp-0.65,3,82,0.3743,5.003
dpa-dp-0.65,3,83,0.3892,4.6686
dpa-dp-0.65,3,84,0.3702,4.9367
dpa-dp-0.65,3,85,0.3808,4.9154
dpa-dp-0.65,3,86,0.383,5.2303
dpa-dp-0.65,3,87,0.3781,4.8102
dpa-dp-0.65,3,88,0.3851,4.8503
dpa-dp-0.65,3,89,0.3738,4.9021
dpa-dp-0.65,3,90,0.3916,4.6683
dpa-dp-0.65,3,91,0.3894,4.7434
dpa-dp-0.65,3,92,0.3826,5.0327
dpa-dp-0.65,3,93,0.3927,4.773
dpa-dp-0.65,3,94,0.3818,5.1103
dpa-dp-0.65,3,95,0.3963,4.7447
dpa-dp-0.65,3,96,0.389,4.8617
dpa-dp-0.65,3,97,0.3921,4.7466
dpa-dp-0.65,3,98,0.3853,4.8855
dpa-dp-0.65,3,99,0.3955,4.6488
dpa-dp-0.65,3,100,0.4005,4.819
dpa-dp-0.65,3,101,0.3898,4.8548
dpa-dp-0.65,3,102,0.4003,4.7934
dpa-dp-0.65,3,103,0.3744,5.2597
dpa-dp-0.65,3,104,0.4041,4.4165
dpa-dp-0.65,3,105,0.3931,5.3381
dpa-dp-0.65,3,106,0.3882,4.9799
dpa-dp-0.65,3,107,0.3678,5.4627
dpa-dp-0.65,3,108,0.3913,5.0222
dpa-dp-0.65,3,109,0.3838,5.405
dpa-dp-0.65,3,110,0.3969,5.9429
dpa-dp-0.65,3,111,0.3823,5.8578
dpa-dp-0.65,3,112,0.3874,5.4974
dpa-dp-0.65,3,113,0.3858,5.6857
dpa-dp-0.65,3,114,0.3998,5.7008
dpa-dp-0.65,3,115,0.3955,5.7438
dpa-dp-0.65,3,116,0.3987,5.1589
dpa-dp-0.65,3,117,0.395,5.3515
dpa-dp-0.65,3,118,0.392,5.2047
dpa-dp-0.65,3,119,0.4037,5.204
dpa-dp-0.65,3,120,0.3924,5.6078
dpa-dp-0.65,3,121,0.3856,6.1059
dpa-dp-0.65,3,122,0.3923,5.9843
dpa-dp-0.65,3,123,0.392,5.3046
dpa-dp-0.65,3,124,0.3911,5.5612
dpa-dp-0.65,3,125,0.4009,5.621
dpa-dp-0.65,3,126,0.3941,5.6447
dpa-dp-0.65,3,127,0.396,5.5793
dpa-dp-0.65,3,128,0.3869,5.6281
dpa-dp-0.65,3,129,0.3963,5.5052
dpa-dp-0.65,3,130,0.3808,5.8343
dpa-dp-0.65,3,131,0.4032,5.5421
dpa-dp-0.65,3,132,0.3841,5.6078
dpa-dp-0.65,3,133,0.3943,5.7
dpa-dp-0.65,3,134,0.3908,5.9802
dpa-dp-0.65,3,135,0.3836,6.1593
dpa-dp-0.65,3,136,0.3933,5.6044
dpa-dp-0.65,3,137,0.3933,5.7552
dpa-dp-0.65,3,138,0.3929,5.6942
dpa-dp-0.65,3,139,0.3996,5.5594
dpa-dp-0.65,3,140,0.4037,5.3201
dpa-dp-0.65,3,141,0.3895,5.7151
dpa-dp-0.65,3,142,0.3824,5.919
dpa-dp-0.65,3,143,0.3991,5.4921
dpa-dp-0.65,3,144,0.4016,5.2783
dpa-dp-0.65,3,145,0.3977,5.5478
dpa-dp-0.65,3,146,0.3934,5.5369
dpa-dp-0.65,3,147,0.389,5.947
dpa-dp-0.65,3,148,0.3804,5.647
dpa-dp-0.65,3,149,0.3934,5.8829
dpa-dp-0.65,3,150,0.3971,5.9196
dpa-dp-0.65,3,151,0.3884,6.2724
dpa-dp-0.65,3,152,0.3865,5.7994
dpa-dp-0.65,3,153,0.3813,6.0385
dpa-dp-0.65,3,154,0.3816,5.4498
dpa-dp-0.65,3,155,0.3933,5.5732
dpa-dp-0.65,3,156,0.3907,5.8199
dpa-dp-0.65,3,157,0.3902,6.2217
dpa-dp-0.65,3,158,0.3986,5.7912
dpa-dp-0.65,3,159,0.3939,5.9222
dpa-dp-0.65,3,160,0.3869,6.3112
dpa-dp-0.65,3,161,0.3971,6.3359
dpa-dp-0.65,3,162,0.3746,5.6594
dpa-dp-0.65,3,163,0.3813,5.1376
dpa-dp-0.65,3,164,0.3921,5.2327
dpa-dp-0.65,3,165,0.3908,5.3492
dpa-dp-0.65,3,166,0.3924,5.4273
dpa-dp-0.65,3,167,0.3779,5.4757
dpa-dp-0.65,3,168,0.3773,5.9458
dpa-dp-0.65,3,169,0.3801,5.8431
dpa-dp-0.65,3,170,0.3949,5.5733
dpa-dp-0.65,3,171,0.393,5.4017
dpa-dp-0.65,3,172,0.394,5.6476
dpa-dp-0.65,3,173,0.3968,5.6096
dpa-dp-0.65,3,174,0.4011,5.8604
dpa-dp-0.65,3,175,0.3926,5.9488
dpa-dp-0.65,3,176,0.3853,5.7012
dpa-dp-0.65,3,177,0.3999,5.7685
dpa-dp-0.65,3,178,0.3975,5.7099
dpa-dp-0.65,3,179,0.387,5.5899
dpa-dp-0.65,3,180,0.3824,5.4428
dpa-dp-0.65,3,181,0.4024,2.5385
dpa-dp-0.65,3,182,0.4198,2.3457
dpa-dp-0.65,3,183,0.4248,2.2528
dpa-dp-0.65,3,184,0.425,2.2799
dpa-dp-0.65,3,185,0.4303,2.2027
dpa-dp-0.65,3,186,0.4319,2.198
dpa-dp-0.65,3,187,0.4354,2.1629
dpa-dp-0.65,3,188,0.443,2.1255
dpa-dp-0.65,3,189,0.4443,2.0928
dpa-dp-0.65,3,190,0.451,2.0437
dpa-dp-0.65,3,191,0.4523,2.0688
dpa-dp-0.65,3,192,0.4571,2.0866
dpa-dp-0.65,3,193,0.4506,2.0837
dpa-dp-0.65,3,194,0.4597,2.0254
dpa-dp-0.65,3,195,0.4595,2.0516
dpa-dp-0.65,3,196,0.4631,2.0604
dpa-dp-0.65,3,197,0.4691,2.0488
dpa-dp-0.65,3,198,0.471,2.0621
dpa-dp-0.65,3,199,0.4688,2.0612
dpa-dp-0.65,3,200,0.4704,2.0202
dpa-dp-0.65,4,0,0.103,2.3073
dpa-dp-0.65,4,1,0.1446,2.6595
dpa-dp-0.65,4,2,0.1868,2.7102
dpa-dp-0.65,4,3,0.2112,2.6557
dpa-dp-0.65,4,4,0.2094,2.7008
dpa-dp-0.65,4,5,0.2331,2.7152
dpa-dp-0.65,4,6,0.2259,2.7217
dpa-dp-0.65,4,7,0.2604,2.7395
dpa-dp-0.65,4,8,0.2543,2.7633
dpa-dp-0.65,4,9,0.2711,2.9134
dpa-dp-0.65,4,10,0.2757,2.9113
dpa-dp-0.65,4,11,0.2832,2.9818
dpa-dp-0.65,4,12,0.2995,2.9661
dpa-dp-0.65,4,13,0.3026,2.9987
dpa-dp-0.65,4,14,0.3028,2.9132
dpa-dp-0.65,4,15,0.3164,3.1432
dpa-dp-0.65,4,16,0.3146,3.1677
dpa-dp-0.65,4,17,0.3282,3.3652
dpa-dp-0.65,4,18,0.322,3.4013
dpa-dp-0.65,4,19,0.3365,3.225
dpa-dp-0.65,4,20,0.3263,3.3497
dpa-dp-0.65,4,21,0.353,3.087
dpa-dp-0.65,4,22,0.351,3.2611
dpa-dp-0.65,4,23,0.3479,3.2591
dpa-dp-0.65,4,24,0.3518,3.1621
dpa-dp-0.65,4,25,0.3548,3.2262
dpa-dp-0.65,4,26,0.3483,3.3556
dpa-dp-0.65,4,27,0.3472,3.2296
dpa-dp-0.65,4,28,0.3585,3.1411
dpa-dp-0.65,4,29,0.3377,3.3256
dpa-dp-0.65,4,30,0.3689,3.2834
dpa-dp-0.65,4,31,0.3542,3.5058
dpa-dp-0.65,4,32,0.3557,3.3929
dpa-dp-0.65,4,33,0.3492,3.5163
dpa-dp-0.65,4,34,0.3577,3.4043
dpa-dp-0.65,4,35,0.3567,3.5882
dpa-dp-0.65,4,36,0.3382,3.5673
dpa-dp-0.65,4,37,0.3581,3.5815
dpa-dp-0.65,4,38,0.3558,3.4373
dpa-dp-0.65,4,39,0.3495,3.5584
dpa-dp-0.65,4,40,0.3473,3.4347
dpa-dp-0.65,4,41,0.3528,3.5539
dpa-dp-0.65,4,42,0.363,3.5831
dpa-dp-0.65,4,43,0.3551,3.7858
dpa-dp-0.65,4,44,0.3773,3.6128
dpa-dp-0.65,4,45,0.3548,3.8494
dpa-dp-0.65,4,46,0.3765,3.774
dpa-dp-0.65,4,47,0.3664,3.8545
dpa-dp-0.65,4,48,0.3616,3.972
dpa-dp-0.65,4,49,0.3573,3.8772
dpa-dp-0.65,4,50,0.3763,3.5822
dpa-dp-0.65,4,51,0.3555,3.8017
dpa-dp-0.65,4,52,0.3747,3.629
dpa-dp-0.65,4,53,0.3786,3.843
dpa-dp-0.65,4,54,0.3566,3.9845
dpa-dp-0.65,4,55,0.3698,4.0737
dpa-dp-0.65,4,56,0.3599,4.5048
dpa-dp-0.65,4,57,0.3828,4.2348
dpa-dp-0.65,4,58,0.3856,3.9451
dpa-dp-0.65,4,59,0.3904,4.0268
dpa-dp-0.65,4,60,0.3879,3.9612
dpa-dp-0.65,4,61,0.3919,3.8181
dpa-dp-0.65,4,62,0.3868,3.5918
dpa-dp-0.65,4,63,0.383,3.793
dpa-dp-0.65,4,64,0.3803,3.6689
dpa-dp-0.65,4,65,0.3697,3.8772
dpa-dp-0.65,4,66,0.3949,3.9491
dpa-dp-0.65,4,67,0.3582,4.3663
dpa-dp-0.65,4,68,0.3856,4.3366
dpa-dp-0.65,4,69,0.3877,4.2754
dpa-dp-0.65,4,70,0.3999,4.4715
dpa-dp-0.65,4,71,0.3808,4.1645
dpa-dp-0.65,4,72,0.3839,4.4686
dpa-dp-0.65,4,73,0.3766,4.6842
dpa-dp-0.65,4,74,0.3792,4.5785
dpa-dp-0.65,4,75,0.3868,4.5021
dpa-dp-0.65,4,76,0.3776,4.4245
dpa-dp-0.65,4,77,0.3997,4.6773
dpa-dp-0.65,4,78,0.3823,4.6973
dpa-dp-0.65,4,79,0.3607,5.0207
dpa-dp-0.65,4,80,0.3782,4.9693
dpa-dp-0.65,4,81,0.3996,4.4822
dpa-dp-0.65,4,82,0.3973,4.2776
dpa-dp-0.65,4,83,0.3696,4.601
dpa-dp-0.65,4,84,0.3945,4.5127
dpa-dp-0.65,4,85,0.3897,4.2025
dpa-dp-0.65,4,86,0.4009,4.443
dpa-dp-0.65,4,87,0.3846,4.798
dpa-dp-0.65,4,88,0.4076,4.8642
dpa-dp-0.65,4,89,0.389,5.0381
dpa-dp-0.65,4,90,0.3943,4.5361
dpa-dp-0.65,4,91,0.3885,4.8072
dpa-dp-0.65,4,92,0.373,4.7352
dpa-dp-0.65,4,93,0.3783,4.5386
dpa-dp-0.65,4,94,0.3941,4.2328
dpa-dp-0.65,4,95,0.3833,4.8203
dpa-dp-0.65,4,96,0.3758,4.7994
dpa-dp-0.65,4,97,0.3846,4.6109
dpa-dp-0.65,4,98,0.3842,4.5012
dpa-dp-0.65,4,99,0.3898,4.5982
dpa-dp-0.65,4,100,0.3976,4.5455
dpa-dp-0.65,4,101,0.4055,4.8315
dpa-dp-0.65,4,102,0.3937,4.6664
dpa-dp-0.65,4,103,0.3892,5.0657
dpa-dp-0.65,4,104,0.3765,4.8788
dpa-dp-0.65,4,105,0.3961,4.8003
dpa-dp-0.65,4,106,0.3764,5.0167
dpa-dp-0.65,4,107,0.3877,4.5454
dpa-dp-0.65,4,108,0.3911,4.4892
dpa-dp-0.65,4,109,0.3854,4.5067
dpa-dp-0.65,4,110,0.3876,4.1507
dpa-dp-0.65,4,111,0.3884,4.8889
dpa-dp-0.65,4,112,0.3969,4.7891
dpa-dp-0.65,4,113,0.388,5.1855
dpa-dp-0.65,4,114,0.412,5.0566
dpa-dp-0.65,4,115,0.4027,5.1935
dpa-dp-0.65,4,116,0.3965,5.5682
dpa-dp-0.65,4,117,0.3979,5.5287
dpa-dp-0.65,4,118,0.3939,5.4725
dpa-dp-0.65,4,119,0.4024,5.8235
dpa-dp-0.65,4,120,0.407,5.5136
dpa-dp-0.65,4,121,0.4085,4.9859
dpa-dp-0.65,4,122,0.3945,5.1348
dpa-dp-0.65,4,123,0.4022,4.8494
dpa-dp-0.65,4,124,0.3873,5.3923
dpa-dp-0.65,4,125,0.4121,5.176
dpa-dp-0.65,4,126,0.4123,5.0376
dpa-dp-0.65,4,127,0.4087,5.5443
dpa-dp-0.65,4,128,0.4033,5.2033
dpa-dp-0.65,4,129,0.3987,5.5846
dpa-dp-0.65,4,130,0.4084,5.3926
dpa-dp-0.65,4,131,0.4093,5.2967
dpa-dp-0.65,4,132,0.4129,5.2322
dpa-dp-0.65,4,133,0.4145,4.9093
dpa-dp-0.65,4,134,0.4122,5.3501
dpa-dp-0.65,4,135,0.4088,5.0875
dpa-dp-0.65,4,136,0.4098,5.1569
dpa-dp-0.65,4,137,0.4022,5.2814
dpa-dp-0.65,4,138,0.4051,5.5925
dpa-dp-0.65,4,139,0.3977,5.2177
dpa-dp-0.65,4,140,0.3958,5.3176
dpa-dp-0.65,4,141,0.3956,5.4163
dpa-dp-0.65,4,142,0.4034,5.4229
dpa-dp-0.65,4,143,0.3706,5.7203
dpa-dp-0.65,4,144,0.3884,5.2995
dpa-dp-0.65,4,145,0.4084,5.3458
dpa-dp-0.65,4,146,0.4068,5.6578
dpa-dp-0.65,4,147,0.4026,5.706
dpa-dp-0.65,4,148,0.4003,5.3617
dpa-dp-0.65,4,149,0.4022,5.8093
dpa-dp-0.65,4,150,0.3921,5.859
dpa-dp-0.65,4,151,0.413,5.6423
dpa-dp-0.65,4,152,0.399,5.6516
dpa-dp-0.65,4,153,0.4134,5.3417
dpa-dp-0.65,4,154,0.3786,5.7356
dpa-dp-0.65,4,155,0.3991,5.2578
dpa-dp-0.65,4,156,0.4043,5.1544
dpa-dp-0.65,4,157,0.4132,5.1405
dpa-dp-0.65,4,158,0.4112,5.271
dpa-dp-0.65,4,159,0.4079,4.99
dpa-dp-0.65,4,160,0.4158,5.7203
dpa-dp-0.65,4,161,0.4159,5.8127
dpa-dp-0.65,4,162,0.4201,5.7977
dpa-dp-0.65,4,163,0.4076,5.4212
dpa-dp-0.65,4,164,0.4156,5.0284
dpa-dp-0.65,4,165,0.4103,5.2066
dpa-dp-0.65,4,166,0.4221,4.9851
dpa-dp-0.65,4,167,0.4113,5.2805
dpa-dp-0.65,4,168,0.4219,5.6311
dpa-dp-0.65,4,169,0.4144,5.678
dpa-dp-0.65,4,170,0.4144,5.4939
dpa-dp-0.65,4,171,0.4166,5.2528
dpa-dp-0.65,4,172,0.4182,5.1849
dpa-dp-0.65,4,173,0.3956,5.9903
dpa-dp-0.65,4,174,0.3996,6.189
dpa-dp-0.65,4,175,0.4184,5.4165
dpa-dp-0.65,4,176,0.4185,5.89
dpa-dp-0.65,4,177,0.4135,5.6773
dpa-dp-0.65,4,178,0.4199,5.0058
dpa-dp-0.65,4,179,0.413,5.1534
dpa-dp-0.65,4,180,0.4149,5.8571
dpa-dp-0.65,4,181,0.4318,2.3414
dpa-dp-0.65,4,182,0.4282,2.1776
dpa-dp-0.65,4,183,0.4482,2.0825
dpa-dp-0.65,4,184,0.4533,2.0497
dpa-dp-0.65,4,185,0.4541,2.0134
dpa-dp-0.65,4,186,0.4654,1.967
dpa-dp-0.65,4,187,0.4671,1.9983
dpa-dp-0.65,4,188,0.4752,1.975
dpa-dp-0.65,4,189,0.4761,1.9305
dpa-dp-0.65,4,190,0.4824,1.9258
dpa-dp-0.65,4,191,0.4838,1.9171
dpa-dp-0.65,4,192,0.484,1.93
dpa-dp-0.65,4,193,0.483,1.9278
dpa-dp-0.65,4,194,0.489,1.9199
dpa-dp-0.65,4,195,0.4937,1.873
dpa-dp-0.65,4,196,0.4895,1.8928
dpa-dp-0.65,4,197,0.4979,1.867
dpa-dp-0.65,4,198,0.5003,1.8665
dpa-dp-0.65,4,199,0.4962,1.8879
dpa-dp-0.65,4,200,0.4974,1.8859
dpa-dp-0.65,5,0,0.103,2.3073
dpa-dp-0.65,5,1,0.1748,2.68
dpa-dp-0.65,5,2,0.2097,2.7425
dpa-dp-0.65,5,3,0.1718,2.8615
dpa-dp-0.65,5,4,0.2285,2.7945
dpa-dp-0.65,5,5,0.2311,2.7692
dpa-dp-0.65,5,6,0.2638,2.7108
dpa-dp-0.65,5,7,0.2574,2.8558
dpa-dp-0.65,5,8,0.264,2.8461
dpa-dp-0.65,5,9,0.274,2.8363
dpa-dp-0.65,5,10,0.2828,2.8443
dpa-dp-0.65,5,11,0.2917,2.8986
dpa-dp-0.65,5,12,0.2894,3.0415
dpa-dp-0.65,5,13,0.3007,3.1218
dpa-dp-0.65,5,14,0.2973,3.179
dpa-dp-0.65,5,15,0.3107,3.0433
dpa-dp-0.65,5,16,0.3193,2.8521
dpa-dp-0.65,5,17,0.3213,2.9203
dpa-dp-0.65,5,18,0.2945,3.2129
dpa-dp-0.65,5,19,0.3275,3.2141
dpa-dp-0.65,5,20,0.3156,3.2915
dpa-dp-0.65,5,21,0.3216,3.4189
dpa-dp-0.65,5,22,0.3241,3.2949
dpa-dp-0.65,5,23,0.3394,3.2371
dpa-dp-0.65,5,24,0.3237,3.3831
dpa-dp-0.65,5,25,0.3158,3.2935
dpa-dp-0.65,5,26,0.3427,3.421
dpa-dp-0.65,5,27,0.351,3.3063
dpa-dp-0.65,5,28,0.3328,3.2909
dpa-dp-0.65,5,29,0.3534,3.263
dpa-dp-0.65,5,30,0.3529,3.4196
dpa-dp-0.65,5,31,0.3577,3.3101
dpa-dp-0.65,5,32,0.3602,3.5326
dpa-dp-0.65,5,33,0.3395,3.7203
dpa-dp-0.65,5,34,0.3518,3.6574
dpa-dp-0.65,5,35,0.3657,3.5456
dpa-dp-0.65,5,36,0.3488,3.5668
dpa-dp-0.65,5,37,0.3439,3.7292
dpa-dp-0.65,5,38,0.3643,3.7822
dpa-dp-0.65,5,39,0.3748,3.6927
dpa-dp-0.65,5,40,0.3813,3.6729
dpa-dp-0.65,5,41,0.3623,3.7009
dpa-dp-0.65,5,42,0.3555,3.7568
dpa-dp-0.65,5,43,0.357,3.9142
dpa-dp-0.65,5,44,0.3726,3.6934
dpa-dp-0.65,5,45,0.3654,3.6915
dpa-dp-0.65,5,46,0.3767,3.8241
dpa-dp-0.65,5,47,0.3608,3.9233
dpa-dp-0.65,5,48,0.3876,3.9018
dpa-dp-0.65,5,49,0.3734,3.8976
dpa-dp-0.65,5,50,0.3583,4.0739
dpa-dp-0.65,5,51,0.3803,4.0159
dpa-dp-0.65,5,52,0.3755,4.2032
dpa-dp-0.65,5,53,0.373,3.9464
dpa-dp-0.65,5,54,0.3686,4.1358
dpa-dp-0.65,5,55,0.3799,4.263
dpa-dp-0.65,5,56,0.3782,4.1182
dpa-dp-0.65,5,57,0.3869,4.0243
dpa-dp-0.65,5,58,0.3933,4.1951
dpa-dp-0.65,5,59,0.389,3.8532
dpa-dp-0.65,5,60,0.3886,4.1475
dpa-dp-0.65,5,61,0.3811,4.4261
dpa-dp-0.65,5,62,0.3847,4.3016
dpa-dp-0.65,5,63,0.3872,4.052
dpa-dp-0.65,5,64,0.3821,3.9651
dpa-dp-0.65,5,65,0.3792,4.2222
dpa-dp-0.65,5,66,0.3904,4.0594
dpa-dp-0.65,5,67,0.3831,4.3321
dpa-dp-0.65,5,68,0.396,4.3571
dpa-dp-0.65,5,69,0.3982,4.3438
dpa-dp-0.65,5,70,0.3919,4.283
dpa-dp-0.65,5,71,0.3931,4.3542
dpa-dp-0.65,5,72,0.3845,4.6452
dpa-dp-0.65,5,73,0.394,4.2917
dpa-dp-0.65,5,74,0.3902,4.3573
dpa-dp-0.65,5,75,0.3953,4.082
dpa-dp-0.65,5,76,0.3976,4.0851
dpa-dp-0.65,5,77,0.3872,4.2958
dpa-dp-0.65,5,78,0.4111,3.9667
dpa-dp-0.65,5,79,0.4051,4.1731
dpa-dp-0.65,5,80,0.398,4.2312
dpa-dp-0.65,5,81,0.3994,4.3977
dpa-dp-0.65,5,82,0.3988,4.1161
dpa-dp-0.65,5,83,0.3786,4.4422
dpa-dp-0.65,5,84,0.3657,4.7102
dpa-dp-0.65,5,85,0.3951,4.5433
dpa-dp-0.65,5,86,0.397,4.4299
dpa-dp-0.65,5,87,0.3983,4.1129
dpa-dp-0.65,5,88,0.4072,4.0918
dpa-dp-0.65,5,89,0.3932,4.065
dpa-dp-0.65,5,90,0.3984,4.2262
dpa-dp-0.65,5,91,0.4065,4.5709
dpa-dp-0.65,5,92,0.4049,4.4941
dpa-dp-0.65,5,93,0.4134,4.3147
dpa-dp-0.65,5,94,0.41,4.7046
dpa-dp-0.65,5,95,0.4149,4.8446
dpa-dp-0.65,5,96,0.4049,4.6196
dpa-dp-0.65,5,97,0.4064,4.9296
dpa-dp-0.65,5,98,0.4025,5.0357
dpa-dp-0.65,5,99,0.4036,5.0029
dpa-dp-0.65,5,100,0.4117,5.1304
dpa-dp-0.65,5,101,0.3946,4.9382
dpa-dp-0.65,5,102,0.4123,4.8861
dpa-dp-0.65,5,103,0.4017,5.331
dpa-dp-0.65,5,104,0.3967,5.4037
dpa-dp-0.65,5,105,0.4124,5.2284
dpa-dp-0.65,5,106,0.4098,5.3496
dpa-dp-0.65,5,107,0.4065,4.8924
dpa-dp-0.65,5,108,0.4116,4.8674
dpa-dp-0.65,5,109,0.4117,4.7671
dpa-dp-0.65,5,110,0.4074,5.0155
dpa-dp-0.65,5,111,0.4108,4.7288
dpa-dp-0.65,5,112,0.4062,5.0702
dpa-dp-0.65,5,113,0.4033,5.1066
dpa-dp-0.65,5,114,0.4073,5.3761
dpa-dp-0.65,5,115,0.3999,5.2922
dpa-dp-0.65,5,116,0.41,5.4735
dpa-dp-0.65,5,117,0.4055,5.7191
dpa-dp-0.65,5,118,0.4043,5.6396
dpa-dp-0.65,5,119,0.4139,5.1816
dpa-dp-0.65,5,120,0.3973,5.0412
dpa-dp-0.65,5,121,0.413,5.0018
dpa-dp-0.65,5,122,0.4065,5.1357
dpa-dp-0.65,5,123,0.3984,4.9702
dpa-dp-0.65,5,124,0.4073,4.4582
dpa-dp-0.65,5,125,0.3936,5.2155
dpa-dp-0.65,5,126,0.4117,4.6725
dpa-dp-0.65,5,127,0.4196,4.9587
dpa-dp-0.65,5,128,0.3891,5.3402
dpa-dp-0.65,5,129,0.4063,4.8667
dpa-dp-0.65,5,130,0.4029,4.9115
dpa-dp-0.65,5,131,0.4051,4.96
dpa-dp-0.65,5,132,0.4125,4.8965
dpa-dp-0.65,5,133,0.4027,5.0098
dpa-dp-0.65,5,134,0.4211,4.9905
dpa-dp-0.65,5,135,0.4254,5.0077
dpa-dp-0.65,5,136,0.4199,5.1863
dpa-dp-0.65,5,137,0.4167,5.1593
dpa-dp-0.65,5,138,0.418,4.9278
dpa-dp-0.65,5,139,0.427,5.0068
dpa-dp-0.65,5,140,0.4189,4.8271
dpa-dp-0.65,5,141,0.4167,5.1477
dpa-dp-0.65,5,142,0.4256,5.385
dpa-dp-0.65,5,143,0.4197,5.5401
dpa-dp-0.65,5,144,0.419,5.393
dpa-dp-0.65,5,145,0.426,5.128
dpa-dp-0.65,5,146,0.4191,5.798
dpa-dp-0.65,5,147,0.4192,5.8184
dpa-dp-0.65,5,148,0.4196,5.6807
dpa-dp-0.65,5,149,0.4228,6.0635
dpa-dp-0.65,5,150,0.4194,6.4956
dpa-dp-0.65,5,151,0.426,6.4705
dpa-dp-0.65,5,152,0.4084,5.9804
dpa-dp-0.65,5,153,0.4077,5.7837
dpa-dp-0.65,5,154,0.4104,5.5556
dpa-dp-0.65,5,155,0.4192,5.6433
dpa-dp-0.65,5,156,0.4098,6.1836
dpa-dp-0.65,5,157,0.4177,6.3877
dpa-dp-0.65,5,158,0.415,6.0337
dpa-dp-0.65,5,159,0.4044,5.7553
dpa-dp-0.65,5,160,0.3998,6.1944
dpa-dp-0.65,5,161,0.4063,6.1127
dpa-dp-0.65,5,162,0.4086,6.1375
dpa-dp-0.65,5,163,0.3905,6.3051
dpa-dp-0.65,5,164,0.4109,5.9814
dpa-dp-0.65,5,165,0.414,5.7267
dpa-dp-0.65,5,166,0.4073,6.0185
dpa-dp-0.65,5,167,0.4122,5.761
dpa-dp-0.65,5,168,0.4099,6.121
dpa-dp-0.65,5,169,0.4148,6.1988
dpa-dp-0.65,5,170,0.4205,6.5005
dpa-dp-0.65,5,171,0.4178,6.2634
dpa-dp-0.65,5,172,0.4176,5.7334
dpa-dp-0.65,5,173,0.4194,5.9977
dpa-dp-0.65,5,174,0.4139,6.2327
dpa-dp-0.65,5,175,0.4094,6.36
dpa-dp-0.65,5,176,0.3997,5.9437
dpa-dp-0.65,5,177,0.3983,5.7299
dpa-dp-0.65,5,178,0.3841,5.9449
dpa-dp-0.65,5,179,0.3899,6.2799
dpa-dp-0.65,5,180,0.4003,6.1696
dpa-dp-0.65,5,181,0.4152,2.5768
dpa-dp-0.65,5,182,0.4266,2.4287
dpa-dp-0.65,5,183,0.4386,2.3074
dpa-dp-0.65,5,184,0.4403,2.2744
dpa-dp-0.65,5,185,0.4437,2.2607
dpa-dp-0.65,5,186,0.4478,2.2173
dpa-dp-0.65,5,187,0.4519,2.167
dpa-dp-0.65,5,188,0.4545,2.1557
dpa-dp-0.65,5,189,0.4567,2.1964
dpa-dp-0.65,5,190,0.4589,2.1527
dpa-dp-0.65,5,191,0.4684,2.1172
dpa-dp-0.65,5,192,0.4662,2.1574
dpa-dp-0.65,5,193,0.4651,2.1162
dpa-dp-0.65,5,194,0.4642,2.0939
dpa-dp-0.65,5,195,0.4712,2.0117
dpa-dp-0.65,5,196,0.477,2.0078
dpa-dp-0.65,5,197,0.4704,2.0339
dpa-dp-0.65,5,198,0.4765,2.0415
dpa-dp-0.65,5,199,0.4785,2.0159
dpa-dp-0.65,5,200,0.4727,2.0213
