id,seed,round,accuracy,loss
fixed,0,0,0.103,2.3073
fixed,0,1,0.1461,2.2472
fixed,0,2,0.2127,2.1705
fixed,0,3,0.2473,2.0841
fixed,0,4,0.2388,2.0256
fixed,0,5,0.2774,1.9711
fixed,0,6,0.288,1.9357
fixed,0,7,0.3106,1.903
fixed,0,8,0.3224,1.8812
fixed,0,9,0.3124,1.8761
fixed,0,10,0.3419,1.8468
fixed,0,11,0.3464,1.8313
fixed,0,12,0.3591,1.812
fixed,0,13,0.3567,1.8089
fixed,0,14,0.3427,1.8201
fixed,0,15,0.3677,1.7889
fixed,0,16,0.3512,1.8314
fixed,0,17,0.3685,1.7992
fixed,0,18,0.3713,1.7772
fixed,0,19,0.3768,1.7794
fixed,0,20,0.3859,1.7469
fixed,0,21,0.3853,1.7971
fixed,0,22,0.3948,1.7487
fixed,0,23,0.3958,1.736
fixed,0,24,0.4025,1.7388
fixed,0,25,0.395,1.7696
fixed,0,26,0.3945,1.7605
fixed,0,27,0.4049,1.762
fixed,0,28,0.4129,1.7359
fixed,0,29,0.4117,1.7193
fixed,0,30,0.4062,1.7533
fixed,0,31,0.4076,1.7801
fixed,0,32,0.4117,1.7642
fixed,0,33,0.4062,1.7832
fixed,0,34,0.4167,1.762
fixed,0,35,0.4172,1.7474
fixed,0,36,0.4205,1.7538
fixed,0,37,0.424,1.7607
fixed,0,38,0.4227,1.7713
fixed,0,39,0.4263,1.7461
fixed,0,40,0.4257,1.7386
fixed,0,41,0.4295,1.7677
fixed,0,42,0.4235,1.7419
fixed,0,43,0.4275,1.7513
fixed,0,44,0.4252,1.7589
fixed,0,45,0.4369,1.7062
fixed,0,46,0.4288,1.7809
fixed,0,47,0.438,1.7469
fixed,0,48,0.4362,1.7531
fixed,0,49,0.4288,1.7834
fixed,0,50,0.4313,1.7911
fixed,0,51,0.445,1.7238
fixed,0,52,0.4399,1.7706
fixed,0,53,0.4459,1.7407
fixed,0,54,0.4413,1.7793
fixed,0,55,0.4416,1.7733
fixed,0,56,0.4381,1.7911
fixed,0,57,0.4327,1.8263
fixed,0,58,0.4548,1.7105
fixed,0,59,0.4516,1.7575
fixed,0,60,0.458,1.7195
fixed,0,61,0.4653,1.7062
fixed,0,62,0.453,1.7758
fixed,0,63,0.464,1.7594
fixed,0,64,0.4695,1.7224
fixed,0,65,0.4701,1.7495
fixed,0,66,0.4615,1.782
fixed,0,67,0.4675,1.7404
fixed,0,68,0.4683,1.776
fixed,0,69,0.4825,1.7079
fixed,0,70,0.4609,1.8422
fixed,0,71,0.4721,1.7762
fixed,0,72,0.4816,1.7396
fixed,0,73,0.4707,1.7679
fixed,0,74,0.4812,1.7217
fixed,0,75,0.4826,1.7293
fixed,0,76,0.4853,1.703
fixed,0,77,0.4833,1.7435
fixed,0,78,0.4883,1.724
fixed,0,79,0.4891,1.7408
fixed,0,80,0.4849,1.7678
fixed,0,81,0.4929,1.7486
fixed,0,82,0.4925,1.7402
fixed,0,83,0.4849,1.8116
fixed,0,84,0.4866,1.7718
fixed,0,85,0.4783,1.843
fixed,0,86,0.4744,1.8573
fixed,0,87,0.4864,1.7685
fixed,0,88,0.4834,1.8167
fixed,0,89,0.4907,1.7856
fixed,0,90,0.4871,1.773
fixed,0,91,0.4901,1.746
fixed,0,92,0.4891,1.8034
fixed,0,93,0.4808,1.8819
fixed,0,94,0.4936,1.7873
fixed,0,95,0.4925,1.808
fixed,0,96,0.491,1.8351
fixed,0,97,0.4924,1.8365
fixed,0,98,0.4904,1.8455
fixed,0,99,0.4935,1.7842
fixed,0,100,0.4958,1.8064
fixed,0,101,0.4875,1.8364
fixed,0,102,0.4966,1.7819
fixed,0,103,0.4981,1.7618
fixed,0,104,0.4957,1.7902
fixed,0,105,0.4966,1.7622
fixed,0,106,0.4971,1.7895
fixed,0,107,0.4959,1.8046
fixed,0,108,0.4985,1.7932
fixed,0,109,0.4973,1.7825
fixed,0,110,0.5042,1.7496
fixed,0,111,0.4982,1.7592
fixed,0,112,0.4939,1.7524
fixed,0,113,0.4987,1.7348
fixed,0,114,0.4892,1.8447
fixed,0,115,0.5016,1.7981
fixed,0,116,0.4927,1.8342
fixed,0,117,0.4927,1.8552
fixed,0,118,0.4993,1.7902
fixed,0,119,0.5013,1.8094
fixed,0,120,0.4994,1.7798
fixed,0,121,0.4956,1.8214
fixed,0,122,0.5051,1.779
fixed,0,123,0.5074,1.788
fixed,0,124,0.5036,1.8021
fixed,0,125,0.502,1.7792
fixed,0,126,0.4945,1.8844
fixed,0,127,0.5059,1.7932
fixed,0,128,0.5049,1.8215
fixed,0,129,0.5128,1.7868
fixed,0,130,0.5095,1.7917
fixed,0,131,0.5049,1.8195
fixed,0,132,0.5029,1.8085
fixed,0,133,0.5112,1.785
fixed,0,134,0.5033,1.8506
fixed,0,135,0.5122,1.7649
fixed,0,136,0.5104,1.8116
fixed,0,137,0.5065,1.8622
fixed,0,138,0.514,1.8014
fixed,0,139,0.5072,1.8291
fixed,0,140,0.5072,1.8223
fixed,0,141,0.5154,1.7627
fixed,0,142,0.5161,1.8062
fixed,0,143,0.5136,1.8666
fixed,0,144,0.5133,1.8602
fixed,0,145,0.5148,1.841
fixed,0,146,0.5192,1.8312
fixed,0,147,0.5062,1.9228
fixed,0,148,0.5098,1.8334
fixed,0,149,0.5167,1.7923
fixed,0,150,0.5059,1.8993
fixed,0,151,0.5212,1.7964
fixed,0,152,0.5166,1.8242
fixed,0,153,0.5168,1.8321
fixed,0,154,0.5259,1.8067
fixed,0,155,0.5289,1.8143
fixed,0,156,0.5163,1.8809
fixed,0,157,0.5242,1.8063
fixed,0,158,0.5235,1.828
fixed,0,159,0.5226,1.8304
fixed,0,160,0.524,1.8411
fixed,0,161,0.5313,1.8095
fixed,0,162,0.5327,1.8111
fixed,0,163,0.5282,1.8204
fixed,0,164,0.5201,1.9415
fixed,0,165,0.5312,1.8306
fixed,0,166,0.5258,1.897
fixed,0,167,0.5292,1.8478
fixed,0,168,0.5198,1.9312
fixed,0,169,0.5315,1.8228
fixed,0,170,0.5288,1.845
fixed,0,171,0.5295,1.8171
fixed,0,172,0.5325,1.8343
fixed,0,173,0.5283,1.8472
fixed,0,174,0.5316,1.8127
fixed,0,175,0.5272,1.8344
fixed,0,176,0.5301,1.8033
fixed,0,177,0.5358,1.7695
fixed,0,178,0.5339,1.7906
fixed,0,179,0.5346,1.8474
fixed,0,180,0.5254,1.9263
fixed,0,181,0.5301,1.8095
fixed,0,182,0.5235,1.8976
fixed,0,183,0.5218,1.8822
fixed,0,184,0.5375,1.7806
fixed,0,185,0.5251,1.9062
fixed,0,186,0.5344,1.8024
fixed,0,187,0.5399,1.7727
fixed,0,188,0.5331,1.8366
fixed,0,189,0.5269,1.8314
fixed,0,190,0.535,1.8213
fixed,0,191,0.5349,1.8372
fixed,0,192,0.5304,1.8791
fixed,0,193,0.544,1.8183
fixed,0,194,0.5388,1.8112
fixed,0,195,0.5443,1.7839
fixed,0,196,0.5401,1.8106
fixed,0,197,0.5375,1.8768
fixed,0,198,0.5412,1.8258
fixed,0,199,0.5361,1.8141
fixed,0,200,0.5401,1.7814
fixed,1,0,0.103,2.3073
fixed,1,1,0.1212,2.2603
fixed,1,2,0.1495,2.2127
fixed,1,3,0.2132,2.1168
fixed,1,4,0.2549,2.0373
fixed,1,5,0.2848,1.9882
fixed,1,6,0.31,1.9395
fixed,1,7,0.3072,1.9081
fixed,1,8,0.3268,1.8787
fixed,1,9,0.3172,1.8778
fixed,1,10,0.3322,1.8593
fixed,1,11,0.3407,1.8433
fixed,1,12,0.3528,1.8234
fixed,1,13,0.3588,1.8104
fixed,1,14,0.3471,1.802
fixed,1,15,0.3694,1.7692
fixed,1,16,0.3684,1.7836
fixed,1,17,0.372,1.7516
fixed,1,18,0.3757,1.7537
fixed,1,19,0.3739,1.7632
fixed,1,20,0.3824,1.7694
fixed,1,21,0.3806,1.7693
fixed,1,22,0.3757,1.797
fixed,1,23,0.3929,1.7523
fixed,1,24,0.385,1.7698
fixed,1,25,0.402,1.7336
fixed,1,26,0.3884,1.7871
fixed,1,27,0.4006,1.7577
fixed,1,28,0.4072,1.7429
fixed,1,29,0.4116,1.7432
fixed,1,30,0.4136,1.7284
fixed,1,31,0.4112,1.7595
fixed,1,32,0.4164,1.7439
fixed,1,33,0.4196,1.7206
fixed,1,34,0.4174,1.7443
fixed,1,35,0.4201,1.726
fixed,1,36,0.4251,1.697
fixed,1,37,0.426,1.7335
fixed,1,38,0.4311,1.7274
fixed,1,39,0.4395,1.7111
fixed,1,40,0.4372,1.7095
fixed,1,41,0.4485,1.6802
fixed,1,42,0.4432,1.6961
fixed,1,43,0.4388,1.7119
fixed,1,44,0.4366,1.7396
fixed,1,45,0.4488,1.6976
fixed,1,46,0.4482,1.7035
fixed,1,47,0.452,1.6921
fixed,1,48,0.4468,1.7101
fixed,1,49,0.4532,1.6885
fixed,1,50,0.4557,1.6797
fixed,1,51,0.4539,1.7091
fixed,1,52,0.4517,1.7554
fixed,1,53,0.4546,1.7175
fixed,1,54,0.4586,1.6951
fixed,1,55,0.4569,1.7145
fixed,1,56,0.4529,1.7465
fixed,1,57,0.4583,1.7329
fixed,1,58,0.4559,1.7428
fixed,1,59,0.4664,1.6952
fixed,1,60,0.468,1.6818
fixed,1,61,0.4705,1.6908
fixed,1,62,0.4718,1.6907
fixed,1,63,0.4664,1.7112
fixed,1,64,0.4762,1.6885
fixed,1,65,0.4747,1.6959
fixed,1,66,0.476,1.718
fixed,1,67,0.4717,1.7061
fixed,1,68,0.4738,1.6951
fixed,1,69,0.4755,1.7005
fixed,1,70,0.4672,1.7186
fixed,1,71,0.4703,1.7474
fixed,1,72,0.4801,1.7218
fixed,1,73,0.4782,1.7409
fixed,1,74,0.479,1.7436
fixed,1,75,0.4749,1.7529
fixed,1,76,0.4825,1.6948
fixed,1,77,0.4881,1.7002
fixed,1,78,0.4772,1.783
fixed,1,79,0.4772,1.7793
fixed,1,80,0.4844,1.7311
fixed,1,81,0.4924,1.7082
fixed,1,82,0.485,1.7459
fixed,1,83,0.4899,1.699
fixed,1,84,0.4899,1.6869
fixed,1,85,0.491,1.7051
fixed,1,86,0.4946,1.6902
fixed,1,87,0.4905,1.7317
fixed,1,88,0.4952,1.7103
fixed,1,89,0.495,1.6912
fixed,1,90,0.4965,1.665
fixed,1,91,0.4925,1.6968
fixed,1,92,0.4945,1.711
fixed,1,93,0.4989,1.7206
fixed,1,94,0.4958,1.7207
fixed,1,95,0.5021,1.6747
fixed,1,96,0.491,1.7724
fixed,1,97,0.4964,1.737
fixed,1,98,0.4989,1.7261
fixed,1,99,0.5043,1.6868
fixed,1,100,0.5052,1.6821
fixed,1,101,0.5018,1.7016
fixed,1,102,0.5027,1.7366
fixed,1,103,0.5098,1.7282
fixed,1,104,0.5079,1.7467
fixed,1,105,0.5122,1.7167
fixed,1,106,0.5141,1.688
fixed,1,107,0.5108,1.7363
fixed,1,108,0.5127,1.7479
fixed,1,109,0.5053,1.7723
fixed,1,110,0.5095,1.7378
fixed,1,111,0.5086,1.7378
fixed,1,112,0.5091,1.7251
fixed,1,113,0.5096,1.7452
fixed,1,114,0.5094,1.7356
fixed,1,115,0.5118,1.7152
fixed,1,116,0.5062,1.7518
fixed,1,117,0.5147,1.7298
fixed,1,118,0.5069,1.7812
fixed,1,119,0.5115,1.7402
fixed,1,120,0.513,1.7294
fixed,1,121,0.5107,1.7554
fixed,1,122,0.52,1.7172
fixed,1,123,0.5139,1.762
fixed,1,124,0.5145,1.8043
fixed,1,125,0.5144,1.7818
fixed,1,126,0.5175,1.7552
fixed,1,127,0.5156,1.7659
fixed,1,128,0.5181,1.7328
fixed,1,129,0.5209,1.7624
fixed,1,130,0.5229,1.7637
fixed,1,131,0.5229,1.7509
fixed,1,132,0.5225,1.7706
fixed,1,133,0.5295,1.7522
fixed,1,134,0.521,1.7742
fixed,1,135,0.5223,1.7757
fixed,1,136,0.5238,1.7249
fixed,1,137,0.5273,1.7344
fixed,1,138,0.5255,1.7814
fixed,1,139,0.5186,1.8009
fixed,1,140,0.5265,1.8066
fixed,1,141,0.5279,1.776
fixed,1,142,0.5239,1.7789
fixed,1,143,0.5249,1.797
fixed,1,144,0.5258,1.7619
fixed,1,145,0.529,1.7609
fixed,1,146,0.5247,1.7613
fixed,1,147,0.5241,1.8106
fixed,1,148,0.5211,1.8009
fixed,1,149,0.5198,1.8264
fixed,1,150,0.5262,1.7983
fixed,1,151,0.5243,1.8091
fixed,1,152,0.5206,1.8406
fixed,1,153,0.5288,1.7712
fixed,1,154,0.5225,1.8328
fixed,1,155,0.5295,1.7973
fixed,1,156,0.5206,1.8517
fixed,1,157,0.5253,1.8455
fixed,1,158,0.5266,1.8588
fixed,1,159,0.5183,1.8924
fixed,1,160,0.534,1.8298
fixed,1,161,0.5315,1.8493
fixed,1,162,0.5274,1.8844
fixed,1,163,0.5301,1.8568
fixed,1,164,0.5308,1.8442
fixed,1,165,0.5288,1.846
fixed,1,166,0.5284,1.8672
fixed,1,167,0.5264,1.8767
fixed,1,168,0.5319,1.8295
fixed,1,169,0.5296,1.8236
fixed,1,170,0.5294,1.8174
fixed,1,171,0.5373,1.8096
fixed,1,172,0.5368,1.801
fixed,1,173,0.5323,1.8365
fixed,1,174,0.5405,1.7856
fixed,1,175,0.5328,1.8417
fixed,1,176,0.5313,1.8315
fixed,1,177,0.5335,1.7709
fixed,1,178,0.5346,1.8704
fixed,1,179,0.5335,1.8652
fixed,1,180,0.5373,1.8572
fixed,1,181,0.5362,1.8535
fixed,1,182,0.5351,1.8278
fixed,1,183,0.5316,1.8526
fixed,1,184,0.537,1.8003
fixed,1,185,0.5356,1.8482
fixed,1,186,0.5425,1.8071
fixed,1,187,0.537,1.8089
fixed,1,188,0.5366,1.8351
fixed,1,189,0.5388,1.8275
fixed,1,190,0.5428,1.7819
fixed,1,191,0.5416,1.8144
fixed,1,192,0.5382,1.8733
fixed,1,193,0.5326,1.884
fixed,1,194,0.5393,1.8977
fixed,1,195,0.5358,1.8755
fixed,1,196,0.5393,1.8235
fixed,1,197,0.5361,1.8215
fixed,1,198,0.5391,1.8227
fixed,1,199,0.5455,1.7651
fixed,1,200,0.5374,1.8611
fixed,2,0,0.103,2.3073
fixed,2,1,0.1714,2.2555
fixed,2,2,0.1967,2.1982
fixed,2,3,0.2254,2.1283
fixed,2,4,0.2669,2.0443
fixed,2,5,0.2728,1.9909
fixed,2,6,0.2797,1.9529
fixed,2,7,0.3078,1.9173
fixed,2,8,0.3131,1.8921
fixed,2,9,0.3183,1.8752
fixed,2,10,0.3237,1.8661
fixed,2,11,0.3429,1.8376
fixed,2,12,0.3409,1.844
fixed,2,13,0.353,1.8091
fixed,2,14,0.3558,1.8041
fixed,2,15,0.3619,1.8071
fixed,2,16,0.3616,1.7999
fixed,2,17,0.3734,1.7775
fixed,2,18,0.385,1.7505
fixed,2,19,0.3857,1.7713
fixed,2,20,0.3903,1.7326
fixed,2,21,0.3881,1.7718
fixed,2,22,0.3911,1.748
fixed,2,23,0.3997,1.744
fixed,2,24,0.404,1.7384
fixed,2,25,0.4049,1.7318
fixed,2,26,0.4048,1.7352
fixed,2,27,0.406,1.7274
fixed,2,28,0.4126,1.7155
fixed,2,29,0.4104,1.7203
fixed,2,30,0.4139,1.6967
fixed,2,31,0.4026,1.7519
fixed,2,32,0.4093,1.7282
fixed,2,33,0.4296,1.6895
fixed,2,34,0.42,1.7241
fixed,2,35,0.4224,1.7089
fixed,2,36,0.4196,1.7656
fixed,2,37,0.428,1.7006
fixed,2,38,0.4407,1.661
fixed,2,39,0.4357,1.6926
fixed,2,40,0.4397,1.6956
fixed,2,41,0.4263,1.7341
fixed,2,42,0.4492,1.6753
fixed,2,43,0.4447,1.6978
fixed,2,44,0.453,1.6828
fixed,2,45,0.4495,1.6878
fixed,2,46,0.4446,1.7365
fixed,2,47,0.4506,1.7101
fixed,2,48,0.4487,1.7425
fixed,2,49,0.4462,1.7294
fixed,2,50,0.4605,1.6884
fixed,2,51,0.4542,1.7139
fixed,2,52,0.4594,1.7274
fixed,2,53,0.4607,1.7052
fixed,2,54,0.4594,1.7391
fixed,2,55,0.4583,1.7219
fixed,2,56,0.4631,1.7369
fixed,2,57,0.4613,1.7593
fixed,2,58,0.4593,1.7651
fixed,2,59,0.4707,1.7046
fixed,2,60,0.4681,1.7422
fixed,2,61,0.4691,1.7609
fixed,2,62,0.4673,1.7586
fixed,2,63,0.4698,1.7912
fixed,2,64,0.471,1.7903
fixed,2,65,0.4762,1.7503
fixed,2,66,0.4729,1.7408
fixed,2,67,0.472,1.7901
fixed,2,68,0.4645,1.7717
fixed,2,69,0.4749,1.7327
fixed,2,70,0.4745,1.7197
fixed,2,71,0.467,1.7929
fixed,2,72,0.4822,1.7231
fixed,2,73,0.4831,1.7373
fixed,2,74,0.4835,1.7219
fixed,2,75,0.49,1.704
fixed,2,76,0.4815,1.752
fixed,2,77,0.4874,1.6946
fixed,2,78,0.4794,1.7523
fixed,2,79,0.4844,1.7118
fixed,2,80,0.4832,1.7393
fixed,2,81,0.484,1.736
fixed,2,82,0.4853,1.7454
fixed,2,83,0.4827,1.7919
fixed,2,84,0.4875,1.7756
fixed,2,85,0.4899,1.7439
fixed,2,86,0.4946,1.7437
fixed,2,87,0.4939,1.7539
fixed,2,88,0.4977,1.7298
fixed,2,89,0.4882,1.7759
fixed,2,90,0.491,1.7927
fixed,2,91,0.5014,1.738
fixed,2,92,0.4963,1.7526
fixed,2,93,0.5013,1.7254
fixed,2,94,0.4971,1.7586
fixed,2,95,0.4975,1.7323
fixed,2,96,0.5032,1.7335
fixed,2,97,0.492,1.8223
fixed,2,98,0.5042,1.7154
fixed,2,99,0.5019,1.7532
fixed,2,100,0.5029,1.7404
fixed,2,101,0.5027,1.764
fixed,2,102,0.4973,1.7938
fixed,2,103,0.4997,1.7813
fixed,2,104,0.504,1.7755
fixed,2,105,0.5028,1.7847
fixed,2,106,0.5019,1.817
fixed,2,107,0.506,1.8004
fixed,2,108,0.5087,1.7876
fixed,2,109,0.5088,1.7822
fixed,2,110,0.5049,1.7813
fixed,2,111,0.5044,1.7781
fixed,2,112,0.5063,1.777
fixed,2,113,0.4994,1.8115
fixed,2,114,0.5058,1.7777
fixed,2,115,0.5039,1.7533
fixed,2,116,0.4993,1.821
fixed,2,117,0.5004,1.792
fixed,2,118,0.5033,1.8048
fixed,2,119,0.5055,1.8298
fixed,2,120,0.5013,1.8416
fixed,2,121,0.5039,1.8341
fixed,2,122,0.5037,1.8079
fixed,2,123,0.5005,1.8562
fixed,2,124,0.5028,1.8176
fixed,2,125,0.5036,1.8237
fixed,2,126,0.4961,1.8729
fixed,2,127,0.5038,1.7853
fixed,2,128,0.5029,1.8241
fixed,2,129,0.5052,1.819
fixed,2,130,0.5085,1.825
fixed,2,131,0.504,1.8318
fixed,2,132,0.5085,1.8047
fixed,2,133,0.5108,1.7888
fixed,2,134,0.5142,1.8129
fixed,2,135,0.5092,1.8018
fixed,2,136,0.5012,1.883
fixed,2,137,0.5079,1.832
fixed,2,138,0.4984,1.9139
fixed,2,139,0.4956,1.8858
fixed,2,140,0.4883,1.9232
fixed,2,141,0.495,1.9236
fixed,2,142,0.5085,1.8713
fixed,2,143,0.5057,1.9199
fixed,2,144,0.5036,1.8987
fixed,2,145,0.4982,1.9139
fixed,2,146,0.5061,1.9018
fixed,2,147,0.4989,1.953
fixed,2,148,0.5037,1.9486
fixed,2,149,0.5076,1.9177
fixed,2,150,0.5122,1.8755
fixed,2,151,0.5056,1.9748
fixed,2,152,0.5001,1.9593
fixed,2,153,0.5019,1.934
fixed,2,154,0.5016,1.9543
fixed,2,155,0.5058,1.9441
fixed,2,156,0.5079,1.927
fixed,2,157,0.5027,1.9339
fixed,2,158,0.5095,1.9097
fixed,2,159,0.4992,2.0269
fixed,2,160,0.5075,1.9179
fixed,2,161,0.5145,1.8846
fixed,2,162,0.508,1.967
fixed,2,163,0.5053,1.9368
fixed,2,164,0.5108,1.8996
fixed,2,165,0.5106,1.859
fixed,2,166,0.5227,1.8645
fixed,2,167,0.4968,1.9567
fixed,2,168,0.5165,1.8481
fixed,2,169,0.5209,1.8648
fixed,2,170,0.5216,1.867
fixed,2,171,0.5071,1.9495
fixed,2,172,0.5141,1.917
fixed,2,173,0.5165,1.8861
fixed,2,174,0.5157,1.8939
fixed,2,175,0.5196,1.8983
fixed,2,176,0.5148,1.9363
fixed,2,177,0.5199,1.9159
fixed,2,178,0.5154,1.9718
fixed,2,179,0.5053,2.0568
fixed,2,180,0.5141,2.0128
fixed,2,181,0.5143,1.9756
fixed,2,182,0.5139,1.971
fixed,2,183,0.5197,1.9509
fixed,2,184,0.5197,1.9374
fixed,2,185,0.5093,1.9872
fixed,2,186,0.5242,1.9034
fixed,2,187,0.52,1.8985
fixed,2,188,0.5168,1.9151
fixed,2,189,0.5144,1.9903
fixed,2,190,0.5108,1.9974
fixed,2,191,0.5175,1.9699
fixed,2,192,0.5255,1.8899
fixed,2,193,0.5227,1.8876
fixed,2,194,0.5219,1.9157
fixed,2,195,0.5258,1.8541
fixed,2,196,0.5147,1.9624
fixed,2,197,0.5246,1.8908
fixed,2,198,0.5244,1.933
fixed,2,199,0.5199,1.9133
fixed,2,200,0.5273,1.9054
fixed,3,0,0.103,2.3073
fixed,3,1,0.1522,2.2565
fixed,3,2,0.1908,2.1884
fixed,3,3,0.2149,2.1226
fixed,3,4,0.2545,2.0424
fixed,3,5,0.284,1.9628
fixed,3,6,0.2873,1.9336
fixed,3,7,0.3312,1.8822
fixed,3,8,0.3233,1.8677
fixed,3,9,0.3452,1.8292
fixed,3,10,0.3411,1.8219
fixed,3,11,0.3356,1.8157
fixed,3,12,0.3587,1.7883
fixed,3,13,0.3578,1.7837
fixed,3,14,0.3625,1.8013
fixed,3,15,0.3677,1.7929
fixed,3,16,0.368,1.7788
fixed,3,17,0.3774,1.7818
fixed,3,18,0.3748,1.7697
fixed,3,19,0.3788,1.7583
fixed,3,20,0.3718,1.7722
fixed,3,21,0.3922,1.7474
fixed,3,22,0.393,1.7397
fixed,3,23,0.3825,1.7704
fixed,3,24,0.3945,1.7487
fixed,3,25,0.3998,1.7469
fixed,3,26,0.4022,1.7169
fixed,3,27,0.4001,1.7476
fixed,3,28,0.4026,1.7486
fixed,3,29,0.407,1.7466
fixed,3,30,0.4142,1.7315
fixed,3,31,0.4089,1.7716
fixed,3,32,0.4223,1.7243
fixed,3,33,0.4217,1.7131
fixed,3,34,0.413,1.7494
fixed,3,35,0.4188,1.7739
fixed,3,36,0.4298,1.7377
fixed,3,37,0.4255,1.7464
fixed,3,38,0.4176,1.7816
fixed,3,39,0.4241,1.7626
fixed,3,40,0.4267,1.7571
fixed,3,41,0.4228,1.7691
fixed,3,42,0.421,1.7854
fixed,3,43,0.4251,1.7604
fixed,3,44,0.4356,1.7549
fixed,3,45,0.4423,1.7188
fixed,3,46,0.4368,1.7168
fixed,3,47,0.4413,1.7708
fixed,3,48,0.4467,1.7219
fixed,3,49,0.4419,1.7516
fixed,3,50,0.4454,1.7531
fixed,3,51,0.4482,1.7314
fixed,3,52,0.4411,1.7828
fixed,3,53,0.4431,1.7736
fixed,3,54,0.4528,1.7499
fixed,3,55,0.4521,1.7569
fixed,3,56,0.4554,1.7536
fixed,3,57,0.4625,1.7389
fixed,3,58,0.4608,1.7597
fixed,3,59,0.4528,1.7895
fixed,3,60,0.4654,1.7308
fixed,3,61,0.4583,1.7507
fixed,3,62,0.4645,1.7486
fixed,3,63,0.4654,1.7579
fixed,3,64,0.4645,1.775
fixed,3,65,0.4657,1.8117
fixed,3,66,0.4731,1.765
fixed,3,67,0.4704,1.802
fixed,3,68,0.4735,1.782
fixed,3,69,0.4689,1.8025
fixed,3,70,0.471,1.7835
fixed,3,71,0.4764,1.7401
fixed,3,72,0.4711,1.7692
fixed,3,73,0.4715,1.8073
fixed,3,74,0.476,1.7985
fixed,3,75,0.4779,1.7763
fixed,3,76,0.4786,1.8156
fixed,3,77,0.484,1.7804
fixed,3,78,0.4874,1.757
fixed,3,79,0.48,1.7947
fixed,3,80,0.4873,1.7673
fixed,3,81,0.4825,1.791
fixed,3,82,0.4798,1.7703
fixed,3,83,0.486,1.7654
fixed,3,84,0.4812,1.783
fixed,3,85,0.4847,1.7606
fixed,3,86,0.4834,1.7698
fixed,3,87,0.4826,1.7492
fixed,3,88,0.483,1.7614
fixed,3,89,0.4817,1.786
fixed,3,90,0.4807,1.7895
fixed,3,91,0.4897,1.785
fixed,3,92,0.4899,1.7851
fixed,3,93,0.4912,1.8113
fixed,3,94,0.4868,1.8422
fixed,3,95,0.4856,1.7951
fixed,3,96,0.4984,1.7879
fixed,3,97,0.4949,1.78
fixed,3,98,0.4949,1.7568
fixed,3,99,0.4897,1.8063
fixed,3,100,0.4966,1.788
fixed,3,101,0.487,1.8159
fixed,3,102,0.4945,1.8306
fixed,3,103,0.497,1.8191
fixed,3,104,0.4979,1.799
fixed,3,105,0.5014,1.8042
fixed,3,106,0.505,1.7619
fixed,3,107,0.4981,1.8025
fixed,3,108,0.4962,1.8149
fixed,3,109,0.499,1.8117
fixed,3,110,0.5021,1.7936
fixed,3,111,0.4943,1.8829
fixed,3,112,0.5017,1.8345
fixed,3,113,0.5055,1.8247
fixed,3,114,0.5019,1.7905
fixed,3,115,0.5074,1.7828
fixed,3,116,0.5038,1.8149
fixed,3,117,0.5045,1.8312
fixed,3,118,0.5001,1.8766
fixed,3,119,0.5128,1.8033
fixed,3,120,0.5094,1.7978
fixed,3,121,0.5088,1.8162
fixed,3,122,0.5032,1.8277
fixed,3,123,0.5011,1.8316
fixed,3,124,0.5099,1.8084
fixed,3,125,0.5074,1.8201
fixed,3,126,0.5088,1.8287
fixed,3,127,0.5066,1.8217
fixed,3,128,0.5078,1.8311
fixed,3,129,0.5016,1.8256
fixed,3,130,0.504,1.8276
fixed,3,131,0.5051,1.8266
fixed,3,132,0.5029,1.8294
fixed,3,133,0.5047,1.8283
fixed,3,134,0.509,1.7937
fixed,3,135,0.5027,1.863
fixed,3,136,0.509,1.7931
fixed,3,137,0.5075,1.8248
fixed,3,138,0.5045,1.8166
fixed,3,139,0.5081,1.8019
fixed,3,140,0.5048,1.8434
fixed,3,141,0.5101,1.8381
fixed,3,142,0.5008,1.8549
fixed,3,143,0.5048,1.821
fixed,3,144,0.5098,1.755
fixed,3,145,0.5115,1.8262
fixed,3,146,0.5107,1.7805
fixed,3,147,0.5084,1.8178
fixed,3,148,0.5118,1.7952
fixed,3,149,0.5136,1.77
fixed,3,150,0.515,1.7853
fixed,3,151,0.5129,1.7828
fixed,3,152,0.5125,1.7753
fixed,3,153,0.5023,1.8396
fixed,3,154,0.5155,1.7816
fixed,3,155,0.5125,1.8209
fixed,3,156,0.5182,1.7984
fixed,3,157,0.513,1.8616
fixed,3,158,0.5192,1.808
fixed,3,159,0.5099,1.878
fixed,3,160,0.5106,1.8835
fixed,3,161,0.5126,1.8333
fixed,3,162,0.5096,1.8528
fixed,3,163,0.515,1.7986
fixed,3,164,0.5138,1.8314
fixed,3,165,0.5138,1.7976
fixed,3,166,0.5168,1.8055
fixed,3,167,0.5129,1.8272
fixed,3,168,0.5192,1.8128
fixed,3,169,0.5186,1.8137
fixed,3,170,0.5171,1.8429
fixed,3,171,0.5172,1.8613
fixed,3,172,0.5223,1.8517
fixed,3,173,0.5146,1.8507
fixed,3,174,0.5239,1.8362
fixed,3,175,0.5169,1.8852
fixed,3,176,0.519,1.8734
fixed,3,177,0.5198,1.8715
fixed,3,178,0.5208,1.8557
fixed,3,179,0.5218,1.8658
fixed,3,180,0.5217,1.8565
fixed,3,181,0.5217,1.8511
fixed,3,182,0.5129,1.8806
fixed,3,183,0.5099,1.8724
fixed,3,184,0.5128,1.9162
fixed,3,185,0.5101,1.8809
fixed,3,186,0.5171,1.8255
fixed,3,187,0.5114,1.8707
fixed,3,188,0.5125,1.8953
fixed,3,189,0.5171,1.8262
fixed,3,190,0.5175,1.8817
fixed,3,191,0.5161,1.8831
fixed,3,192,0.5167,1.9516
fixed,3,193,0.51,1.9304
fixed,3,194,0.5247,1.8809
fixed,3,195,0.5193,1.8836
fixed,3,196,0.5233,1.8812
fixed,3,197,0.5193,1.9262
fixed,3,198,0.5156,1.9145
fixed,3,199,0.5022,1.9993
fixed,3,200,0.5142,1.8824
fixed,4,0,0.103,2.3073
fixed,4,1,0.1252,2.2565
fixed,4,2,0.1751,2.1963
fixed,4,3,0.2104,2.1229
fixed,4,4,0.2192,2.0817
fixed,4,5,0.2637,2.0134
fixed,4,6,0.2763,1.9692
fixed,4,7,0.2903,1.9375
fixed,4,8,0.3051,1.8901
fixed,4,9,0.3213,1.8695
fixed,4,10,0.3311,1.8408
fixed,4,11,0.3375,1.8288
fixed,4,12,0.3514,1.8102
fixed,4,13,0.3585,1.8022
fixed,4,14,0.3568,1.7865
fixed,4,15,0.3679,1.7717
fixed,4,16,0.3632,1.7853
fixed,4,17,0.3773,1.7551
fixed,4,18,0.3829,1.7565
fixed,4,19,0.3842,1.7419
fixed,4,20,0.3879,1.7254
fixed,4,21,0.3936,1.7393
fixed,4,22,0.3961,1.7368
fixed,4,23,0.399,1.7471
fixed,4,24,0.3976,1.7311
fixed,4,25,0.4058,1.7118
fixed,4,26,0.4046,1.7415
fixed,4,27,0.4034,1.7604
fixed,4,28,0.4132,1.7264
fixed,4,29,0.4148,1.715
fixed,4,30,0.4219,1.6839
fixed,4,31,0.4263,1.6784
fixed,4,32,0.426,1.6906
fixed,4,33,0.4355,1.6836
fixed,4,34,0.4343,1.6752
fixed,4,35,0.4296,1.6819
fixed,4,36,0.4311,1.7041
fixed,4,37,0.4397,1.659
fixed,4,38,0.4363,1.7034
fixed,4,39,0.4473,1.6844
fixed,4,40,0.4454,1.6775
fixed,4,41,0.4456,1.6781
fixed,4,42,0.4545,1.6769
fixed,4,43,0.4525,1.6874
fixed,4,44,0.4449,1.7144
fixed,4,45,0.4359,1.7644
fixed,4,46,0.4572,1.6866
fixed,4,47,0.4496,1.7224
fixed,4,48,0.439,1.7866
fixed,4,49,0.4451,1.7599
fixed,4,50,0.4508,1.7244
fixed,4,51,0.4477,1.7538
fixed,4,52,0.4556,1.7134
fixed,4,53,0.4536,1.7521
fixed,4,54,0.4554,1.7493
fixed,4,55,0.4542,1.7486
fixed,4,56,0.4632,1.7294
fixed,4,57,0.46,1.7511
fixed,4,58,0.4652,1.7254
fixed,4,59,0.4675,1.7064
fixed,4,60,0.4638,1.7707
fixed,4,61,0.4615,1.7547
fixed,4,62,0.4664,1.7303
fixed,4,63,0.4616,1.7909
fixed,4,64,0.466,1.7995
fixed,4,65,0.4658,1.7635
fixed,4,66,0.4688,1.7472
fixed,4,67,0.4698,1.7632
fixed,4,68,0.4664,1.7922
fixed,4,69,0.4721,1.7693
fixed,4,70,0.4797,1.7264
fixed,4,71,0.4722,1.7557
fixed,4,72,0.47,1.7858
fixed,4,73,0.4719,1.783
fixed,4,74,0.4774,1.7554
fixed,4,75,0.4711,1.8219
fixed,4,76,0.4736,1.8155
fixed,4,77,0.4809,1.781
fixed,4,78,0.4771,1.8077
fixed,4,79,0.4743,1.7976
fixed,4,80,0.4826,1.7802
fixed,4,81,0.4803,1.7619
fixed,4,82,0.4883,1.7281
fixed,4,83,0.4789,1.8194
fixed,4,84,0.4827,1.7928
fixed,4,85,0.4815,1.7704
fixed,4,86,0.493,1.722
fixed,4,87,0.4876,1.7617
fixed,4,88,0.4956,1.7049
fixed,4,89,0.4902,1.7898
fixed,4,90,0.4838,1.7687
fixed,4,91,0.4825,1.8
fixed,4,92,0.4948,1.7522
fixed,4,93,0.488,1.7938
fixed,4,94,0.4842,1.8156
fixed,4,95,0.4974,1.7411
fixed,4,96,0.4859,1.8221
fixed,4,97,0.4945,1.7753
fixed,4,98,0.4957,1.7716
fixed,4,99,0.4921,1.8007
fixed,4,100,0.4978,1.7414
fixed,4,101,0.4892,1.8059
fixed,4,102,0.4971,1.7748
fixed,4,103,0.4968,1.8118
fixed,4,104,0.4995,1.7505
fixed,4,105,0.4972,1.8052
fixed,4,106,0.495,1.8797
fixed,4,107,0.4941,1.8474
fixed,4,108,0.4918,1.8768
fixed,4,109,0.4988,1.807
fixed,4,110,0.495,1.855
fixed,4,111,0.4969,1.8482
fixed,4,112,0.4984,1.8315
fixed,4,113,0.4997,1.8299
fixed,4,114,0.4936,1.8676
fixed,4,115,0.4967,1.8519
fixed,4,116,0.4891,1.88
fixed,4,117,0.4883,1.9089
fixed,4,118,0.4998,1.8501
fixed,4,119,0.5038,1.8278
fixed,4,120,0.4957,1.9087
fixed,4,121,0.5015,1.8591
fixed,4,122,0.5003,1.872
fixed,4,123,0.4963,1.9025
fixed,4,124,0.4978,1.8827
fixed,4,125,0.5001,1.8773
fixed,4,126,0.4975,1.8685
fixed,4,127,0.5026,1.8767
fixed,4,128,0.4996,1.9356
fixed,4,129,0.4976,1.9567
fixed,4,130,0.496,1.9134
fixed,4,131,0.506,1.9044
fixed,4,132,0.5026,1.9026
fixed,4,133,0.5059,1.8805
fixed,4,134,0.511,1.8201
fixed,4,135,0.5021,1.8777
fixed,4,136,0.508,1.8576
fixed,4,137,0.5048,1.8659
fixed,4,138,0.5062,1.8718
fixed,4,139,0.5044,1.8542
fixed,4,140,0.5067,1.8115
fixed,4,141,0.5072,1.8141
fixed,4,142,0.5084,1.7924
fixed,4,143,0.5029,1.856
fixed,4,144,0.5115,1.8208
fixed,4,145,0.5018,1.8452
fixed,4,146,0.51,1.8278
fixed,4,147,0.5043,1.8396
fixed,4,148,0.5068,1.8498
fixed,4,149,0.5081,1.8538
fixed,4,150,0.5046,1.8628
fixed,4,151,0.5061,1.8695
fixed,4,152,0.5045,1.8694
fixed,4,153,0.5077,1.872
fixed,4,154,0.5103,1.8373
fixed,4,155,0.5116,1.8225
fixed,4,156,0.5196,1.8096
fixed,4,157,0.5108,1.8774
fixed,4,158,0.5159,1.8187
fixed,4,159,0.5196,1.8132
fixed,4,160,0.5165,1.8436
fixed,4,161,0.5163,1.8392
fixed,4,162,0.5132,1.8599
fixed,4,163,0.518,1.7968
fixed,4,164,0.519,1.8441
fixed,4,165,0.5236,1.8
fixed,4,166,0.5243,1.7622
fixed,4,167,0.5216,1.7792
fixed,4,168,0.5255,1.7837
fixed,4,169,0.5215,1.8277
fixed,4,170,0.531,1.7598
fixed,4,171,0.5221,1.8441
fixed,4,172,0.5274,1.795
fixed,4,173,0.5282,1.8257
fixed,4,174,0.5286,1.8229
fixed,4,175,0.5311,1.7543
fixed,4,176,0.5341,1.7796
fixed,4,177,0.5342,1.7926
fixed,4,178,0.531,1.8443
fixed,4,179,0.5403,1.7629
fixed,4,180,0.5391,1.7992
fixed,4,181,0.5388,1.8479
fixed,4,182,0.5402,1.7937
fixed,4,183,0.5377,1.8241
fixed,4,184,0.5369,1.8618
fixed,4,185,0.537,1.8321
fixed,4,186,0.5349,1.8367
fixed,4,187,0.5343,1.8406
fixed,4,188,0.5336,1.8689
fixed,4,189,0.5332,1.8457
fixed,4,190,0.5371,1.8065
fixed,4,191,0.5377,1.7742
fixed,4,192,0.5355,1.8007
fixed,4,193,0.5431,1.7204
fixed,4,194,0.5362,1.8019
fixed,4,195,0.5333,1.8493
fixed,4,196,0.5333,1.8134
fixed,4,197,0.5326,1.8154
fixed,4,198,0.5323,1.8245
fixed,4,199,0.5289,1.8412
fixed,4,200,0.5358,1.8362
fixed,5,0,0.103,2.3073
fixed,5,1,0.1833,2.2506
fixed,5,2,0.2223,2.1681
fixed,5,3,0.2474,2.0913
fixed,5,4,0.2515,2.0247
fixed,5,5,0.2841,1.9806
fixed,5,6,0.2952,1.9411
fixed,5,7,0.3082,1.9082
fixed,5,8,0.3155,1.8863
fixed,5,9,0.303,1.8898
fixed,5,10,0.3368,1.8334
fixed,5,11,0.3349,1.8289
fixed,5,12,0.3366,1.8266
fixed,5,13,0.3474,1.8023
fixed,5,14,0.3444,1.8134
fixed,5,15,0.3559,1.7876
fixed,5,16,0.3577,1.7754
fixed,5,17,0.3727,1.7475
fixed,5,18,0.3618,1.7847
fixed,5,19,0.3812,1.7475
fixed,5,20,0.3779,1.7569
fixed,5,21,0.3785,1.7644
fixed,5,22,0.3828,1.7488
fixed,5,23,0.3916,1.7506
fixed,5,24,0.3923,1.7531
fixed,5,25,0.389,1.786
fixed,5,26,0.4,1.7553
fixed,5,27,0.4061,1.7466
fixed,5,28,0.3965,1.7897
fixed,5,29,0.409,1.7446
fixed,5,30,0.4125,1.7514
fixed,5,31,0.4075,1.7624
fixed,5,32,0.4209,1.7368
fixed,5,33,0.4178,1.7422
fixed,5,34,0.4141,1.7606
fixed,5,35,0.4233,1.7314
fixed,5,36,0.4132,1.7719
fixed,5,37,0.4352,1.7206
fixed,5,38,0.4375,1.7342
fixed,5,39,0.4321,1.7378
fixed,5,40,0.4384,1.7061
fixed,5,41,0.4361,1.7458
fixed,5,42,0.4257,1.7664
fixed,5,43,0.4462,1.7196
fixed,5,44,0.4417,1.7338
fixed,5,45,0.4491,1.7088
fixed,5,46,0.4524,1.6937
fixed,5,47,0.4517,1.739
fixed,5,48,0.449,1.7341
fixed,5,49,0.4447,1.7605
fixed,5,50,0.4491,1.7591
fixed,5,51,0.4492,1.7552
fixed,5,52,0.4508,1.7629
fixed,5,53,0.4506,1.7705
fixed,5,54,0.4617,1.7383
fixed,5,55,0.4604,1.722
fixed,5,56,0.4655,1.7285
fixed,5,57,0.4565,1.7656
fixed,5,58,0.4676,1.7281
fixed,5,59,0.4671,1.7185
fixed,5,60,0.4638,1.7453
fixed,5,61,0.4712,1.716
fixed,5,62,0.465,1.771
fixed,5,63,0.4718,1.7389
fixed,5,64,0.4671,1.7605
fixed,5,65,0.4741,1.7604
fixed,5,66,0.469,1.7608
fixed,5,67,0.4821,1.731
fixed,5,68,0.4767,1.7189
fixed,5,69,0.4756,1.7376
fixed,5,70,0.4801,1.7296
fixed,5,71,0.4786,1.7317
fixed,5,72,0.4842,1.7781
fixed,5,73,0.4787,1.7671
fixed,5,74,0.4787,1.7727
fixed,5,75,0.4812,1.7738
fixed,5,76,0.4799,1.7413
fixed,5,77,0.4785,1.7824
fixed,5,78,0.4749,1.8143
fixed,5,79,0.4854,1.7627
fixed,5,80,0.4852,1.7709
fixed,5,81,0.4753,1.8238
fixed,5,82,0.4822,1.7695
fixed,5,83,0.4761,1.7926
fixed,5,84,0.4839,1.7658
fixed,5,85,0.4786,1.7728
fixed,5,86,0.4805,1.7564
fixed,5,87,0.4809,1.7812
fixed,5,88,0.4902,1.7253
fixed,5,89,0.4747,1.8273
fixed,5,90,0.4827,1.7789
fixed,5,91,0.4868,1.7543
fixed,5,92,0.4843,1.7802
fixed,5,93,0.4783,1.7932
fixed,5,94,0.4927,1.7462
fixed,5,95,0.4903,1.8074
fixed,5,96,0.4867,1.7927
fixed,5,97,0.4851,1.8053
fixed,5,98,0.4887,1.7624
fixed,5,99,0.4968,1.751
fixed,5,100,0.4933,1.7889
fixed,5,101,0.4894,1.7648
fixed,5,102,0.4925,1.776
fixed,5,103,0.4965,1.7316
fixed,5,104,0.4945,1.7835
fixed,5,105,0.4981,1.7765
fixed,5,106,0.4916,1.8226
fixed,5,107,0.4919,1.8163
fixed,5,108,0.4911,1.8116
fixed,5,109,0.4962,1.7843
fixed,5,110,0.4992,1.7853
fixed,5,111,0.4974,1.8028
fixed,5,112,0.5051,1.7962
fixed,5,113,0.5024,1.8095
fixed,5,114,0.5,1.8324
fixed,5,115,0.4986,1.8393
fixed,5,116,0.5043,1.7976
fixed,5,117,0.5015,1.8129
fixed,5,118,0.5093,1.7767
fixed,5,119,0.5072,1.7889
fixed,5,120,0.5023,1.8162
fixed,5,121,0.5104,1.7912
fixed,5,122,0.5026,1.8281
fixed,5,123,0.504,1.8105
fixed,5,124,0.5006,1.8276
fixed,5,125,0.5083,1.794
fixed,5,126,0.5076,1.7862
fixed,5,127,0.5068,1.8175
fixed,5,128,0.5065,1.8448
fixed,5,129,0.5091,1.8393
fixed,5,130,0.5062,1.8494
fixed,5,131,0.5042,1.8647
fixed,5,132,0.507,1.86
fixed,5,133,0.5057,1.8304
fixed,5,134,0.5086,1.8645
fixed,5,135,0.5138,1.8118
fixed,5,136,0.5088,1.8234
fixed,5,137,0.514,1.8228
fixed,5,138,0.5145,1.7972
fixed,5,139,0.5173,1.8017
fixed,5,140,0.5191,1.8137
fixed,5,141,0.5182,1.8163
fixed,5,142,0.5186,1.7939
fixed,5,143,0.525,1.7807
fixed,5,144,0.5203,1.8479
fixed,5,145,0.519,1.8252
fixed,5,146,0.5259,1.789
fixed,5,147,0.5235,1.7921
fixed,5,148,0.5241,1.8092
fixed,5,149,0.5219,1.8263
fixed,5,150,0.5261,1.8157
fixed,5,151,0.5234,1.7884
fixed,5,152,0.5241,1.8181
fixed,5,153,0.5257,1.7836
fixed,5,154,0.5213,1.8175
fixed,5,155,0.5226,1.811
fixed,5,156,0.5169,1.8187
fixed,5,157,0.5281,1.7944
fixed,5,158,0.5225,1.8694
fixed,5,159,0.5259,1.8369
fixed,5,160,0.5269,1.8087
fixed,5,161,0.5244,1.8509
fixed,5,162,0.5233,1.8437
fixed,5,163,0.5263,1.8181
fixed,5,164,0.522,1.844
fixed,5,165,0.5277,1.8456
fixed,5,166,0.521,1.8634
fixed,5,167,0.5229,1.8195
fixed,5,168,0.525,1.8374
fixed,5,169,0.5252,1.8048
fixed,5,170,0.5233,1.8315
fixed,5,171,0.5174,1.8372
fixed,5,172,0.5229,1.8095
fixed,5,173,0.5237,1.8231
fixed,5,174,0.5233,1.8569
fixed,5,175,0.5283,1.858
fixed,5,176,0.5273,1.8475
fixed,5,177,0.5348,1.8005
fixed,5,178,0.5327,1.8293
fixed,5,179,0.5308,1.8509
fixed,5,180,0.5271,1.8442
fixed,5,181,0.5288,1.8192
fixed,5,182,0.5287,1.8385
fixed,5,183,0.5336,1.8333
fixed,5,184,0.5304,1.8516
fixed,5,185,0.532,1.8216
fixed,5,186,0.5317,1.8212
fixed,5,187,0.5366,1.8253
fixed,5,188,0.5366,1.8195
fixed,5,189,0.5376,1.8536
fixed,5,190,0.5352,1.8418
fixed,5,191,0.534,1.8515
fixed,5,192,0.5427,1.828
fixed,5,193,0.54,1.8596
fixed,5,194,0.5342,1.8863
fixed,5,195,0.5339,1.8903
fixed,5,196,0.5449,1.8172
fixed,5,197,0.5403,1.8756
fixed,5,198,0.5394,1.9276
fixed,5,199,0.5417,1.8804
fixed,5,200,0.5381,1.9118
dpa-dp-0.85,0,0,0.103,2.3073
dpa-dp-0.85,0,1,0.1453,2.2483
dpa-dp-0.85,0,2,0.213,2.173
dpa-dp-0.85,0,3,0.2457,2.0882
dpa-dp-0.85,0,4,0.2357,2.031
dpa-dp-0.85,0,5,0.2755,1.976
dpa-dp-0.85,0,6,0.2842,1.9419
dpa-dp-0.85,0,7,0.3076,1.9096
dpa-dp-0.85,0,8,0.3195,1.8875
dpa-dp-0.85,0,9,0.3105,1.8833
dpa-dp-0.85,0,10,0.3386,1.8531
dpa-dp-0.85,0,11,0.3424,1.84
dpa-dp-0.85,0,12,0.355,1.8208
dpa-dp-0.85,0,13,0.3533,1.8163
dpa-dp-0.85,0,14,0.3387,1.8309
dpa-dp-0.85,0,15,0.3663,1.7968
dpa-dp-0.85,0,16,0.346,1.8463
dpa-dp-0.85,0,17,0.3641,1.81
dpa-dp-0.85,0,18,0.3658,1.7868
dpa-dp-0.85,0,19,0.3749,1.791
dpa-dp-0.85,0,20,0.3817,1.7557
dpa-dp-0.85,0,21,0.3819,1.8115
dpa-dp-0.85,0,22,0.3916,1.757
dpa-dp-0.85,0,23,0.392,1.7449
dpa-dp-0.85,0,24,0.3961,1.7514
dpa-dp-0.85,0,25,0.3901,1.7827
dpa-dp-0.85,0,26,0.3887,1.7743
dpa-dp-0.85,0,27,0.401,1.7757
dpa-dp-0.85,0,28,0.4083,1.7493
dpa-dp-0.85,0,29,0.4058,1.7312
dpa-dp-0.85,0,30,0.403,1.7682
dpa-dp-0.85,0,31,0.4032,1.7962
dpa-dp-0.85,0,32,0.4093,1.7765
dpa-dp-0.85,0,33,0.4021,1.796
dpa-dp-0.85,0,34,0.4138,1.7767
dpa-dp-0.85,0,35,0.4129,1.7626
dpa-dp-0.85,0,36,0.4178,1.7705
dpa-dp-0.85,0,37,0.4181,1.7744
dpa-dp-0.85,0,38,0.4157,1.7854
dpa-dp-0.85,0,39,0.4234,1.7591
dpa-dp-0.85,0,40,0.4179,1.7578
dpa-dp-0.85,0,41,0.4259,1.7858
dpa-dp-0.85,0,42,0.4171,1.7604
dpa-dp-0.85,0,43,0.4229,1.7695
dpa-dp-0.85,0,44,0.4209,1.7776
dpa-dp-0.85,0,45,0.433,1.7206
dpa-dp-0.85,0,46,0.4231,1.7999
dpa-dp-0.85,0,47,0.4339,1.7655
dpa-dp-0.85,0,48,0.4313,1.7701
dpa-dp-0.85,0,49,0.4243,1.806
dpa-dp-0.85,0,50,0.4251,1.8126
dpa-dp-0.85,0,51,0.4362,1.7429
dpa-dp-0.85,0,52,0.436,1.7881
dpa-dp-0.85,0,53,0.4417,1.7574
dpa-dp-0.85,0,54,0.4328,1.8053
dpa-dp-0.85,0,55,0.4343,1.7984
dpa-dp-0.85,0,56,0.4323,1.8148
dpa-dp-0.85,0,57,0.4271,1.8524
dpa-dp-0.85,0,58,0.4477,1.7279
dpa-dp-0.85,0,59,0.4462,1.7745
dpa-dp-0.85,0,60,0.4525,1.7402
dpa-dp-0.85,0,61,0.4597,1.7221
dpa-dp-0.85,0,62,0.4466,1.7932
dpa-dp-0.85,0,63,0.4586,1.7738
dpa-dp-0.85,0,64,0.4648,1.7441
dpa-dp-0.85,0,65,0.4656,1.7629
dpa-dp-0.85,0,66,0.4562,1.8
dpa-dp-0.85,0,67,0.4627,1.7581
dpa-dp-0.85,0,68,0.4612,1.7994
dpa-dp-0.85,0,69,0.4768,1.726
dpa-dp-0.85,0,70,0.4527,1.8713
dpa-dp-0.85,0,71,0.4677,1.798
dpa-dp-0.85,0,72,0.4752,1.764
dpa-dp-0.85,0,73,0.4662,1.7975
dpa-dp-0.85,0,74,0.4757,1.7455
dpa-dp-0.85,0,75,0.4772,1.7536
dpa-dp-0.85,0,76,0.4796,1.7228
dpa-dp-0.85,0,77,0.4768,1.7645
dpa-dp-0.85,0,78,0.4826,1.7425
dpa-dp-0.85,0,79,0.486,1.7619
dpa-dp-0.85,0,80,0.4805,1.7904
dpa-dp-0.85,0,81,0.4883,1.7711
dpa-dp-0.85,0,82,0.4871,1.7592
dpa-dp-0.85,0,83,0.4766,1.8368
dpa-dp-0.85,0,84,0.4801,1.8003
dpa-dp-0.85,0,85,0.4739,1.8713
dpa-dp-0.85,0,86,0.4681,1.8814
dpa-dp-0.85,0,87,0.4818,1.7971
dpa-dp-0.85,0,88,0.4786,1.8429
dpa-dp-0.85,0,89,0.4853,1.8099
dpa-dp-0.85,0,90,0.4842,1.7972
dpa-dp-0.85,0,91,0.4842,1.7693
dpa-dp-0.85,0,92,0.481,1.8339
dpa-dp-0.85,0,93,0.475,1.9141
dpa-dp-0.85,0,94,0.4887,1.8175
dpa-dp-0.85,0,95,0.4873,1.8333
dpa-dp-0.85,0,96,0.486,1.8619
dpa-dp-0.85,0,97,0.4876,1.8608
dpa-dp-0.85,0,98,0.4861,1.8718
dpa-dp-0.85,0,99,0.4901,1.8118
dpa-dp-0.85,0,100,0.4883,1.8349
dpa-dp-0.85,0,101,0.482,1.8672
dpa-dp-0.85,0,102,0.4908,1.8018
dpa-dp-0.85,0,103,0.4947,1.7816
dpa-dp-0.85,0,104,0.49,1.8102
dpa-dp-0.85,0,105,0.493,1.7817
dpa-dp-0.85,0,106,0.4919,1.8104
dpa-dp-0.85,0,107,0.4915,1.8315
dpa-dp-0.85,0,108,0.4953,1.8151
dpa-dp-0.85,0,109,0.4951,1.8059
dpa-dp-0.85,0,110,0.4988,1.772
dpa-dp-0.85,0,111,0.4939,1.7844
dpa-dp-0.85,0,112,0.49,1.7736
dpa-dp-0.85,0,113,0.4946,1.7596
dpa-dp-0.85,0,114,0.484,1.8702
dpa-dp-0.85,0,115,0.4956,1.8163
dpa-dp-0.85,0,116,0.4889,1.87
dpa-dp-0.85,0,117,0.4921,1.8874
dpa-dp-0.85,0,118,0.4952,1.8137
dpa-dp-0.85,0,119,0.494,1.8372
dpa-dp-0.85,0,120,0.4952,1.8064
dpa-dp-0.85,0,121,0.4896,1.8498
dpa-dp-0.85,0,122,0.5015,1.8064
dpa-dp-0.85,0,123,0.5007,1.8165
dpa-dp-0.85,0,124,0.4999,1.8317
dpa-dp-0.85,0,125,0.4973,1.8111
dpa-dp-0.85,0,126,0.4886,1.9193
dpa-dp-0.85,0,127,0.4998,1.8179
dpa-dp-0.85,0,128,0.5009,1.8515
dpa-dp-0.85,0,129,0.5075,1.8179
dpa-dp-0.85,0,130,0.5052,1.8138
dpa-dp-0.85,0,131,0.5005,1.844
dpa-dp-0.85,0,132,0.4985,1.8441
dpa-dp-0.85,0,133,0.5064,1.8139
dpa-dp-0.85,0,134,0.4963,1.8875
dpa-dp-0.85,0,135,0.5105,1.7924
dpa-dp-0.85,0,136,0.5038,1.85
dpa-dp-0.85,0,137,0.5014,1.9015
dpa-dp-0.85,0,138,0.5083,1.8276
dpa-dp-0.85,0,139,0.5016,1.8544
dpa-dp-0.85,0,140,0.5011,1.8525
dpa-dp-0.85,0,141,0.5105,1.7931
dpa-dp-0.85,0,142,0.5096,1.8393
dpa-dp-0.85,0,143,0.5093,1.8953
dpa-dp-0.85,0,144,0.5088,1.8977
dpa-dp-0.85,0,145,0.5087,1.8666
dpa-dp-0.85,0,146,0.5165,1.8567
dpa-dp-0.85,0,147,0.5017,1.9483
dpa-dp-0.85,0,148,0.5103,1.8605
dpa-dp-0.85,0,149,0.517,1.8151
dpa-dp-0.85,0,150,0.5056,1.9304
dpa-dp-0.85,0,151,0.517,1.8187
dpa-dp-0.85,0,152,0.5119,1.8499
dpa-dp-0.85,0,153,0.5133,1.8553
dpa-dp-0.85,0,154,0.5206,1.8329
dpa-dp-0.85,0,155,0.5244,1.8348
dpa-dp-0.85,0,156,0.5102,1.915
dpa-dp-0.85,0,157,0.5216,1.8345
dpa-dp-0.85,0,158,0.5211,1.8609
dpa-dp-0.85,0,159,0.5173,1.8606
dpa-dp-0.85,0,160,0.5215,1.8698
dpa-dp-0.85,0,161,0.5263,1.8364
dpa-dp-0.85,0,162,0.5291,1.8311
dpa-dp-0.85,0,163,0.5239,1.8467
dpa-dp-0.85,0,164,0.5165,1.9843
dpa-dp-0.85,0,165,0.527,1.8651
dpa-dp-0.85,0,166,0.5196,1.9314
dpa-dp-0.85,0,167,0.5221,1.8766
dpa-dp-0.85,0,168,0.5154,1.9703
dpa-dp-0.85,0,169,0.5252,1.8518
dpa-dp-0.85,0,170,0.5209,1.877
dpa-dp-0.85,0,171,0.5262,1.8445
dpa-dp-0.85,0,172,0.5274,1.8766
dpa-dp-0.85,0,173,0.5202,1.8937
dpa-dp-0.85,0,174,0.523,1.8514
dpa-dp-0.85,0,175,0.5175,1.881
dpa-dp-0.85,0,176,0.523,1.8332
dpa-dp-0.85,0,177,0.5271,1.7968
dpa-dp-0.85,0,178,0.5256,1.8233
dpa-dp-0.85,0,179,0.5274,1.8731
dpa-dp-0.85,0,180,0.5183,1.9641
dpa-dp-0.85,0,181,0.5275,1.7989
dpa-dp-0.85,0,182,0.531,1.8346
dpa-dp-0.85,0,183,0.5271,1.837
dpa-dp-0.85,0,184,0.5395,1.7541
dpa-dp-0.85,0,185,0.5347,1.824
dpa-dp-0.85,0,186,0.5383,1.7691
dpa-dp-0.85,0,187,0.542,1.7488
dpa-dp-0.85,0,188,0.5409,1.7848
dpa-dp-0.85,0,189,0.5377,1.7791
dpa-dp-0.85,0,190,0.5415,1.7797
dpa-dp-0.85,0,191,0.5433,1.7847
dpa-dp-0.85,0,192,0.5413,1.8117
dpa-dp-0.85,0,193,0.5468,1.7725
dpa-dp-0.85,0,194,0.5446,1.76
dpa-dp-0.85,0,195,0.5502,1.7359
dpa-dp-0.85,0,196,0.5483,1.762
dpa-dp-0.85,0,197,0.5473,1.7978
dpa-dp-0.85,0,198,0.5484,1.7657
dpa-dp-0.85,0,199,0.5472,1.7623
dpa-dp-0.85,0,200,0.5486,1.7329
dpa-dp-0.85,1,0,0.103,2.3073
dpa-dp-0.85,1,1,0.1202,2.2621
dpa-dp-0.85,1,2,0.1472,2.2168
dpa-dp-0.85,1,3,0.2111,2.1226
dpa-dp-0.85,1,4,0.2528,2.043
dpa-dp-0.85,1,5,0.2834,1.9936
dpa-dp-0.85,1,6,0.3074,1.9451
dpa-dp-0.85,1,7,0.3068,1.9144
dpa-dp-0.85,1,8,0.325,1.8842
dpa-dp-0.85,1,9,0.3122,1.885
dpa-dp-0.85,1,10,0.3302,1.8664
dpa-dp-0.85,1,11,0.3373,1.8505
dpa-dp-0.85,1,12,0.3487,1.8297
dpa-dp-0.85,1,13,0.3569,1.8164
dpa-dp-0.85,1,14,0.3453,1.8085
dpa-dp-0.85,1,15,0.3673,1.775
dpa-dp-0.85,1,16,0.3664,1.7906
dpa-dp-0.85,1,17,0.3686,1.7583
dpa-dp-0.85,1,18,0.3727,1.7607
dpa-dp-0.85,1,19,0.3703,1.7713
dpa-dp-0.85,1,20,0.3769,1.7788
dpa-dp-0.85,1,21,0.3768,1.779
dpa-dp-0.85,1,22,0.3722,1.8107
dpa-dp-0.85,1,23,0.388,1.7603
dpa-dp-0.85,1,24,0.382,1.7797
dpa-dp-0.85,1,25,0.3983,1.7405
dpa-dp-0.85,1,26,0.3826,1.7999
dpa-dp-0.85,1,27,0.3967,1.7685
dpa-dp-0.85,1,28,0.4038,1.7534
dpa-dp-0.85,1,29,0.4069,1.7551
dpa-dp-0.85,1,30,0.4108,1.738
dpa-dp-0.85,1,31,0.4049,1.773
dpa-dp-0.85,1,32,0.4123,1.7551
dpa-dp-0.85,1,33,0.416,1.7308
dpa-dp-0.85,1,34,0.4136,1.7544
dpa-dp-0.85,1,35,0.4177,1.7371
dpa-dp-0.85,1,36,0.4222,1.7053
dpa-dp-0.85,1,37,0.4237,1.7455
dpa-dp-0.85,1,38,0.4268,1.7371
dpa-dp-0.85,1,39,0.4368,1.7217
dpa-dp-0.85,1,40,0.4365,1.7185
dpa-dp-0.85,1,41,0.4452,1.6891
dpa-dp-0.85,1,42,0.4426,1.7061
dpa-dp-0.85,1,43,0.4362,1.7212
dpa-dp-0.85,1,44,0.4333,1.7545
dpa-dp-0.85,1,45,0.4446,1.7073
dpa-dp-0.85,1,46,0.4444,1.7147
dpa-dp-0.85,1,47,0.4499,1.7037
dpa-dp-0.85,1,48,0.4462,1.7233
dpa-dp-0.85,1,49,0.4495,1.6999
dpa-dp-0.85,1,50,0.4557,1.6894
dpa-dp-0.85,1,51,0.4501,1.7232
dpa-dp-0.85,1,52,0.45,1.7682
dpa-dp-0.85,1,53,0.4497,1.7291
dpa-dp-0.85,1,54,0.4548,1.7061
dpa-dp-0.85,1,55,0.4537,1.7268
dpa-dp-0.85,1,56,0.4474,1.7652
dpa-dp-0.85,1,57,0.4556,1.7501
dpa-dp-0.85,1,58,0.4524,1.7587
dpa-dp-0.85,1,59,0.4631,1.7109
dpa-dp-0.85,1,60,0.4659,1.6951
dpa-dp-0.85,1,61,0.4663,1.7032
dpa-dp-0.85,1,62,0.4696,1.7026
dpa-dp-0.85,1,63,0.4638,1.7238
dpa-dp-0.85,1,64,0.4732,1.6991
dpa-dp-0.85,1,65,0.4698,1.7086
dpa-dp-0.85,1,66,0.4723,1.7335
dpa-dp-0.85,1,67,0.4666,1.7244
dpa-dp-0.85,1,68,0.4679,1.7107
dpa-dp-0.85,1,69,0.4722,1.7156
dpa-dp-0.85,1,70,0.4614,1.7353
dpa-dp-0.85,1,71,0.4666,1.763
dpa-dp-0.85,1,72,0.4774,1.7378
dpa-dp-0.85,1,73,0.4751,1.7576
dpa-dp-0.85,1,74,0.4761,1.7642
dpa-dp-0.85,1,75,0.4727,1.7734
dpa-dp-0.85,1,76,0.4773,1.7106
dpa-dp-0.85,1,77,0.4845,1.7177
dpa-dp-0.85,1,78,0.4731,1.8008
dpa-dp-0.85,1,79,0.4734,1.8019
dpa-dp-0.85,1,80,0.4795,1.7465
dpa-dp-0.85,1,81,0.4902,1.7221
dpa-dp-0.85,1,82,0.4817,1.7589
dpa-dp-0.85,1,83,0.4871,1.7153
dpa-dp-0.85,1,84,0.4859,1.7023
dpa-dp-0.85,1,85,0.4882,1.7214
dpa-dp-0.85,1,86,0.4912,1.7055
dpa-dp-0.85,1,87,0.485,1.7443
dpa-dp-0.85,1,88,0.4918,1.7286
dpa-dp-0.85,1,89,0.4899,1.7046
dpa-dp-0.85,1,90,0.4931,1.6795
dpa-dp-0.85,1,91,0.486,1.7155
dpa-dp-0.85,1,92,0.4915,1.7283
dpa-dp-0.85,1,93,0.4941,1.7428
dpa-dp-0.85,1,94,0.492,1.7423
dpa-dp-0.85,1,95,0.5004,1.6916
dpa-dp-0.85,1,96,0.4874,1.7969
dpa-dp-0.85,1,97,0.4912,1.7565
dpa-dp-0.85,1,98,0.4951,1.7429
dpa-dp-0.85,1,99,0.5011,1.7057
dpa-dp-0.85,1,100,0.5012,1.6978
dpa-dp-0.85,1,101,0.5008,1.7216
dpa-dp-0.85,1,102,0.4985,1.7575
dpa-dp-0.85,1,103,0.5048,1.7447
dpa-dp-0.85,1,104,0.5028,1.7646
dpa-dp-0.85,1,105,0.5075,1.7321
dpa-dp-0.85,1,106,0.5091,1.7011
dpa-dp-0.85,1,107,0.5067,1.7558
dpa-dp-0.85,1,108,0.5107,1.7673
dpa-dp-0.85,1,109,0.5001,1.7981
dpa-dp-0.85,1,110,0.5049,1.7592
dpa-dp-0.85,1,111,0.5063,1.7595
dpa-dp-0.85,1,112,0.5047,1.7441
dpa-dp-0.85,1,113,0.5076,1.7611
dpa-dp-0.85,1,114,0.5034,1.7549
dpa-dp-0.85,1,115,0.5057,1.7388
dpa-dp-0.85,1,116,0.5012,1.7761
dpa-dp-0.85,1,117,0.5143,1.7389
dpa-dp-0.85,1,118,0.5028,1.8058
dpa-dp-0.85,1,119,0.5081,1.76
dpa-dp-0.85,1,120,0.5131,1.7492
dpa-dp-0.85,1,121,0.5072,1.783
dpa-dp-0.85,1,122,0.5154,1.7377
dpa-dp-0.85,1,123,0.5103,1.7799
dpa-dp-0.85,1,124,0.5083,1.8326
dpa-dp-0.85,1,125,0.5111,1.8033
dpa-dp-0.85,1,126,0.5132,1.7793
dpa-dp-0.85,1,127,0.5099,1.789
dpa-dp-0.85,1,128,0.5114,1.7526
dpa-dp-0.85,1,129,0.5151,1.7806
dpa-dp-0.85,1,130,0.5184,1.7826
dpa-dp-0.85,1,131,0.5178,1.7707
dpa-dp-0.85,1,132,0.5198,1.7873
dpa-dp-0.85,1,133,0.5278,1.7695
dpa-dp-0.85,1,134,0.5178,1.7935
dpa-dp-0.85,1,135,0.5187,1.7979
dpa-dp-0.85,1,136,0.5199,1.7442
dpa-dp-0.85,1,137,0.5245,1.7465
dpa-dp-0.85,1,138,0.5214,1.7962
dpa-dp-0.85,1,139,0.5138,1.8249
dpa-dp-0.85,1,140,0.5221,1.8312
dpa-dp-0.85,1,141,0.5236,1.7866
dpa-dp-0.85,1,142,0.5188,1.795
dpa-dp-0.85,1,143,0.5178,1.8183
dpa-dp-0.85,1,144,0.5191,1.7847
dpa-dp-0.85,1,145,0.523,1.7849
dpa-dp-0.85,1,146,0.5194,1.7856
dpa-dp-0.85,1,147,0.5165,1.84
dpa-dp-0.85,1,148,0.5142,1.8313
dpa-dp-0.85,1,149,0.5153,1.8576
dpa-dp-0.85,1,150,0.5182,1.8226
dpa-dp-0.85,1,151,0.5197,1.8233
dpa-dp-0.85,1,152,0.5136,1.8654
dpa-dp-0.85,1,153,0.5233,1.7912
dpa-dp-0.85,1,154,0.5174,1.8556
dpa-dp-0.85,1,155,0.5229,1.8217
dpa-dp-0.85,1,156,0.5134,1.8715
dpa-dp-0.85,1,157,0.5166,1.8678
dpa-dp-0.85,1,158,0.5221,1.8878
dpa-dp-0.85,1,159,0.5139,1.923
dpa-dp-0.85,1,160,0.529,1.8546
dpa-dp-0.85,1,161,0.523,1.8711
dpa-dp-0.85,1,162,0.5232,1.9085
dpa-dp-0.85,1,163,0.5234,1.8804
dpa-dp-0.85,1,164,0.5242,1.8687
dpa-dp-0.85,1,165,0.527,1.8709
dpa-dp-0.85,1,166,0.5208,1.8947
dpa-dp-0.85,1,167,0.5223,1.9063
dpa-dp-0.85,1,168,0.5273,1.8601
dpa-dp-0.85,1,169,0.5243,1.8496
dpa-dp-0.85,1,170,0.5255,1.8521
dpa-dp-0.85,1,171,0.5275,1.8379
dpa-dp-0.85,1,172,0.5303,1.836
dpa-dp-0.85,1,173,0.5249,1.8651
dpa-dp-0.85,1,174,0.5326,1.8136
dpa-dp-0.85,1,175,0.5268,1.8737
dpa-dp-0.85,1,176,0.526,1.8651
dpa-dp-0.85,1,177,0.5278,1.8002
dpa-dp-0.85,1,178,0.5259,1.9
dpa-dp-0.85,1,179,0.5263,1.8983
dpa-dp-0.85,1,180,0.5295,1.879
dpa-dp-0.85,1,181,0.5334,1.8335
dpa-dp-0.85,1,182,0.5347,1.801
dpa-dp-0.85,1,183,0.5336,1.8147
dpa-dp-0.85,1,184,0.5422,1.7768
dpa-dp-0.85,1,185,0.5374,1.7994
dpa-dp-0.85,1,186,0.5439,1.7664
dpa-dp-0.85,1,187,0.54,1.7743
dpa-dp-0.85,1,188,0.5406,1.7889
dpa-dp-0.85,1,189,0.5457,1.7737
dpa-dp-0.85,1,190,0.548,1.752
dpa-dp-0.85,1,191,0.5474,1.7642
dpa-dp-0.85,1,192,0.5451,1.8109
dpa-dp-0.85,1,193,0.5427,1.8251
dpa-dp-0.85,1,194,0.5442,1.8289
dpa-dp-0.85,1,195,0.5442,1.8035
dpa-dp-0.85,1,196,0.5436,1.7735
dpa-dp-0.85,1,197,0.545,1.7734
dpa-dp-0.85,1,198,0.548,1.7683
dpa-dp-0.85,1,199,0.5538,1.7269
dpa-dp-0.85,1,200,0.5482,1.7835
dpa-dp-0.85,2,0,0.103,2.3073
dpa-dp-0.85,2,1,0.1713,2.2568
dpa-dp-0.85,2,2,0.1943,2.2013
dpa-dp-0.85,2,3,0.2242,2.1335
dpa-dp-0.85,2,4,0.2654,2.0495
dpa-dp-0.85,2,5,0.2706,1.9957
dpa-dp-0.85,2,6,0.2759,1.9588
dpa-dp-0.85,2,7,0.3024,1.9232
dpa-dp-0.85,2,8,0.3101,1.898
dpa-dp-0.85,2,9,0.3146,1.8804
dpa-dp-0.85,2,10,0.3198,1.8743
dpa-dp-0.85,2,11,0.3399,1.8444
dpa-dp-0.85,2,12,0.3392,1.8522
dpa-dp-0.85,2,13,0.3511,1.8161
dpa-dp-0.85,2,14,0.351,1.8117
dpa-dp-0.85,2,15,0.3588,1.8164
dpa-dp-0.85,2,16,0.3595,1.8075
dpa-dp-0.85,2,17,0.3703,1.7867
dpa-dp-0.85,2,18,0.3804,1.7575
dpa-dp-0.85,2,19,0.382,1.7821
dpa-dp-0.85,2,20,0.3896,1.7399
dpa-dp-0.85,2,21,0.3855,1.7849
dpa-dp-0.85,2,22,0.388,1.7577
dpa-dp-0.85,2,23,0.394,1.7552
dpa-dp-0.85,2,24,0.4025,1.7483
dpa-dp-0.85,2,25,0.4008,1.7423
dpa-dp-0.85,2,26,0.4038,1.7458
dpa-dp-0.85,2,27,0.4016,1.7386
dpa-dp-0.85,2,28,0.4078,1.7272
dpa-dp-0.85,2,29,0.4049,1.732
dpa-dp-0.85,2,30,0.411,1.7062
dpa-dp-0.85,2,31,0.3979,1.7676
dpa-dp-0.85,2,32,0.406,1.7406
dpa-dp-0.85,2,33,0.4238,1.6994
dpa-dp-0.85,2,34,0.417,1.7391
dpa-dp-0.85,2,35,0.4173,1.7259
dpa-dp-0.85,2,36,0.416,1.78
dpa-dp-0.85,2,37,0.4237,1.7164
dpa-dp-0.85,2,38,0.4387,1.6681
dpa-dp-0.85,2,39,0.4332,1.7032
dpa-dp-0.85,2,40,0.4349,1.7044
dpa-dp-0.85,2,41,0.4245,1.7506
dpa-dp-0.85,2,42,0.4483,1.6853
dpa-dp-0.85,2,43,0.4391,1.715
dpa-dp-0.85,2,44,0.4494,1.6951
dpa-dp-0.85,2,45,0.4445,1.7019
dpa-dp-0.85,2,46,0.4413,1.7565
dpa-dp-0.85,2,47,0.4435,1.725
dpa-dp-0.85,2,48,0.4446,1.7584
dpa-dp-0.85,2,49,0.4413,1.7459
dpa-dp-0.85,2,50,0.4571,1.7029
dpa-dp-0.85,2,51,0.4505,1.7304
dpa-dp-0.85,2,52,0.4567,1.7431
dpa-dp-0.85,2,53,0.4588,1.7181
dpa-dp-0.85,2,54,0.4569,1.7578
dpa-dp-0.85,2,55,0.4569,1.7374
dpa-dp-0.85,2,56,0.4572,1.7507
dpa-dp-0.85,2,57,0.4579,1.7782
dpa-dp-0.85,2,58,0.4554,1.7818
dpa-dp-0.85,2,59,0.465,1.7194
dpa-dp-0.85,2,60,0.4649,1.7586
dpa-dp-0.85,2,61,0.4653,1.7757
dpa-dp-0.85,2,62,0.4635,1.7733
dpa-dp-0.85,2,63,0.4662,1.809
dpa-dp-0.85,2,64,0.4647,1.8108
dpa-dp-0.85,2,65,0.4697,1.7664
dpa-dp-0.85,2,66,0.4675,1.7567
dpa-dp-0.85,2,67,0.4676,1.8029
dpa-dp-0.85,2,68,0.4622,1.7906
dpa-dp-0.85,2,69,0.4706,1.7484
dpa-dp-0.85,2,70,0.4696,1.7343
dpa-dp-0.85,2,71,0.4642,1.8139
dpa-dp-0.85,2,72,0.4773,1.7407
dpa-dp-0.85,2,73,0.4814,1.7517
dpa-dp-0.85,2,74,0.4794,1.7357
dpa-dp-0.85,2,75,0.4881,1.7158
dpa-dp-0.85,2,76,0.4749,1.7699
dpa-dp-0.85,2,77,0.4852,1.7097
dpa-dp-0.85,2,78,0.473,1.7731
dpa-dp-0.85,2,79,0.4791,1.73
dpa-dp-0.85,2,80,0.4782,1.7612
dpa-dp-0.85,2,81,0.4788,1.7609
dpa-dp-0.85,2,82,0.4803,1.7642
dpa-dp-0.85,2,83,0.4759,1.8133
dpa-dp-0.85,2,84,0.4838,1.79
dpa-dp-0.85,2,85,0.486,1.7606
dpa-dp-0.85,2,86,0.4884,1.7604
dpa-dp-0.85,2,87,0.4865,1.7761
dpa-dp-0.85,2,88,0.4917,1.7483
dpa-dp-0.85,2,89,0.4833,1.7981
dpa-dp-0.85,2,90,0.4858,1.8159
dpa-dp-0.85,2,91,0.4962,1.753
dpa-dp-0.85,2,92,0.4913,1.7744
dpa-dp-0.85,2,93,0.4959,1.7437
dpa-dp-0.85,2,94,0.4908,1.7792
dpa-dp-0.85,2,95,0.4929,1.7546
dpa-dp-0.85,2,96,0.4984,1.7566
dpa-dp-0.85,2,97,0.4877,1.8516
dpa-dp-0.85,2,98,0.497,1.736
dpa-dp-0.85,2,99,0.4952,1.7819
dpa-dp-0.85,2,100,0.4982,1.7611
dpa-dp-0.85,2,101,0.499,1.7861
dpa-dp-0.85,2,102,0.4927,1.8246
dpa-dp-0.85,2,103,0.495,1.81
dpa-dp-0.85,2,104,0.4973,1.8095
dpa-dp-0.85,2,105,0.4978,1.8151
dpa-dp-0.85,2,106,0.494,1.8504
dpa-dp-0.85,2,107,0.4982,1.8277
dpa-dp-0.85,2,108,0.503,1.8145
dpa-dp-0.85,2,109,0.5033,1.8086
dpa-dp-0.85,2,110,0.5003,1.8095
dpa-dp-0.85,2,111,0.5008,1.8004
dpa-dp-0.85,2,112,0.4996,1.7974
dpa-dp-0.85,2,113,0.4932,1.8333
dpa-dp-0.85,2,114,0.4997,1.8021
dpa-dp-0.85,2,115,0.4984,1.7783
dpa-dp-0.85,2,116,0.4961,1.8393
dpa-dp-0.85,2,117,0.4963,1.8097
dpa-dp-0.85,2,118,0.4988,1.8232
dpa-dp-0.85,2,119,0.5012,1.8522
dpa-dp-0.85,2,120,0.4964,1.871
dpa-dp-0.85,2,121,0.4987,1.8655
dpa-dp-0.85,2,122,0.5014,1.8285
dpa-dp-0.85,2,123,0.4951,1.8917
dpa-dp-0.85,2,124,0.4976,1.8423
dpa-dp-0.85,2,125,0.4999,1.8535
dpa-dp-0.85,2,126,0.4907,1.9155
dpa-dp-0.85,2,127,0.497,1.812
dpa-dp-0.85,2,128,0.5005,1.8488
dpa-dp-0.85,2,129,0.5024,1.8483
dpa-dp-0.85,2,130,0.5042,1.8543
dpa-dp-0.85,2,131,0.4945,1.8675
dpa-dp-0.85,2,132,0.5051,1.8339
dpa-dp-0.85,2,133,0.5063,1.817
dpa-dp-0.85,2,134,0.508,1.8494
dpa-dp-0.85,2,135,0.503,1.8328
dpa-dp-0.85,2,136,0.4991,1.9132
dpa-dp-0.85,2,137,0.5027,1.8682
dpa-dp-0.85,2,138,0.494,1.9529
dpa-dp-0.85,2,139,0.4864,1.9398
dpa-dp-0.85,2,140,0.4829,1.9764
dpa-dp-0.85,2,141,0.4898,1.969
dpa-dp-0.85,2,142,0.5022,1.9073
dpa-dp-0.85,2,143,0.4971,1.9563
dpa-dp-0.85,2,144,0.4954,1.9401
dpa-dp-0.85,2,145,0.4911,1.954
dpa-dp-0.85,2,146,0.4984,1.9526
dpa-dp-0.85,2,147,0.491,2.0046
dpa-dp-0.85,2,148,0.497,1.9995
dpa-dp-0.85,2,149,0.5016,1.9594
dpa-dp-0.85,2,150,0.5061,1.9095
dpa-dp-0.85,2,151,0.5006,2.016
dpa-dp-0.85,2,152,0.4962,2.0007
dpa-dp-0.85,2,153,0.4956,1.9749
dpa-dp-0.85,2,154,0.4947,1.9977
dpa-dp-0.85,2,155,0.5024,1.974
dpa-dp-0.85,2,156,0.5036,1.9557
dpa-dp-0.85,2,157,0.4973,1.9621
dpa-dp-0.85,2,158,0.5011,1.9442
dpa-dp-0.85,2,159,0.4921,2.0692
dpa-dp-0.85,2,160,0.5023,1.9439
dpa-dp-0.85,2,161,0.5087,1.911
dpa-dp-0.85,2,162,0.5029,2.0052
dpa-dp-0.85,2,163,0.5032,1.9677
dpa-dp-0.85,2,164,0.5037,1.9365
dpa-dp-0.85,2,165,0.5064,1.892
dpa-dp-0.85,2,166,0.5184,1.8871
dpa-dp-0.85,2,167,0.4926,1.9977
dpa-dp-0.85,2,168,0.5092,1.8777
dpa-dp-0.85,2,169,0.5157,1.89
dpa-dp-0.85,2,170,0.5153,1.8984
dpa-dp-0.85,2,171,0.5041,1.9881
dpa-dp-0.85,2,172,0.5086,1.9503
dpa-dp-0.85,2,173,0.5076,1.9186
dpa-dp-0.85,2,174,0.5107,1.9221
dpa-dp-0.85,2,175,0.5129,1.9355
dpa-dp-0.85,2,176,0.5081,1.9804
dpa-dp-0.85,2,177,0.5154,1.9494
dpa-dp-0.85,2,178,0.5091,2.0049
dpa-dp-0.85,2,179,0.4953,2.1038
dpa-dp-0.85,2,180,0.5082,2.0471
dpa-dp-0.85,2,181,0.5184,1.9448
dpa-dp-0.85,2,182,0.5185,1.9441
dpa-dp-0.85,2,183,0.5235,1.9147
dpa-dp-0.85,2,184,0.5227,1.9049
dpa-dp-0.85,2,185,0.5164,1.931
dpa-dp-0.85,2,186,0.5276,1.8728
dpa-dp-0.85,2,187,0.5264,1.8546
dpa-dp-0.85,2,188,0.5282,1.8638
dpa-dp-0.85,2,189,0.521,1.9288
dpa-dp-0.85,2,190,0.5225,1.9141
dpa-dp-0.85,2,191,0.5287,1.8882
dpa-dp-0.85,2,192,0.5326,1.8398
dpa-dp-0.85,2,193,0.5326,1.8316
dpa-dp-0.85,2,194,0.5327,1.8453
dpa-dp-0.85,2,195,0.5324,1.8098
dpa-dp-0.85,2,196,0.528,1.8741
dpa-dp-0.85,2,197,0.5315,1.8296
dpa-dp-0.85,2,198,0.5351,1.8561
dpa-dp-0.85,2,199,0.5288,1.847
dpa-dp-0.85,2,200,0.5368,1.8449
dpa-dp-0.85,3,0,0.103,2.3073
dpa-dp-0.85,3,1,0.1525,2.258
dpa-dp-0.85,3,2,0.1875,2.1915
dpa-dp-0.85,3,3,0.2125,2.1277
dpa-dp-0.85,3,4,0.255,2.048
dpa-dp-0.85,3,5,0.2816,1.9679
dpa-dp-0.85,3,6,0.2858,1.9381
dpa-dp-0.85,3,7,0.3301,1.8867
dpa-dp-0.85,3,8,0.3216,1.8724
dpa-dp-0.85,3,9,0.3416,1.834
dpa-dp-0.85,3,10,0.3352,1.8287
dpa-dp-0.85,3,11,0.332,1.8224
dpa-dp-0.85,3,12,0.3555,1.7945
dpa-dp-0.85,3,13,0.3559,1.7883
dpa-dp-0.85,3,14,0.3593,1.8073
dpa-dp-0.85,3,15,0.3646,1.8
dpa-dp-0.85,3,16,0.366,1.7843
dpa-dp-0.85,3,17,0.3721,1.7896
dpa-dp-0.85,3,18,0.3729,1.7769
dpa-dp-0.85,3,19,0.3777,1.7649
dpa-dp-0.85,3,20,0.37,1.7818
dpa-dp-0.85,3,21,0.3868,1.7535
dpa-dp-0.85,3,22,0.3912,1.7461
dpa-dp-0.85,3,23,0.3796,1.7814
dpa-dp-0.85,3,24,0.3911,1.7551
dpa-dp-0.85,3,25,0.3957,1.7544
dpa-dp-0.85,3,26,0.399,1.7232
dpa-dp-0.85,3,27,0.3935,1.7597
dpa-dp-0.85,3,28,0.3995,1.7619
dpa-dp-0.85,3,29,0.4035,1.761
dpa-dp-0.85,3,30,0.4116,1.7428
dpa-dp-0.85,3,31,0.4028,1.7857
dpa-dp-0.85,3,32,0.4193,1.7338
dpa-dp-0.85,3,33,0.4191,1.7239
dpa-dp-0.85,3,34,0.4113,1.7623
dpa-dp-0.85,3,35,0.4156,1.787
dpa-dp-0.85,3,36,0.4263,1.7471
dpa-dp-0.85,3,37,0.4198,1.7592
dpa-dp-0.85,3,38,0.4139,1.7979
dpa-dp-0.85,3,39,0.4175,1.7751
dpa-dp-0.85,3,40,0.4227,1.773
dpa-dp-0.85,3,41,0.4183,1.7863
dpa-dp-0.85,3,42,0.4187,1.7955
dpa-dp-0.85,3,43,0.4229,1.7727
dpa-dp-0.85,3,44,0.433,1.7672
dpa-dp-0.85,3,45,0.4403,1.7266
dpa-dp-0.85,3,46,0.4361,1.7253
dpa-dp-0.85,3,47,0.437,1.7846
dpa-dp-0.85,3,48,0.4422,1.7299
dpa-dp-0.85,3,49,0.4388,1.7588
dpa-dp-0.85,3,50,0.4413,1.7663
dpa-dp-0.85,3,51,0.445,1.7395
dpa-dp-0.85,3,52,0.438,1.7962
dpa-dp-0.85,3,53,0.4414,1.7912
dpa-dp-0.85,3,54,0.4506,1.7588
dpa-dp-0.85,3,55,0.4477,1.7676
dpa-dp-0.85,3,56,0.4541,1.7666
dpa-dp-0.85,3,57,0.4593,1.753
dpa-dp-0.85,3,58,0.4564,1.7776
dpa-dp-0.85,3,59,0.449,1.8084
dpa-dp-0.85,3,60,0.4623,1.7437
dpa-dp-0.85,3,61,0.4542,1.7689
dpa-dp-0.85,3,62,0.4615,1.7561
dpa-dp-0.85,3,63,0.4629,1.7705
dpa-dp-0.85,3,64,0.4626,1.7903
dpa-dp-0.85,3,65,0.4599,1.8265
dpa-dp-0.85,3,66,0.4696,1.7795
dpa-dp-0.85,3,67,0.4664,1.8192
dpa-dp-0.85,3,68,0.4692,1.7961
dpa-dp-0.85,3,69,0.465,1.8192
dpa-dp-0.85,3,70,0.4693,1.8009
dpa-dp-0.85,3,71,0.4725,1.7568
dpa-dp-0.85,3,72,0.4706,1.7854
dpa-dp-0.85,3,73,0.4662,1.824
dpa-dp-0.85,3,74,0.4746,1.819
dpa-dp-0.85,3,75,0.4747,1.7967
dpa-dp-0.85,3,76,0.4737,1.8369
dpa-dp-0.85,3,77,0.4801,1.8002
dpa-dp-0.85,3,78,0.4833,1.7786
dpa-dp-0.85,3,79,0.4759,1.8141
dpa-dp-0.85,3,80,0.4829,1.789
dpa-dp-0.85,3,81,0.4799,1.8151
dpa-dp-0.85,3,82,0.4762,1.791
dpa-dp-0.85,3,83,0.4825,1.7862
dpa-dp-0.85,3,84,0.4751,1.8058
dpa-dp-0.85,3,85,0.4839,1.7772
dpa-dp-0.85,3,86,0.4798,1.7921
dpa-dp-0.85,3,87,0.4771,1.7737
dpa-dp-0.85,3,88,0.4826,1.7791
dpa-dp-0.85,3,89,0.4792,1.8061
dpa-dp-0.85,3,90,0.4787,1.8062
dpa-dp-0.85,3,91,0.4834,1.8016
dpa-dp-0.85,3,92,0.4839,1.8033
dpa-dp-0.85,3,93,0.4858,1.832
dpa-dp-0.85,3,94,0.4803,1.8709
dpa-dp-0.85,3,95,0.4818,1.8188
dpa-dp-0.85,3,96,0.4942,1.8088
dpa-dp-0.85,3,97,0.4921,1.7987
dpa-dp-0.85,3,98,0.4937,1.771
dpa-dp-0.85,3,99,0.4866,1.8189
dpa-dp-0.85,3,100,0.4915,1.8094
dpa-dp-0.85,3,101,0.4841,1.8369
dpa-dp-0.85,3,102,0.4908,1.8492
dpa-dp-0.85,3,103,0.4938,1.8428
dpa-dp-0.85,3,104,0.4924,1.8216
dpa-dp-0.85,3,105,0.4944,1.8268
dpa-dp-0.85,3,106,0.4995,1.7805
dpa-dp-0.85,3,107,0.4946,1.819
dpa-dp-0.85,3,108,0.495,1.8372
dpa-dp-0.85,3,109,0.4937,1.8392
dpa-dp-0.85,3,110,0.4945,1.8183
dpa-dp-0.85,3,111,0.4885,1.9132
dpa-dp-0.85,3,112,0.4975,1.8607
dpa-dp-0.85,3,113,0.4994,1.8592
dpa-dp-0.85,3,114,0.4963,1.8205
dpa-dp-0.85,3,115,0.5051,1.8051
dpa-dp-0.85,3,116,0.5021,1.8454
dpa-dp-0.85,3,117,0.4992,1.8652
dpa-dp-0.85,3,118,0.4948,1.9072
dpa-dp-0.85,3,119,0.5053,1.8265
dpa-dp-0.85,3,120,0.5046,1.8215
dpa-dp-0.85,3,121,0.5051,1.8473
dpa-dp-0.85,3,122,0.4984,1.8632
dpa-dp-0.85,3,123,0.4954,1.863
dpa-dp-0.85,3,124,0.5056,1.8374
dpa-dp-0.85,3,125,0.5026,1.8578
dpa-dp-0.85,3,126,0.5017,1.8608
dpa-dp-0.85,3,127,0.4976,1.8471
dpa-dp-0.85,3,128,0.5056,1.8561
dpa-dp-0.85,3,129,0.4969,1.8515
dpa-dp-0.85,3,130,0.4984,1.853
dpa-dp-0.85,3,131,0.5003,1.8577
dpa-dp-0.85,3,132,0.498,1.8608
dpa-dp-0.85,3,133,0.5016,1.8485
dpa-dp-0.85,3,134,0.5029,1.8263
dpa-dp-0.85,3,135,0.497,1.8951
dpa-dp-0.85,3,136,0.5036,1.8144
dpa-dp-0.85,3,137,0.5027,1.8492
dpa-dp-0.85,3,138,0.4992,1.8438
dpa-dp-0.85,3,139,0.5021,1.8342
dpa-dp-0.85,3,140,0.4979,1.8722
dpa-dp-0.85,3,141,0.5018,1.8729
dpa-dp-0.85,3,142,0.4959,1.8796
dpa-dp-0.85,3,143,0.4971,1.8504
dpa-dp-0.85,3,144,0.5025,1.7784
dpa-dp-0.85,3,145,0.5019,1.8576
dpa-dp-0.85,3,146,0.5075,1.7998
dpa-dp-0.85,3,147,0.5034,1.8492
dpa-dp-0.85,3,148,0.5094,1.8167
dpa-dp-0.85,3,149,0.5091,1.7981
dpa-dp-0.85,3,150,0.5085,1.8141
dpa-dp-0.85,3,151,0.5092,1.8104
dpa-dp-0.85,3,152,0.5078,1.8048
dpa-dp-0.85,3,153,0.4986,1.8786
dpa-dp-0.85,3,154,0.51,1.8208
dpa-dp-0.85,3,155,0.5082,1.853
dpa-dp-0.85,3,156,0.5136,1.8309
dpa-dp-0.85,3,157,0.5091,1.8978
dpa-dp-0.85,3,158,0.5118,1.8421
dpa-dp-0.85,3,159,0.5099,1.9084
dpa-dp-0.85,3,160,0.5034,1.9195
dpa-dp-0.85,3,161,0.504,1.8797
dpa-dp-0.85,3,162,0.5,1.8975
dpa-dp-0.85,3,163,0.5076,1.8299
dpa-dp-0.85,3,164,0.5105,1.8633
dpa-dp-0.85,3,165,0.5064,1.8304
dpa-dp-0.85,3,166,0.5123,1.8429
dpa-dp-0.85,3,167,0.505,1.8661
dpa-dp-0.85,3,168,0.5123,1.8506
dpa-dp-0.85,3,169,0.5137,1.8446
dpa-dp-0.85,3,170,0.512,1.874
dpa-dp-0.85,3,171,0.5134,1.8996
dpa-dp-0.85,3,172,0.5167,1.8898
dpa-dp-0.85,3,173,0.5085,1.8819
dpa-dp-0.85,3,174,0.5134,1.8673
dpa-dp-0.85,3,175,0.5076,1.9278
dpa-dp-0.85,3,176,0.5132,1.9082
dpa-dp-0.85,3,177,0.5113,1.8958
dpa-dp-0.85,3,178,0.5166,1.8906
dpa-dp-0.85,3,179,0.5149,1.8934
dpa-dp-0.85,3,180,0.5143,1.8888
dpa-dp-0.85,3,181,0.5209,1.847
dpa-dp-0.85,3,182,0.5144,1.8656
dpa-dp-0.85,3,183,0.5142,1.8468
dpa-dp-0.85,3,184,0.5142,1.8833
dpa-dp-0.85,3,185,0.5123,1.8659
dpa-dp-0.85,3,186,0.5186,1.8211
dpa-dp-0.85,3,187,0.5163,1.8371
dpa-dp-0.85,3,188,0.5158,1.8672
dpa-dp-0.85,3,189,0.5235,1.8066
dpa-dp-0.85,3,190,0.5219,1.8496
dpa-dp-0.85,3,191,0.5223,1.8431
dpa-dp-0.85,3,192,0.5235,1.8891
dpa-dp-0.85,3,193,0.5181,1.8671
dpa-dp-0.85,3,194,0.5277,1.8336
dpa-dp-0.85,3,195,0.5245,1.8359
dpa-dp-0.85,3,196,0.5276,1.8391
dpa-dp-0.85,3,197,0.5266,1.8667
dpa-dp-0.85,3,198,0.5257,1.8472
dpa-dp-0.85,3,199,0.517,1.9015
dpa-dp-0.85,3,200,0.5251,1.8268
dpa-dp-0.85,4,0,0.103,2.3073
dpa-dp-0.85,4,1,0.126,2.2578
dpa-dp-0.85,4,2,0.1728,2.1993
dpa-dp-0.85,4,3,0.2094,2.1271
dpa-dp-0.85,4,4,0.2162,2.0884
dpa-dp-0.85,4,5,0.2627,2.0192
dpa-dp-0.85,4,6,0.2742,1.9761
dpa-dp-0.85,4,7,0.2856,1.9448
dpa-dp-0.85,4,8,0.3018,1.898
dpa-dp-0.85,4,9,0.3191,1.8758
dpa-dp-0.85,4,10,0.3264,1.8486
dpa-dp-0.85,4,11,0.3352,1.8357
dpa-dp-0.85,4,12,0.3484,1.8165
dpa-dp-0.85,4,13,0.3555,1.8106
dpa-dp-0.85,4,14,0.3542,1.7939
dpa-dp-0.85,4,15,0.3662,1.7776
dpa-dp-0.85,4,16,0.357,1.7929
dpa-dp-0.85,4,17,0.3736,1.762
dpa-dp-0.85,4,18,0.3816,1.764
dpa-dp-0.85,4,19,0.3799,1.7506
dpa-dp-0.85,4,20,0.3851,1.7319
dpa-dp-0.85,4,21,0.3898,1.7463
dpa-dp-0.85,4,22,0.3951,1.7442
dpa-dp-0.85,4,23,0.3944,1.7561
dpa-dp-0.85,4,24,0.3943,1.7399
dpa-dp-0.85,4,25,0.4033,1.7209
dpa-dp-0.85,4,26,0.4022,1.7502
dpa-dp-0.85,4,27,0.4009,1.7728
dpa-dp-0.85,4,28,0.4104,1.7351
dpa-dp-0.85,4,29,0.4119,1.7245
dpa-dp-0.85,4,30,0.4205,1.6919
dpa-dp-0.85,4,31,0.4247,1.6865
dpa-dp-0.85,4,32,0.4227,1.7012
dpa-dp-0.85,4,33,0.4296,1.6935
dpa-dp-0.85,4,34,0.4312,1.6845
dpa-dp-0.85,4,35,0.4254,1.6942
dpa-dp-0.85,4,36,0.4281,1.7172
dpa-dp-0.85,4,37,0.4374,1.6706
dpa-dp-0.85,4,38,0.4354,1.7198
dpa-dp-0.85,4,39,0.4431,1.6995
dpa-dp-0.85,4,40,0.4421,1.6952
dpa-dp-0.85,4,41,0.4407,1.6928
dpa-dp-0.85,4,42,0.451,1.6905
dpa-dp-0.85,4,43,0.4527,1.6985
dpa-dp-0.85,4,44,0.4416,1.7256
dpa-dp-0.85,4,45,0.434,1.7823
dpa-dp-0.85,4,46,0.453,1.6995
dpa-dp-0.85,4,47,0.4476,1.7389
dpa-dp-0.85,4,48,0.4345,1.8089
dpa-dp-0.85,4,49,0.4395,1.779
dpa-dp-0.85,4,50,0.4438,1.7467
dpa-dp-0.85,4,51,0.4416,1.7737
dpa-dp-0.85,4,52,0.4531,1.7297
dpa-dp-0.85,4,53,0.4509,1.77
dpa-dp-0.85,4,54,0.4498,1.7713
dpa-dp-0.85,4,55,0.4493,1.7757
dpa-dp-0.85,4,56,0.4592,1.7488
dpa-dp-0.85,4,57,0.4553,1.7711
dpa-dp-0.85,4,58,0.4638,1.7445
dpa-dp-0.85,4,59,0.4655,1.7215
dpa-dp-0.85,4,60,0.4594,1.7907
dpa-dp-0.85,4,61,0.4599,1.7696
dpa-dp-0.85,4,62,0.4642,1.7469
dpa-dp-0.85,4,63,0.4586,1.8111
dpa-dp-0.85,4,64,0.4615,1.82
dpa-dp-0.85,4,65,0.4617,1.7835
dpa-dp-0.85,4,66,0.4656,1.7631
dpa-dp-0.85,4,67,0.4657,1.7814
dpa-dp-0.85,4,68,0.4639,1.8146
dpa-dp-0.85,4,69,0.4672,1.7888
dpa-dp-0.85,4,70,0.4768,1.7388
dpa-dp-0.85,4,71,0.4679,1.7762
dpa-dp-0.85,4,72,0.4658,1.808
dpa-dp-0.85,4,73,0.4653,1.8112
dpa-dp-0.85,4,74,0.4742,1.7765
dpa-dp-0.85,4,75,0.468,1.8445
dpa-dp-0.85,4,76,0.4726,1.8358
dpa-dp-0.85,4,77,0.4755,1.8048
dpa-dp-0.85,4,78,0.4736,1.8323
dpa-dp-0.85,4,79,0.4724,1.8216
dpa-dp-0.85,4,80,0.4775,1.8046
dpa-dp-0.85,4,81,0.478,1.7847
dpa-dp-0.85,4,82,0.4857,1.7511
dpa-dp-0.85,4,83,0.4741,1.8491
dpa-dp-0.85,4,84,0.4782,1.8166
dpa-dp-0.85,4,85,0.4755,1.7943
dpa-dp-0.85,4,86,0.4889,1.7404
dpa-dp-0.85,4,87,0.481,1.7787
dpa-dp-0.85,4,88,0.4944,1.7156
dpa-dp-0.85,4,89,0.4838,1.8126
dpa-dp-0.85,4,90,0.4778,1.7922
dpa-dp-0.85,4,91,0.4789,1.8251
dpa-dp-0.85,4,92,0.4884,1.7759
dpa-dp-0.85,4,93,0.4839,1.8143
dpa-dp-0.85,4,94,0.4795,1.8336
dpa-dp-0.85,4,95,0.4936,1.7568
dpa-dp-0.85,4,96,0.4808,1.8491
dpa-dp-0.85,4,97,0.4905,1.7976
dpa-dp-0.85,4,98,0.49,1.7958
dpa-dp-0.85,4,99,0.4889,1.8264
dpa-dp-0.85,4,100,0.4949,1.7601
dpa-dp-0.85,4,101,0.4855,1.8301
dpa-dp-0.85,4,102,0.4931,1.7919
dpa-dp-0.85,4,103,0.4937,1.8308
dpa-dp-0.85,4,104,0.4946,1.7678
dpa-dp-0.85,4,105,0.4937,1.8237
dpa-dp-0.85,4,106,0.488,1.907
dpa-dp-0.85,4,107,0.4892,1.8695
dpa-dp-0.85,4,108,0.4879,1.9018
dpa-dp-0.85,4,109,0.4952,1.835
dpa-dp-0.85,4,110,0.4897,1.8834
dpa-dp-0.85,4,111,0.4944,1.8739
dpa-dp-0.85,4,112,0.4936,1.8539
dpa-dp-0.85,4,113,0.4928,1.8517
dpa-dp-0.85,4,114,0.4929,1.8894
dpa-dp-0.85,4,115,0.491,1.8743
dpa-dp-0.85,4,116,0.4864,1.9023
dpa-dp-0.85,4,117,0.4816,1.938
dpa-dp-0.85,4,118,0.4964,1.8708
dpa-dp-0.85,4,119,0.5005,1.8439
dpa-dp-0.85,4,120,0.4913,1.9391
dpa-dp-0.85,4,121,0.4992,1.8778
dpa-dp-0.85,4,122,0.4957,1.8891
dpa-dp-0.85,4,123,0.4926,1.9253
dpa-dp-0.85,4,124,0.4949,1.9061
dpa-dp-0.85,4,125,0.4973,1.9074
dpa-dp-0.85,4,126,0.4942,1.8973
dpa-dp-0.85,4,127,0.4986,1.8971
dpa-dp-0.85,4,128,0.4954,1.9581
dpa-dp-0.85,4,129,0.4959,1.9882
dpa-dp-0.85,4,130,0.4906,1.9468
dpa-dp-0.85,4,131,0.4973,1.9295
dpa-dp-0.85,4,132,0.4968,1.9268
dpa-dp-0.85,4,133,0.5014,1.9008
dpa-dp-0.85,4,134,0.5046,1.8421
dpa-dp-0.85,4,135,0.4954,1.9058
dpa-dp-0.85,4,136,0.5038,1.8828
dpa-dp-0.85,4,137,0.4995,1.8954
dpa-dp-0.85,4,138,0.5027,1.8935
dpa-dp-0.85,4,139,0.4994,1.8794
dpa-dp-0.85,4,140,0.4999,1.8351
dpa-dp-0.85,4,141,0.5032,1.8382
dpa-dp-0.85,4,142,0.5022,1.8222
dpa-dp-0.85,4,143,0.4953,1.8876
dpa-dp-0.85,4,144,0.5026,1.8455
dpa-dp-0.85,4,145,0.4974,1.8663
dpa-dp-0.85,4,146,0.503,1.8448
dpa-dp-0.85,4,147,0.5007,1.8682
dpa-dp-0.85,4,148,0.5052,1.8757
dpa-dp-0.85,4,149,0.504,1.8768
dpa-dp-0.85,4,150,0.4992,1.8941
dpa-dp-0.85,4,151,0.4997,1.8949
dpa-dp-0.85,4,152,0.4974,1.898
dpa-dp-0.85,4,153,0.4992,1.9083
dpa-dp-0.85,4,154,0.5058,1.8669
dpa-dp-0.85,4,155,0.51,1.8476
dpa-dp-0.85,4,156,0.514,1.8364
dpa-dp-0.85,4,157,0.5042,1.9125
dpa-dp-0.85,4,158,0.5126,1.8552
dpa-dp-0.85,4,159,0.5163,1.8339
dpa-dp-0.85,4,160,0.5128,1.8625
dpa-dp-0.85,4,161,0.512,1.8533
dpa-dp-0.85,4,162,0.5091,1.8921
dpa-dp-0.85,4,163,0.5157,1.8238
dpa-dp-0.85,4,164,0.5141,1.8731
dpa-dp-0.85,4,165,0.5199,1.8206
dpa-dp-0.85,4,166,0.5212,1.7786
dpa-dp-0.85,4,167,0.5196,1.7979
dpa-dp-0.85,4,168,0.5184,1.8113
dpa-dp-0.85,4,169,0.5212,1.8463
dpa-dp-0.85,4,170,0.5283,1.7776
dpa-dp-0.85,4,171,0.5184,1.8731
dpa-dp-0.85,4,172,0.5211,1.8095
dpa-dp-0.85,4,173,0.5234,1.8512
dpa-dp-0.85,4,174,0.5241,1.8486
dpa-dp-0.85,4,175,0.5288,1.7618
dpa-dp-0.85,4,176,0.5257,1.8043
dpa-dp-0.85,4,177,0.5283,1.7996
dpa-dp-0.85,4,178,0.5281,1.8559
dpa-dp-0.85,4,179,0.5389,1.7806
dpa-dp-0.85,4,180,0.5376,1.8098
dpa-dp-0.85,4,181,0.5378,1.8118
dpa-dp-0.85,4,182,0.5391,1.765
dpa-dp-0.85,4,183,0.5398,1.7885
dpa-dp-0.85,4,184,0.5423,1.7978
dpa-dp-0.85,4,185,0.5406,1.79
dpa-dp-0.85,4,186,0.5368,1.7827
dpa-dp-0.85,4,187,0.5394,1.7969
dpa-dp-0.85,4,188,0.5401,1.798
dpa-dp-0.85,4,189,0.5419,1.7799
dpa-dp-0.85,4,190,0.5405,1.7626
dpa-dp-0.85,4,191,0.5444,1.7374
dpa-dp-0.85,4,192,0.5406,1.7411
dpa-dp-0.85,4,193,0.5473,1.6882
dpa-dp-0.85,4,194,0.5443,1.7333
dpa-dp-0.85,4,195,0.5423,1.7824
dpa-dp-0.85,4,196,0.5456,1.7418
dpa-dp-0.85,4,197,0.5445,1.7492
dpa-dp-0.85,4,198,0.5435,1.7622
dpa-dp-0.85,4,199,0.539,1.7847
dpa-dp-0.85,4,200,0.5416,1.7647
dpa-dp-0.85,5,0,0.103,2.3073
dpa-dp-0.85,5,1,0.1822,2.2521
dpa-dp-0.85,5,2,0.2223,2.1704
dpa-dp-0.85,5,3,0.2485,2.0956
dpa-dp-0.85,5,4,0.249,2.0292
dpa-dp-0.85,5,5,0.2817,1.9859
dpa-dp-0.85,5,6,0.293,1.9461
dpa-dp-0.85,5,7,0.3062,1.9136
dpa-dp-0.85,5,8,0.3123,1.8919
dpa-dp-0.85,5,9,0.3004,1.8971
dpa-dp-0.85,5,10,0.3359,1.8385
dpa-dp-0.85,5,11,0.3315,1.8357
dpa-dp-0.85,5,12,0.3346,1.833
dpa-dp-0.85,5,13,0.3452,1.8096
dpa-dp-0.85,5,14,0.3398,1.8231
dpa-dp-0.85,5,15,0.352,1.7953
dpa-dp-0.85,5,16,0.3535,1.7828
dpa-dp-0.85,5,17,0.3696,1.7545
dpa-dp-0.85,5,18,0.3601,1.7939
dpa-dp-0.85,5,19,0.379,1.7569
dpa-dp-0.85,5,20,0.3723,1.7662
dpa-dp-0.85,5,21,0.3751,1.7744
dpa-dp-0.85,5,22,0.3806,1.7579
dpa-dp-0.85,5,23,0.3891,1.7594
dpa-dp-0.85,5,24,0.3899,1.7615
dpa-dp-0.85,5,25,0.3866,1.7996
dpa-dp-0.85,5,26,0.3974,1.7666
dpa-dp-0.85,5,27,0.4034,1.7567
dpa-dp-0.85,5,28,0.3928,1.8018
dpa-dp-0.85,5,29,0.4056,1.7552
dpa-dp-0.85,5,30,0.4093,1.7611
dpa-dp-0.85,5,31,0.4053,1.773
dpa-dp-0.85,5,32,0.4177,1.7455
dpa-dp-0.85,5,33,0.4124,1.7552
dpa-dp-0.85,5,34,0.4123,1.7736
dpa-dp-0.85,5,35,0.4196,1.7415
dpa-dp-0.85,5,36,0.4108,1.7874
dpa-dp-0.85,5,37,0.432,1.7359
dpa-dp-0.85,5,38,0.4343,1.7453
dpa-dp-0.85,5,39,0.4306,1.75
dpa-dp-0.85,5,40,0.4365,1.7183
dpa-dp-0.85,5,41,0.4332,1.7571
dpa-dp-0.85,5,42,0.4208,1.7816
dpa-dp-0.85,5,43,0.4439,1.7341
dpa-dp-0.85,5,44,0.4383,1.7492
dpa-dp-0.85,5,45,0.4454,1.7233
dpa-dp-0.85,5,46,0.4493,1.7054
dpa-dp-0.85,5,47,0.4474,1.7539
dpa-dp-0.85,5,48,0.446,1.7469
dpa-dp-0.85,5,49,0.4396,1.774
dpa-dp-0.85,5,50,0.4443,1.7745
dpa-dp-0.85,5,51,0.4471,1.7664
dpa-dp-0.85,5,52,0.4474,1.7779
dpa-dp-0.85,5,53,0.4466,1.7842
dpa-dp-0.85,5,54,0.4587,1.7527
dpa-dp-0.85,5,55,0.4577,1.7337
dpa-dp-0.85,5,56,0.4622,1.7408
dpa-dp-0.85,5,57,0.4509,1.7855
dpa-dp-0.85,5,58,0.4633,1.7447
dpa-dp-0.85,5,59,0.4619,1.7322
dpa-dp-0.85,5,60,0.4595,1.7619
dpa-dp-0.85,5,61,0.4689,1.7301
dpa-dp-0.85,5,62,0.4631,1.7917
dpa-dp-0.85,5,63,0.4675,1.7565
dpa-dp-0.85,5,64,0.4645,1.7736
dpa-dp-0.85,5,65,0.4713,1.7764
dpa-dp-0.85,5,66,0.4648,1.7807
dpa-dp-0.85,5,67,0.4748,1.7444
dpa-dp-0.85,5,68,0.4759,1.7307
dpa-dp-0.85,5,69,0.4723,1.7547
dpa-dp-0.85,5,70,0.4718,1.7476
dpa-dp-0.85,5,71,0.4779,1.7477
dpa-dp-0.85,5,72,0.4799,1.7989
dpa-dp-0.85,5,73,0.4745,1.7865
dpa-dp-0.85,5,74,0.4752,1.7911
dpa-dp-0.85,5,75,0.4728,1.7936
dpa-dp-0.85,5,76,0.4741,1.7553
dpa-dp-0.85,5,77,0.4736,1.8027
dpa-dp-0.85,5,78,0.4726,1.8298
dpa-dp-0.85,5,79,0.4803,1.7802
dpa-dp-0.85,5,80,0.4791,1.7843
dpa-dp-0.85,5,81,0.468,1.8423
dpa-dp-0.85,5,82,0.476,1.7878
dpa-dp-0.85,5,83,0.4727,1.8124
dpa-dp-0.85,5,84,0.4801,1.7837
dpa-dp-0.85,5,85,0.4725,1.7919
dpa-dp-0.85,5,86,0.4757,1.7717
dpa-dp-0.85,5,87,0.4757,1.8052
dpa-dp-0.85,5,88,0.4852,1.7436
dpa-dp-0.85,5,89,0.469,1.8506
dpa-dp-0.85,5,90,0.4772,1.7984
dpa-dp-0.85,5,91,0.4834,1.7698
dpa-dp-0.85,5,92,0.4785,1.7952
dpa-dp-0.85,5,93,0.4736,1.815
dpa-dp-0.85,5,94,0.4889,1.7568
dpa-dp-0.85,5,95,0.4858,1.8249
dpa-dp-0.85,5,96,0.483,1.8107
dpa-dp-0.85,5,97,0.4805,1.8227
dpa-dp-0.85,5,98,0.4848,1.7832
dpa-dp-0.85,5,99,0.4907,1.7712
dpa-dp-0.85,5,100,0.4872,1.8081
dpa-dp-0.85,5,101,0.4885,1.7821
dpa-dp-0.85,5,102,0.488,1.7935
dpa-dp-0.85,5,103,0.4922,1.7489
dpa-dp-0.85,5,104,0.4868,1.8058
dpa-dp-0.85,5,105,0.4924,1.7953
dpa-dp-0.85,5,106,0.4852,1.8456
dpa-dp-0.85,5,107,0.4858,1.8389
dpa-dp-0.85,5,108,0.4842,1.8367
dpa-dp-0.85,5,109,0.4915,1.8006
dpa-dp-0.85,5,110,0.4949,1.7993
dpa-dp-0.85,5,111,0.4937,1.8253
dpa-dp-0.85,5,112,0.5031,1.8134
dpa-dp-0.85,5,113,0.5005,1.826
dpa-dp-0.85,5,114,0.4958,1.8643
dpa-dp-0.85,5,115,0.4918,1.8613
dpa-dp-0.85,5,116,0.5017,1.8169
dpa-dp-0.85,5,117,0.4971,1.836
dpa-dp-0.85,5,118,0.5029,1.8017
dpa-dp-0.85,5,119,0.5003,1.8092
dpa-dp-0.85,5,120,0.4941,1.8404
dpa-dp-0.85,5,121,0.5024,1.8164
dpa-dp-0.85,5,122,0.4945,1.8571
dpa-dp-0.85,5,123,0.497,1.834
dpa-dp-0.85,5,124,0.496,1.8536
dpa-dp-0.85,5,125,0.5035,1.8183
dpa-dp-0.85,5,126,0.5017,1.8033
dpa-dp-0.85,5,127,0.5026,1.8416
dpa-dp-0.85,5,128,0.5017,1.8766
dpa-dp-0.85,5,129,0.5045,1.8597
dpa-dp-0.85,5,130,0.5007,1.8768
dpa-dp-0.85,5,131,0.5007,1.894
dpa-dp-0.85,5,132,0.4994,1.893
dpa-dp-0.85,5,133,0.5022,1.8545
dpa-dp-0.85,5,134,0.5029,1.897
dpa-dp-0.85,5,135,0.5117,1.8388
dpa-dp-0.85,5,136,0.5053,1.8451
dpa-dp-0.85,5,137,0.5114,1.8435
dpa-dp-0.85,5,138,0.5121,1.8134
dpa-dp-0.85,5,139,0.5117,1.8231
dpa-dp-0.85,5,140,0.5149,1.8381
dpa-dp-0.85,5,141,0.5164,1.8433
dpa-dp-0.85,5,142,0.5152,1.8165
dpa-dp-0.85,5,143,0.5181,1.8052
dpa-dp-0.85,5,144,0.5176,1.8732
dpa-dp-0.85,5,145,0.5139,1.8446
dpa-dp-0.85,5,146,0.5195,1.8118
dpa-dp-0.85,5,147,0.5181,1.8175
dpa-dp-0.85,5,148,0.5218,1.8306
dpa-dp-0.85,5,149,0.5135,1.8453
dpa-dp-0.85,5,150,0.5226,1.8392
dpa-dp-0.85,5,151,0.5214,1.8042
dpa-dp-0.85,5,152,0.52,1.8383
dpa-dp-0.85,5,153,0.5198,1.8056
dpa-dp-0.85,5,154,0.5177,1.8397
dpa-dp-0.85,5,155,0.5136,1.8338
dpa-dp-0.85,5,156,0.5145,1.8434
dpa-dp-0.85,5,157,0.5236,1.8136
dpa-dp-0.85,5,158,0.5176,1.8881
dpa-dp-0.85,5,159,0.52,1.8559
dpa-dp-0.85,5,160,0.5208,1.8222
dpa-dp-0.85,5,161,0.5186,1.869
dpa-dp-0.85,5,162,0.5176,1.8654
dpa-dp-0.85,5,163,0.5212,1.8378
dpa-dp-0.85,5,164,0.5195,1.8653
dpa-dp-0.85,5,165,0.5238,1.8545
dpa-dp-0.85,5,166,0.5175,1.877
dpa-dp-0.85,5,167,0.5212,1.832
dpa-dp-0.85,5,168,0.5216,1.852
dpa-dp-0.85,5,169,0.5216,1.8199
dpa-dp-0.85,5,170,0.5221,1.8414
dpa-dp-0.85,5,171,0.5131,1.8502
dpa-dp-0.85,5,172,0.5181,1.8157
dpa-dp-0.85,5,173,0.5229,1.831
dpa-dp-0.85,5,174,0.5175,1.8766
dpa-dp-0.85,5,175,0.523,1.8756
dpa-dp-0.85,5,176,0.5229,1.8595
dpa-dp-0.85,5,177,0.5339,1.8171
dpa-dp-0.85,5,178,0.5255,1.8562
dpa-dp-0.85,5,179,0.524,1.8804
dpa-dp-0.85,5,180,0.5227,1.8663
dpa-dp-0.85,5,181,0.5265,1.8143
dpa-dp-0.85,5,182,0.5314,1.8164
dpa-dp-0.85,5,183,0.5353,1.8047
dpa-dp-0.85,5,184,0.5338,1.813
dpa-dp-0.85,5,185,0.5363,1.794
dpa-dp-0.85,5,186,0.5348,1.7903
dpa-dp-0.85,5,187,0.5415,1.7895
dpa-dp-0.85,5,188,0.543,1.796
dpa-dp-0.85,5,189,0.5441,1.8064
dpa-dp-0.85,5,190,0.5426,1.793
dpa-dp-0.85,5,191,0.5445,1.7929
dpa-dp-0.85,5,192,0.5437,1.804
dpa-dp-0.85,5,193,0.5464,1.8036
dpa-dp-0.85,5,194,0.541,1.8198
dpa-dp-0.85,5,195,0.5446,1.8166
dpa-dp-0.85,5,196,0.5513,1.7643
dpa-dp-0.85,5,197,0.5493,1.808
dpa-dp-0.85,5,198,0.5473,1.8457
dpa-dp-0.85,5,199,0.5491,1.7982
dpa-dp-0.85,5,200,0.5473,1.8359
dpa-dp-0.75,0,0,0.103,2.3073
dpa-dp-0.75,0,1,0.1444,2.2505
dpa-dp-0.75,0,2,0.2133,2.1784
dpa-dp-0.75,0,3,0.2428,2.0969
dpa-dp-0.75,0,4,0.2328,2.0431
dpa-dp-0.75,0,5,0.2686,1.9871
dpa-dp-0.75,0,6,0.2788,1.9552
dpa-dp-0.75,0,7,0.3001,1.9238
dpa-dp-0.75,0,8,0.3159,1.9008
dpa-dp-0.75,0,9,0.3024,1.8993
dpa-dp-0.75,0,10,0.3294,1.8664
dpa-dp-0.75,0,11,0.3358,1.8582
dpa-dp-0.75,0,12,0.3464,1.8389
dpa-dp-0.75,0,13,0.3467,1.8315
dpa-dp-0.75,0,14,0.3266,1.8532
dpa-dp-0.75,0,15,0.3586,1.8136
dpa-dp-0.75,0,16,0.3371,1.878
dpa-dp-0.75,0,17,0.3578,1.8311
dpa-dp-0.75,0,18,0.357,1.8064
dpa-dp-0.75,0,19,0.3661,1.8144
dpa-dp-0.75,0,20,0.3785,1.7731
dpa-dp-0.75,0,21,0.3762,1.842
dpa-dp-0.75,0,22,0.3872,1.7727
dpa-dp-0.75,0,23,0.3841,1.7627
dpa-dp-0.75,0,24,0.386,1.7763
dpa-dp-0.75,0,25,0.3815,1.8088
dpa-dp-0.75,0,26,0.3815,1.8037
dpa-dp-0.75,0,27,0.3919,1.8053
dpa-dp-0.75,0,28,0.3987,1.7788
dpa-dp-0.75,0,29,0.3992,1.7578
dpa-dp-0.75,0,30,0.3941,1.8014
dpa-dp-0.75,0,31,0.3919,1.8319
dpa-dp-0.75,0,32,0.4012,1.8049
dpa-dp-0.75,0,33,0.3939,1.8234
dpa-dp-0.75,0,34,0.4065,1.8054
dpa-dp-0.75,0,35,0.4045,1.7942
dpa-dp-0.75,0,36,0.4102,1.8052
dpa-dp-0.75,0,37,0.4092,1.8015
dpa-dp-0.75,0,38,0.4078,1.813
dpa-dp-0.75,0,39,0.413,1.7889
dpa-dp-0.75,0,40,0.4037,1.7976
dpa-dp-0.75,0,41,0.4144,1.8253
dpa-dp-0.75,0,42,0.4044,1.8075
dpa-dp-0.75,0,43,0.4129,1.8108
dpa-dp-0.75,0,44,0.4092,1.8219
dpa-dp-0.75,0,45,0.4245,1.755
dpa-dp-0.75,0,46,0.4123,1.8433
dpa-dp-0.75,0,47,0.4206,1.8112
dpa-dp-0.75,0,48,0.4218,1.8084
dpa-dp-0.75,0,49,0.4121,1.8593
dpa-dp-0.75,0,50,0.4124,1.864
dpa-dp-0.75,0,51,0.4217,1.7884
dpa-dp-0.75,0,52,0.4276,1.8292
dpa-dp-0.75,0,53,0.4307,1.7967
dpa-dp-0.75,0,54,0.4206,1.8596
dpa-dp-0.75,0,55,0.4199,1.849
dpa-dp-0.75,0,56,0.4208,1.8707
dpa-dp-0.75,0,57,0.416,1.9012
dpa-dp-0.75,0,58,0.4344,1.7658
dpa-dp-0.75,0,59,0.4363,1.8105
dpa-dp-0.75,0,60,0.438,1.7868
dpa-dp-0.75,0,61,0.4495,1.7599
dpa-dp-0.75,0,62,0.4372,1.8301
dpa-dp-0.75,0,63,0.4489,1.809
dpa-dp-0.75,0,64,0.4521,1.793
dpa-dp-0.75,0,65,0.4562,1.7985
dpa-dp-0.75,0,66,0.4455,1.8355
dpa-dp-0.75,0,67,0.4563,1.7917
dpa-dp-0.75,0,68,0.4492,1.8538
dpa-dp-0.75,0,69,0.4628,1.7683
dpa-dp-0.75,0,70,0.4363,1.9367
dpa-dp-0.75,0,71,0.4555,1.8485
dpa-dp-0.75,0,72,0.4622,1.8172
dpa-dp-0.75,0,73,0.4458,1.8663
dpa-dp-0.75,0,74,0.4602,1.7957
dpa-dp-0.75,0,75,0.459,1.8079
dpa-dp-0.75,0,76,0.4661,1.7703
dpa-dp-0.75,0,77,0.4612,1.8156
dpa-dp-0.75,0,78,0.4672,1.7818
dpa-dp-0.75,0,79,0.4724,1.8051
dpa-dp-0.75,0,80,0.4699,1.845
dpa-dp-0.75,0,81,0.4724,1.8247
dpa-dp-0.75,0,82,0.4757,1.7904
dpa-dp-0.75,0,83,0.4651,1.8893
dpa-dp-0.75,0,84,0.468,1.8656
dpa-dp-0.75,0,85,0.4611,1.9392
dpa-dp-0.75,0,86,0.4583,1.943
dpa-dp-0.75,0,87,0.4715,1.8518
dpa-dp-0.75,0,88,0.468,1.8961
dpa-dp-0.75,0,89,0.474,1.8518
dpa-dp-0.75,0,90,0.4735,1.851
dpa-dp-0.75,0,91,0.4735,1.8176
dpa-dp-0.75,0,92,0.4688,1.8982
dpa-dp-0.75,0,93,0.4633,1.9695
dpa-dp-0.75,0,94,0.4742,1.8767
dpa-dp-0.75,0,95,0.4728,1.8842
dpa-dp-0.75,0,96,0.4747,1.9142
dpa-dp-0.75,0,97,0.4742,1.9144
dpa-dp-0.75,0,98,0.4709,1.9287
dpa-dp-0.75,0,99,0.4779,1.8674
dpa-dp-0.75,0,100,0.4765,1.8998
dpa-dp-0.75,0,101,0.4673,1.9312
dpa-dp-0.75,0,102,0.4799,1.8489
dpa-dp-0.75,0,103,0.4815,1.8258
dpa-dp-0.75,0,104,0.48,1.8627
dpa-dp-0.75,0,105,0.4798,1.839
dpa-dp-0.75,0,106,0.4804,1.8494
dpa-dp-0.75,0,107,0.4796,1.8976
dpa-dp-0.75,0,108,0.4877,1.8646
dpa-dp-0.75,0,109,0.4865,1.8564
dpa-dp-0.75,0,110,0.4892,1.8167
dpa-dp-0.75,0,111,0.4848,1.8384
dpa-dp-0.75,0,112,0.4783,1.8193
dpa-dp-0.75,0,113,0.4826,1.8093
dpa-dp-0.75,0,114,0.4681,1.9339
dpa-dp-0.75,0,115,0.4851,1.8582
dpa-dp-0.75,0,116,0.4752,1.9534
dpa-dp-0.75,0,117,0.4799,1.9391
dpa-dp-0.75,0,118,0.4849,1.872
dpa-dp-0.75,0,119,0.4831,1.907
dpa-dp-0.75,0,120,0.4818,1.8616
dpa-dp-0.75,0,121,0.4736,1.9156
dpa-dp-0.75,0,122,0.4904,1.8576
dpa-dp-0.75,0,123,0.4878,1.8769
dpa-dp-0.75,0,124,0.4874,1.8884
dpa-dp-0.75,0,125,0.4846,1.8623
dpa-dp-0.75,0,126,0.4781,1.9632
dpa-dp-0.75,0,127,0.4909,1.8576
dpa-dp-0.75,0,128,0.4894,1.9023
dpa-dp-0.75,0,129,0.4906,1.8769
dpa-dp-0.75,0,130,0.494,1.8589
dpa-dp-0.75,0,131,0.4932,1.8895
dpa-dp-0.75,0,132,0.4849,1.9112
dpa-dp-0.75,0,133,0.4975,1.8659
dpa-dp-0.75,0,134,0.4795,1.966
dpa-dp-0.75,0,135,0.4954,1.8543
dpa-dp-0.75,0,136,0.4914,1.907
dpa-dp-0.75,0,137,0.49,1.9784
dpa-dp-0.75,0,138,0.4977,1.874
dpa-dp-0.75,0,139,0.4883,1.8995
dpa-dp-0.75,0,140,0.4907,1.9081
dpa-dp-0.75,0,141,0.4945,1.8568
dpa-dp-0.75,0,142,0.4931,1.905
dpa-dp-0.75,0,143,0.497,1.9462
dpa-dp-0.75,0,144,0.4918,1.9669
dpa-dp-0.75,0,145,0.494,1.9317
dpa-dp-0.75,0,146,0.5024,1.9114
dpa-dp-0.75,0,147,0.4889,1.9994
dpa-dp-0.75,0,148,0.4923,1.9266
dpa-dp-0.75,0,149,0.5061,1.8538
dpa-dp-0.75,0,150,0.4887,2.0132
dpa-dp-0.75,0,151,0.5052,1.8657
dpa-dp-0.75,0,152,0.4995,1.9061
dpa-dp-0.75,0,153,0.5023,1.911
dpa-dp-0.75,0,154,0.5061,1.889
dpa-dp-0.75,0,155,0.5107,1.8981
dpa-dp-0.75,0,156,0.5,1.9788
dpa-dp-0.75,0,157,0.505,1.9081
dpa-dp-0.75,0,158,0.5046,1.9278
dpa-dp-0.75,0,159,0.5021,1.9205
dpa-dp-0.75,0,160,0.5052,1.9388
dpa-dp-0.75,0,161,0.5135,1.8835
dpa-dp-0.75,0,162,0.5184,1.8825
dpa-dp-0.75,0,163,0.5146,1.893
dpa-dp-0.75,0,164,0.5051,2.0606
dpa-dp-0.75,0,165,0.5142,1.9345
dpa-dp-0.75,0,166,0.5046,2.0052
dpa-dp-0.75,0,167,0.5113,1.9167
dpa-dp-0.75,0,168,0.499,2.0543
dpa-dp-0.75,0,169,0.5122,1.93
dpa-dp-0.75,0,170,0.5105,1.9387
dpa-dp-0.75,0,171,0.5096,1.9143
dpa-dp-0.75,0,172,0.5107,1.963
dpa-dp-0.75,0,173,0.4991,1.9915
dpa-dp-0.75,0,174,0.5083,1.9443
dpa-dp-0.75,0,175,0.4986,1.9787
dpa-dp-0.75,0,176,0.5096,1.8889
dpa-dp-0.75,0,177,0.5106,1.8887
dpa-dp-0.75,0,178,0.5082,1.9017
dpa-dp-0.75,0,179,0.5116,1.948
dpa-dp-0.75,0,180,0.4996,2.0575
dpa-dp-0.75,0,181,0.5203,1.8158
dpa-dp-0.75,0,182,0.5204,1.8423
dpa-dp-0.75,0,183,0.5201,1.8343
dpa-dp-0.75,0,184,0.526,1.7825
dpa-dp-0.75,0,185,0.5237,1.8379
dpa-dp-0.75,0,186,0.5281,1.782
dpa-dp-0.75,0,187,0.5339,1.7731
dpa-dp-0.75,0,188,0.535,1.7985
dpa-dp-0.75,0,189,0.5317,1.7787
dpa-dp-0.75,0,190,0.5333,1.7823
dpa-dp-0.75,0,191,0.5401,1.7733
dpa-dp-0.75,0,192,0.5386,1.8012
dpa-dp-0.75,0,193,0.5403,1.7649
dpa-dp-0.75,0,194,0.5397,1.7468
dpa-dp-0.75,0,195,0.5459,1.7437
dpa-dp-0.75,0,196,0.5474,1.7449
dpa-dp-0.75,0,197,0.5455,1.7616
dpa-dp-0.75,0,198,0.5452,1.752
dpa-dp-0.75,0,199,0.5447,1.7532
dpa-dp-0.75,0,200,0.5489,1.7217
dpa-dp-0.75,1,0,0.103,2.3073
dpa-dp-0.75,1,1,0.1186,2.2657
dpa-dp-0.75,1,2,0.1425,2.2251
dpa-dp-0.75,1,3,0.2047,2.1342
dpa-dp-0.75,1,4,0.2472,2.0549
dpa-dp-0.75,1,5,0.2784,2.0042
dpa-dp-0.75,1,6,0.3011,1.9569
dpa-dp-0.75,1,7,0.3031,1.9276
dpa-dp-0.75,1,8,0.3215,1.8954
dpa-dp-0.75,1,9,0.3056,1.9003
dpa-dp-0.75,1,10,0.3276,1.8809
dpa-dp-0.75,1,11,0.3337,1.8638
dpa-dp-0.75,1,12,0.3405,1.8441
dpa-dp-0.75,1,13,0.3528,1.8281
dpa-dp-0.75,1,14,0.3384,1.8226
dpa-dp-0.75,1,15,0.3665,1.7869
dpa-dp-0.75,1,16,0.363,1.8047
dpa-dp-0.75,1,17,0.3594,1.7723
dpa-dp-0.75,1,18,0.3675,1.7743
dpa-dp-0.75,1,19,0.3604,1.7873
dpa-dp-0.75,1,20,0.3691,1.7968
dpa-dp-0.75,1,21,0.3689,1.7988
dpa-dp-0.75,1,22,0.362,1.84
dpa-dp-0.75,1,23,0.3812,1.777
dpa-dp-0.75,1,24,0.3748,1.8014
dpa-dp-0.75,1,25,0.3931,1.7558
dpa-dp-0.75,1,26,0.3781,1.828
dpa-dp-0.75,1,27,0.391,1.7905
dpa-dp-0.75,1,28,0.3974,1.7746
dpa-dp-0.75,1,29,0.4001,1.7796
dpa-dp-0.75,1,30,0.4053,1.7588
dpa-dp-0.75,1,31,0.397,1.804
dpa-dp-0.75,1,32,0.4079,1.7781
dpa-dp-0.75,1,33,0.4105,1.7541
dpa-dp-0.75,1,34,0.4099,1.7758
dpa-dp-0.75,1,35,0.4105,1.761
dpa-dp-0.75,1,36,0.4168,1.7239
dpa-dp-0.75,1,37,0.4178,1.7701
dpa-dp-0.75,1,38,0.419,1.7585
dpa-dp-0.75,1,39,0.4303,1.7445
dpa-dp-0.75,1,40,0.4292,1.7393
dpa-dp-0.75,1,41,0.4387,1.7092
dpa-dp-0.75,1,42,0.4383,1.7276
dpa-dp-0.75,1,43,0.4334,1.7408
dpa-dp-0.75,1,44,0.4255,1.7863
dpa-dp-0.75,1,45,0.4412,1.7268
dpa-dp-0.75,1,46,0.438,1.7417
dpa-dp-0.75,1,47,0.4434,1.727
dpa-dp-0.75,1,48,0.4353,1.7525
dpa-dp-0.75,1,49,0.4453,1.7233
dpa-dp-0.75,1,50,0.4507,1.7078
dpa-dp-0.75,1,51,0.4411,1.7516
dpa-dp-0.75,1,52,0.4425,1.7978
dpa-dp-0.75,1,53,0.4426,1.752
dpa-dp-0.75,1,54,0.4519,1.7276
dpa-dp-0.75,1,55,0.4473,1.7521
dpa-dp-0.75,1,56,0.4403,1.8049
dpa-dp-0.75,1,57,0.4455,1.7878
dpa-dp-0.75,1,58,0.4453,1.7903
dpa-dp-0.75,1,59,0.4556,1.7482
dpa-dp-0.75,1,60,0.4604,1.7233
dpa-dp-0.75,1,61,0.459,1.7283
dpa-dp-0.75,1,62,0.464,1.7291
dpa-dp-0.75,1,63,0.4554,1.7527
dpa-dp-0.75,1,64,0.4626,1.7249
dpa-dp-0.75,1,65,0.4608,1.7374
dpa-dp-0.75,1,66,0.4616,1.7617
dpa-dp-0.75,1,67,0.4595,1.7616
dpa-dp-0.75,1,68,0.4593,1.7422
dpa-dp-0.75,1,69,0.4618,1.7501
dpa-dp-0.75,1,70,0.4539,1.7695
dpa-dp-0.75,1,71,0.4595,1.792
dpa-dp-0.75,1,72,0.4679,1.7742
dpa-dp-0.75,1,73,0.4639,1.7892
dpa-dp-0.75,1,74,0.464,1.8116
dpa-dp-0.75,1,75,0.466,1.815
dpa-dp-0.75,1,76,0.4681,1.7447
dpa-dp-0.75,1,77,0.4755,1.7574
dpa-dp-0.75,1,78,0.4663,1.84
dpa-dp-0.75,1,79,0.4654,1.8439
dpa-dp-0.75,1,80,0.4715,1.779
dpa-dp-0.75,1,81,0.48,1.7547
dpa-dp-0.75,1,82,0.4735,1.7877
dpa-dp-0.75,1,83,0.4783,1.7475
dpa-dp-0.75,1,84,0.4797,1.7314
dpa-dp-0.75,1,85,0.4851,1.7562
dpa-dp-0.75,1,86,0.4832,1.7324
dpa-dp-0.75,1,87,0.4813,1.766
dpa-dp-0.75,1,88,0.4797,1.7574
dpa-dp-0.75,1,89,0.4825,1.7313
dpa-dp-0.75,1,90,0.4834,1.7114
dpa-dp-0.75,1,91,0.4805,1.7507
dpa-dp-0.75,1,92,0.4844,1.763
dpa-dp-0.75,1,93,0.4864,1.784
dpa-dp-0.75,1,94,0.4841,1.7763
dpa-dp-0.75,1,95,0.4943,1.7223
dpa-dp-0.75,1,96,0.4767,1.8432
dpa-dp-0.75,1,97,0.4813,1.7917
dpa-dp-0.75,1,98,0.4883,1.7704
dpa-dp-0.75,1,99,0.4911,1.7392
dpa-dp-0.75,1,100,0.4936,1.7294
dpa-dp-0.75,1,101,0.492,1.7628
dpa-dp-0.75,1,102,0.4905,1.7955
dpa-dp-0.75,1,103,0.4977,1.7751
dpa-dp-0.75,1,104,0.4966,1.7999
dpa-dp-0.75,1,105,0.4993,1.7638
dpa-dp-0.75,1,106,0.5017,1.7287
dpa-dp-0.75,1,107,0.4988,1.7942
dpa-dp-0.75,1,108,0.497,1.8123
dpa-dp-0.75,1,109,0.4929,1.8528
dpa-dp-0.75,1,110,0.4959,1.8015
dpa-dp-0.75,1,111,0.4982,1.8043
dpa-dp-0.75,1,112,0.5005,1.7814
dpa-dp-0.75,1,113,0.4998,1.801
dpa-dp-0.75,1,114,0.4911,1.8026
dpa-dp-0.75,1,115,0.4953,1.7902
dpa-dp-0.75,1,116,0.4949,1.8243
dpa-dp-0.75,1,117,0.508,1.7595
dpa-dp-0.75,1,118,0.4986,1.8521
dpa-dp-0.75,1,119,0.495,1.7971
dpa-dp-0.75,1,120,0.5023,1.7918
dpa-dp-0.75,1,121,0.4951,1.837
dpa-dp-0.75,1,122,0.5099,1.7727
dpa-dp-0.75,1,123,0.5056,1.8175
dpa-dp-0.75,1,124,0.4945,1.8848
dpa-dp-0.75,1,125,0.5025,1.8443
dpa-dp-0.75,1,126,0.4996,1.832
dpa-dp-0.75,1,127,0.5021,1.8419
dpa-dp-0.75,1,128,0.5037,1.7961
dpa-dp-0.75,1,129,0.5075,1.8224
dpa-dp-0.75,1,130,0.5101,1.8232
dpa-dp-0.75,1,131,0.5092,1.8106
dpa-dp-0.75,1,132,0.5124,1.8262
dpa-dp-0.75,1,133,0.5215,1.8034
dpa-dp-0.75,1,134,0.501,1.843
dpa-dp-0.75,1,135,0.5044,1.8497
dpa-dp-0.75,1,136,0.507,1.7923
dpa-dp-0.75,1,137,0.5142,1.7861
dpa-dp-0.75,1,138,0.5134,1.8341
dpa-dp-0.75,1,139,0.504,1.8664
dpa-dp-0.75,1,140,0.5111,1.8797
dpa-dp-0.75,1,141,0.5111,1.827
dpa-dp-0.75,1,142,0.5048,1.8341
dpa-dp-0.75,1,143,0.5116,1.8653
dpa-dp-0.75,1,144,0.5092,1.8324
dpa-dp-0.75,1,145,0.5114,1.8367
dpa-dp-0.75,1,146,0.5064,1.8384
dpa-dp-0.75,1,147,0.5046,1.908
dpa-dp-0.75,1,148,0.5009,1.9036
dpa-dp-0.75,1,149,0.5053,1.9208
dpa-dp-0.75,1,150,0.5093,1.8744
dpa-dp-0.75,1,151,0.5109,1.8596
dpa-dp-0.75,1,152,0.5034,1.9096
dpa-dp-0.75,1,153,0.5095,1.8344
dpa-dp-0.75,1,154,0.5059,1.9006
dpa-dp-0.75,1,155,0.5132,1.8715
dpa-dp-0.75,1,156,0.5073,1.9196
dpa-dp-0.75,1,157,0.5072,1.9292
dpa-dp-0.75,1,158,0.5108,1.9446
dpa-dp-0.75,1,159,0.5001,2.0081
dpa-dp-0.75,1,160,0.5195,1.9061
dpa-dp-0.75,1,161,0.5134,1.9254
dpa-dp-0.75,1,162,0.5108,1.9606
dpa-dp-0.75,1,163,0.5101,1.9213
dpa-dp-0.75,1,164,0.5104,1.9197
dpa-dp-0.75,1,165,0.5093,1.9258
dpa-dp-0.75,1,166,0.5085,1.9548
dpa-dp-0.75,1,167,0.5083,1.9672
dpa-dp-0.75,1,168,0.5141,1.9208
dpa-dp-0.75,1,169,0.5123,1.9168
dpa-dp-0.75,1,170,0.5143,1.9334
dpa-dp-0.75,1,171,0.5174,1.8942
dpa-dp-0.75,1,172,0.516,1.8986
dpa-dp-0.75,1,173,0.5112,1.9308
dpa-dp-0.75,1,174,0.5213,1.8696
dpa-dp-0.75,1,175,0.5119,1.9375
dpa-dp-0.75,1,176,0.5086,1.939
dpa-dp-0.75,1,177,0.5134,1.8517
dpa-dp-0.75,1,178,0.5105,1.9626
dpa-dp-0.75,1,179,0.5062,1.9695
dpa-dp-0.75,1,180,0.5115,1.9231
dpa-dp-0.75,1,181,0.5242,1.8414
dpa-dp-0.75,1,182,0.5251,1.8069
dpa-dp-0.75,1,183,0.5252,1.8234
dpa-dp-0.75,1,184,0.5343,1.7808
dpa-dp-0.75,1,185,0.5298,1.7915
dpa-dp-0.75,1,186,0.5374,1.7601
dpa-dp-0.75,1,187,0.535,1.7719
dpa-dp-0.75,1,188,0.539,1.7755
dpa-dp-0.75,1,189,0.5407,1.7545
dpa-dp-0.75,1,190,0.5428,1.7525
dpa-dp-0.75,1,191,0.5446,1.7517
dpa-dp-0.75,1,192,0.5434,1.7857
dpa-dp-0.75,1,193,0.5385,1.8045
dpa-dp-0.75,1,194,0.5416,1.8048
dpa-dp-0.75,1,195,0.5449,1.7829
dpa-dp-0.75,1,196,0.5457,1.7459
dpa-dp-0.75,1,197,0.5456,1.7561
dpa-dp-0.75,1,198,0.5487,1.7497
dpa-dp-0.75,1,199,0.5544,1.7167
dpa-dp-0.75,1,200,0.552,1.7533
dpa-dp-0.75,2,0,0.103,2.3073
dpa-dp-0.75,2,1,0.1711,2.2593
dpa-dp-0.75,2,2,0.1906,2.207
dpa-dp-0.75,2,3,0.2212,2.1436
dpa-dp-0.75,2,4,0.2625,2.0601
dpa-dp-0.75,2,5,0.2657,2.0054
dpa-dp-0.75,2,6,0.2701,1.9711
dpa-dp-0.75,2,7,0.2949,1.9357
dpa-dp-0.75,2,8,0.3041,1.9103
dpa-dp-0.75,2,9,0.311,1.8913
dpa-dp-0.75,2,10,0.3139,1.892
dpa-dp-0.75,2,11,0.3358,1.8586
dpa-dp-0.75,2,12,0.3311,1.8695
dpa-dp-0.75,2,13,0.3507,1.8314
dpa-dp-0.75,2,14,0.3444,1.8283
dpa-dp-0.75,2,15,0.3533,1.8345
dpa-dp-0.75,2,16,0.353,1.8238
dpa-dp-0.75,2,17,0.3649,1.8071
dpa-dp-0.75,2,18,0.3738,1.772
dpa-dp-0.75,2,19,0.3749,1.8067
dpa-dp-0.75,2,20,0.3845,1.7558
dpa-dp-0.75,2,21,0.3804,1.8129
dpa-dp-0.75,2,22,0.3849,1.7773
dpa-dp-0.75,2,23,0.3856,1.7811
dpa-dp-0.75,2,24,0.3986,1.7695
dpa-dp-0.75,2,25,0.3963,1.764
dpa-dp-0.75,2,26,0.3981,1.7673
dpa-dp-0.75,2,27,0.3906,1.7621
dpa-dp-0.75,2,28,0.4004,1.7549
dpa-dp-0.75,2,29,0.3939,1.7595
dpa-dp-0.75,2,30,0.4011,1.7274
dpa-dp-0.75,2,31,0.3873,1.8008
dpa-dp-0.75,2,32,0.3985,1.7681
dpa-dp-0.75,2,33,0.4158,1.7214
dpa-dp-0.75,2,34,0.4073,1.7716
dpa-dp-0.75,2,35,0.4074,1.7636
dpa-dp-0.75,2,36,0.4071,1.8137
dpa-dp-0.75,2,37,0.4171,1.7546
dpa-dp-0.75,2,38,0.4321,1.6849
dpa-dp-0.75,2,39,0.427,1.7276
dpa-dp-0.75,2,40,0.4287,1.7227
dpa-dp-0.75,2,41,0.4143,1.7811
dpa-dp-0.75,2,42,0.4398,1.7115
dpa-dp-0.75,2,43,0.4267,1.7526
dpa-dp-0.75,2,44,0.4425,1.7233
dpa-dp-0.75,2,45,0.4363,1.7313
dpa-dp-0.75,2,46,0.437,1.8016
dpa-dp-0.75,2,47,0.4343,1.752
dpa-dp-0.75,2,48,0.436,1.7872
dpa-dp-0.75,2,49,0.4302,1.7808
dpa-dp-0.75,2,50,0.4498,1.7344
dpa-dp-0.75,2,51,0.4439,1.7663
dpa-dp-0.75,2,52,0.4483,1.7774
dpa-dp-0.75,2,53,0.4542,1.7444
dpa-dp-0.75,2,54,0.4484,1.7904
dpa-dp-0.75,2,55,0.449,1.7686
dpa-dp-0.75,2,56,0.4483,1.7832
dpa-dp-0.75,2,57,0.4464,1.8217
dpa-dp-0.75,2,58,0.4455,1.8195
dpa-dp-0.75,2,59,0.456,1.7533
dpa-dp-0.75,2,60,0.4535,1.7952
dpa-dp-0.75,2,61,0.4576,1.8083
dpa-dp-0.75,2,62,0.4576,1.8009
dpa-dp-0.75,2,63,0.4592,1.8492
dpa-dp-0.75,2,64,0.4582,1.8535
dpa-dp-0.75,2,65,0.4586,1.8006
dpa-dp-0.75,2,66,0.4589,1.7883
dpa-dp-0.75,2,67,0.4594,1.8341
dpa-dp-0.75,2,68,0.454,1.8305
dpa-dp-0.75,2,69,0.4566,1.7852
dpa-dp-0.75,2,70,0.4636,1.7663
dpa-dp-0.75,2,71,0.4545,1.856
dpa-dp-0.75,2,72,0.4695,1.7765
dpa-dp-0.75,2,73,0.4698,1.781
dpa-dp-0.75,2,74,0.4729,1.7623
dpa-dp-0.75,2,75,0.4763,1.742
dpa-dp-0.75,2,76,0.4683,1.8082
dpa-dp-0.75,2,77,0.4744,1.7377
dpa-dp-0.75,2,78,0.4637,1.8195
dpa-dp-0.75,2,79,0.4691,1.7685
dpa-dp-0.75,2,80,0.4666,1.8073
dpa-dp-0.75,2,81,0.4695,1.8162
dpa-dp-0.75,2,82,0.4723,1.8065
dpa-dp-0.75,2,83,0.4667,1.8627
dpa-dp-0.75,2,84,0.4756,1.8276
dpa-dp-0.75,2,85,0.4724,1.8094
dpa-dp-0.75,2,86,0.4745,1.804
dpa-dp-0.75,2,87,0.4777,1.825
dpa-dp-0.75,2,88,0.4815,1.7923
dpa-dp-0.75,2,89,0.4706,1.8633
dpa-dp-0.75,2,90,0.4742,1.8709
dpa-dp-0.75,2,91,0.4859,1.7973
dpa-dp-0.75,2,92,0.4746,1.8313
dpa-dp-0.75,2,93,0.4848,1.7878
dpa-dp-0.75,2,94,0.4813,1.8279
dpa-dp-0.75,2,95,0.4812,1.8128
dpa-dp-0.75,2,96,0.4842,1.8178
dpa-dp-0.75,2,97,0.4759,1.9201
dpa-dp-0.75,2,98,0.4897,1.7817
dpa-dp-0.75,2,99,0.4881,1.8394
dpa-dp-0.75,2,100,0.4904,1.8052
dpa-dp-0.75,2,101,0.4876,1.8348
dpa-dp-0.75,2,102,0.4809,1.8855
dpa-dp-0.75,2,103,0.4846,1.8743
dpa-dp-0.75,2,104,0.4825,1.8827
dpa-dp-0.75,2,105,0.4865,1.8751
dpa-dp-0.75,2,106,0.4801,1.9072
dpa-dp-0.75,2,107,0.4855,1.8802
dpa-dp-0.75,2,108,0.4898,1.8613
dpa-dp-0.75,2,109,0.4936,1.8624
dpa-dp-0.75,2,110,0.4915,1.8684
dpa-dp-0.75,2,111,0.4875,1.849
dpa-dp-0.75,2,112,0.4901,1.8389
dpa-dp-0.75,2,113,0.482,1.8799
dpa-dp-0.75,2,114,0.4873,1.855
dpa-dp-0.75,2,115,0.4875,1.8311
dpa-dp-0.75,2,116,0.4869,1.8777
dpa-dp-0.75,2,117,0.4879,1.8469
dpa-dp-0.75,2,118,0.4878,1.867
dpa-dp-0.75,2,119,0.4893,1.8993
dpa-dp-0.75,2,120,0.4873,1.9291
dpa-dp-0.75,2,121,0.4827,1.9458
dpa-dp-0.75,2,122,0.4929,1.873
dpa-dp-0.75,2,123,0.4818,1.9775
dpa-dp-0.75,2,124,0.4916,1.8948
dpa-dp-0.75,2,125,0.4922,1.8984
dpa-dp-0.75,2,126,0.4729,1.9899
dpa-dp-0.75,2,127,0.4842,1.8708
dpa-dp-0.75,2,128,0.4938,1.9014
dpa-dp-0.75,2,129,0.4925,1.8963
dpa-dp-0.75,2,130,0.4912,1.9157
dpa-dp-0.75,2,131,0.4839,1.937
dpa-dp-0.75,2,132,0.4915,1.901
dpa-dp-0.75,2,133,0.4957,1.8764
dpa-dp-0.75,2,134,0.4931,1.9317
dpa-dp-0.75,2,135,0.4905,1.906
dpa-dp-0.75,2,136,0.4861,1.9827
dpa-dp-0.75,2,137,0.491,1.9391
dpa-dp-0.75,2,138,0.4832,2.02
dpa-dp-0.75,2,139,0.4725,2.0447
dpa-dp-0.75,2,140,0.4743,2.0748
dpa-dp-0.75,2,141,0.4803,2.0707
dpa-dp-0.75,2,142,0.4922,1.9705
dpa-dp-0.75,2,143,0.4871,2.0241
dpa-dp-0.75,2,144,0.4815,2.028
dpa-dp-0.75,2,145,0.4773,2.0337
dpa-dp-0.75,2,146,0.4834,2.0618
dpa-dp-0.75,2,147,0.4759,2.1008
dpa-dp-0.75,2,148,0.4834,2.1064
dpa-dp-0.75,2,149,0.4868,2.0338
dpa-dp-0.75,2,150,0.4924,1.9677
dpa-dp-0.75,2,151,0.4885,2.1079
dpa-dp-0.75,2,152,0.4818,2.0979
dpa-dp-0.75,2,153,0.4781,2.0653
dpa-dp-0.75,2,154,0.4789,2.1102
dpa-dp-0.75,2,155,0.4874,2.0455
dpa-dp-0.75,2,156,0.4936,2.0271
dpa-dp-0.75,2,157,0.4914,2.034
dpa-dp-0.75,2,158,0.4923,2.0151
dpa-dp-0.75,2,159,0.4836,2.1654
dpa-dp-0.75,2,160,0.4956,2.0073
dpa-dp-0.75,2,161,0.4978,1.9712
dpa-dp-0.75,2,162,0.4892,2.0785
dpa-dp-0.75,2,163,0.4883,2.029
dpa-dp-0.75,2,164,0.4867,2.0293
dpa-dp-0.75,2,165,0.4929,1.9703
dpa-dp-0.75,2,166,0.5073,1.9384
dpa-dp-0.75,2,167,0.4823,2.0714
dpa-dp-0.75,2,168,0.4986,1.9525
dpa-dp-0.75,2,169,0.5072,1.9326
dpa-dp-0.75,2,170,0.5058,1.971
dpa-dp-0.75,2,171,0.4906,2.0681
dpa-dp-0.75,2,172,0.4973,2.0157
dpa-dp-0.75,2,173,0.4998,1.9917
dpa-dp-0.75,2,174,0.5022,1.9835
dpa-dp-0.75,2,175,0.5031,2.008
dpa-dp-0.75,2,176,0.4932,2.0625
dpa-dp-0.75,2,177,0.5026,2.0037
dpa-dp-0.75,2,178,0.4977,2.0551
dpa-dp-0.75,2,179,0.4868,2.1723
dpa-dp-0.75,2,180,0.5015,2.0748
dpa-dp-0.75,2,181,0.5154,1.9514
dpa-dp-0.75,2,182,0.5124,1.9478
dpa-dp-0.75,2,183,0.5187,1.9074
dpa-dp-0.75,2,184,0.5196,1.8968
dpa-dp-0.75,2,185,0.5162,1.9123
dpa-dp-0.75,2,186,0.524,1.8728
dpa-dp-0.75,2,187,0.5271,1.853
dpa-dp-0.75,2,188,0.53,1.8628
dpa-dp-0.75,2,189,0.5217,1.9203
dpa-dp-0.75,2,190,0.5271,1.9007
dpa-dp-0.75,2,191,0.5325,1.8645
dpa-dp-0.75,2,192,0.5349,1.8291
dpa-dp-0.75,2,193,0.5365,1.8202
dpa-dp-0.75,2,194,0.5372,1.8173
dpa-dp-0.75,2,195,0.5338,1.7955
dpa-dp-0.75,2,196,0.5318,1.8452
dpa-dp-0.75,2,197,0.537,1.811
dpa-dp-0.75,2,198,0.5389,1.8279
dpa-dp-0.75,2,199,0.5341,1.819
dpa-dp-0.75,2,200,0.5405,1.8198
dpa-dp-0.75,3,0,0.103,2.3073
dpa-dp-0.75,3,1,0.1541,2.2614
dpa-dp-0.75,3,2,0.1842,2.1978
dpa-dp-0.75,3,3,0.2066,2.1379
dpa-dp-0.75,3,4,0.2501,2.0597
dpa-dp-0.75,3,5,0.2792,1.9784
dpa-dp-0.75,3,6,0.2838,1.9468
dpa-dp-0.75,3,7,0.3256,1.8958
dpa-dp-0.75,3,8,0.3159,1.8817
dpa-dp-0.75,3,9,0.3366,1.8438
dpa-dp-0.75,3,10,0.326,1.8433
dpa-dp-0.75,3,11,0.3262,1.8378
dpa-dp-0.75,3,12,0.3472,1.8083
dpa-dp-0.75,3,13,0.3529,1.7985
dpa-dp-0.75,3,14,0.354,1.8193
dpa-dp-0.75,3,15,0.3567,1.8146
dpa-dp-0.75,3,16,0.3613,1.7973
dpa-dp-0.75,3,17,0.3651,1.8065
dpa-dp-0.75,3,18,0.3657,1.7936
dpa-dp-0.75,3,19,0.371,1.7806
dpa-dp-0.75,3,20,0.3626,1.8021
dpa-dp-0.75,3,21,0.382,1.7654
dpa-dp-0.75,3,22,0.3855,1.7586
dpa-dp-0.75,3,23,0.3725,1.8038
dpa-dp-0.75,3,24,0.3831,1.7682
dpa-dp-0.75,3,25,0.3894,1.7714
dpa-dp-0.75,3,26,0.3947,1.7371
dpa-dp-0.75,3,27,0.3857,1.7853
dpa-dp-0.75,3,28,0.3881,1.7917
dpa-dp-0.75,3,29,0.3926,1.7916
dpa-dp-0.75,3,30,0.3992,1.7671
dpa-dp-0.75,3,31,0.3933,1.8162
dpa-dp-0.75,3,32,0.4102,1.7559
dpa-dp-0.75,3,33,0.4105,1.7495
dpa-dp-0.75,3,34,0.4022,1.7883
dpa-dp-0.75,3,35,0.4061,1.8128
dpa-dp-0.75,3,36,0.417,1.7687
dpa-dp-0.75,3,37,0.414,1.7836
dpa-dp-0.75,3,38,0.4068,1.8373
dpa-dp-0.75,3,39,0.4098,1.7995
dpa-dp-0.75,3,40,0.4139,1.8072
dpa-dp-0.75,3,41,0.411,1.8259
dpa-dp-0.75,3,42,0.4107,1.8185
dpa-dp-0.75,3,43,0.4202,1.7978
dpa-dp-0.75,3,44,0.4267,1.7925
dpa-dp-0.75,3,45,0.4338,1.7418
dpa-dp-0.75,3,46,0.4261,1.7426
dpa-dp-0.75,3,47,0.4289,1.8188
dpa-dp-0.75,3,48,0.4357,1.7459
dpa-dp-0.75,3,49,0.4294,1.7815
dpa-dp-0.75,3,50,0.4315,1.7901
dpa-dp-0.75,3,51,0.4369,1.7561
dpa-dp-0.75,3,52,0.433,1.8265
dpa-dp-0.75,3,53,0.4355,1.8268
dpa-dp-0.75,3,54,0.4446,1.7799
dpa-dp-0.75,3,55,0.4433,1.7968
dpa-dp-0.75,3,56,0.4468,1.7952
dpa-dp-0.75,3,57,0.4495,1.7824
dpa-dp-0.75,3,58,0.4482,1.8167
dpa-dp-0.75,3,59,0.4434,1.8476
dpa-dp-0.75,3,60,0.4565,1.7741
dpa-dp-0.75,3,61,0.4471,1.8047
dpa-dp-0.75,3,62,0.453,1.7729
dpa-dp-0.75,3,63,0.4565,1.7939
dpa-dp-0.75,3,64,0.4514,1.8235
dpa-dp-0.75,3,65,0.4551,1.8519
dpa-dp-0.75,3,66,0.4628,1.8074
dpa-dp-0.75,3,67,0.4614,1.8568
dpa-dp-0.75,3,68,0.4604,1.8237
dpa-dp-0.75,3,69,0.4569,1.8569
dpa-dp-0.75,3,70,0.4622,1.8346
dpa-dp-0.75,3,71,0.4641,1.7908
dpa-dp-0.75,3,72,0.4608,1.8187
dpa-dp-0.75,3,73,0.4604,1.8651
dpa-dp-0.75,3,74,0.4648,1.8584
dpa-dp-0.75,3,75,0.4631,1.8445
dpa-dp-0.75,3,76,0.4633,1.876
dpa-dp-0.75,3,77,0.4679,1.8438
dpa-dp-0.75,3,78,0.4729,1.8235
dpa-dp-0.75,3,79,0.4683,1.8477
dpa-dp-0.75,3,80,0.4714,1.8282
dpa-dp-0.75,3,81,0.4664,1.8598
dpa-dp-0.75,3,82,0.4688,1.832
dpa-dp-0.75,3,83,0.4726,1.8288
dpa-dp-0.75,3,84,0.4628,1.8547
dpa-dp-0.75,3,85,0.4717,1.8135
dpa-dp-0.75,3,86,0.4675,1.8406
dpa-dp-0.75,3,87,0.4665,1.8264
dpa-dp-0.75,3,88,0.4707,1.8185
dpa-dp-0.75,3,89,0.4677,1.8537
dpa-dp-0.75,3,90,0.4705,1.8369
dpa-dp-0.75,3,91,0.4747,1.8417
dpa-dp-0.75,3,92,0.4754,1.8468
dpa-dp-0.75,3,93,0.4756,1.8733
dpa-dp-0.75,3,94,0.4721,1.9262
dpa-dp-0.75,3,95,0.4735,1.8729
dpa-dp-0.75,3,96,0.4857,1.8495
dpa-dp-0.75,3,97,0.4849,1.8385
dpa-dp-0.75,3,98,0.4841,1.8084
dpa-dp-0.75,3,99,0.4802,1.8441
dpa-dp-0.75,3,100,0.4817,1.8477
dpa-dp-0.75,3,101,0.4791,1.8819
dpa-dp-0.75,3,102,0.4806,1.8949
dpa-dp-0.75,3,103,0.4857,1.8959
dpa-dp-0.75,3,104,0.4843,1.8696
dpa-dp-0.75,3,105,0.4857,1.866
dpa-dp-0.75,3,106,0.4865,1.8196
dpa-dp-0.75,3,107,0.4904,1.8685
dpa-dp-0.75,3,108,0.4853,1.8832
dpa-dp-0.75,3,109,0.4859,1.8886
dpa-dp-0.75,3,110,0.4881,1.866
dpa-dp-0.75,3,111,0.4781,1.971
dpa-dp-0.75,3,112,0.4897,1.9229
dpa-dp-0.75,3,113,0.4868,1.9251
dpa-dp-0.75,3,114,0.4922,1.8762
dpa-dp-0.75,3,115,0.496,1.8586
dpa-dp-0.75,3,116,0.4892,1.8998
dpa-dp-0.75,3,117,0.4902,1.9379
dpa-dp-0.75,3,118,0.4821,1.9801
dpa-dp-0.75,3,119,0.4925,1.8804
dpa-dp-0.75,3,120,0.4938,1.8746
dpa-dp-0.75,3,121,0.4897,1.9123
dpa-dp-0.75,3,122,0.4862,1.9425
dpa-dp-0.75,3,123,0.4863,1.9224
dpa-dp-0.75,3,124,0.4948,1.8952
dpa-dp-0.75,3,125,0.4873,1.9184
dpa-dp-0.75,3,126,0.4919,1.919
dpa-dp-0.75,3,127,0.4831,1.9088
dpa-dp-0.75,3,128,0.491,1.9159
dpa-dp-0.75,3,129,0.4865,1.9068
dpa-dp-0.75,3,130,0.4859,1.9041
dpa-dp-0.75,3,131,0.4922,1.9128
dpa-dp-0.75,3,132,0.49,1.9196
dpa-dp-0.75,3,133,0.4933,1.8985
dpa-dp-0.75,3,134,0.4892,1.8954
dpa-dp-0.75,3,135,0.4863,1.9757
dpa-dp-0.75,3,136,0.4946,1.8596
dpa-dp-0.75,3,137,0.4875,1.9107
dpa-dp-0.75,3,138,0.487,1.917
dpa-dp-0.75,3,139,0.4893,1.9133
dpa-dp-0.75,3,140,0.4868,1.9399
dpa-dp-0.75,3,141,0.485,1.9606
dpa-dp-0.75,3,142,0.483,1.9293
dpa-dp-0.75,3,143,0.489,1.9065
dpa-dp-0.75,3,144,0.4931,1.8187
dpa-dp-0.75,3,145,0.49,1.9159
dpa-dp-0.75,3,146,0.4975,1.8405
dpa-dp-0.75,3,147,0.4925,1.9088
dpa-dp-0.75,3,148,0.4987,1.8672
dpa-dp-0.75,3,149,0.5037,1.8502
dpa-dp-0.75,3,150,0.4995,1.876
dpa-dp-0.75,3,151,0.4953,1.86
dpa-dp-0.75,3,152,0.4931,1.8814
dpa-dp-0.75,3,153,0.4855,1.9618
dpa-dp-0.75,3,154,0.4902,1.9127
dpa-dp-0.75,3,155,0.4942,1.9233
dpa-dp-0.75,3,156,0.4995,1.9085
dpa-dp-0.75,3,157,0.4938,1.9825
dpa-dp-0.75,3,158,0.5021,1.9212
dpa-dp-0.75,3,159,0.498,1.984
dpa-dp-0.75,3,160,0.4896,2.0054
dpa-dp-0.75,3,161,0.4896,1.9636
dpa-dp-0.75,3,162,0.4887,1.9753
dpa-dp-0.75,3,163,0.4972,1.8896
dpa-dp-0.75,3,164,0.4975,1.922
dpa-dp-0.75,3,165,0.4988,1.8872
dpa-dp-0.75,3,166,0.4991,1.911
dpa-dp-0.75,3,167,0.4942,1.9453
dpa-dp-0.75,3,168,0.501,1.9246
dpa-dp-0.75,3,169,0.5052,1.9093
dpa-dp-0.75,3,170,0.4997,1.9426
dpa-dp-0.75,3,171,0.5021,1.9626
dpa-dp-0.75,3,172,0.5041,1.9529
dpa-dp-0.75,3,173,0.502,1.9388
dpa-dp-0.75,3,174,0.5049,1.9306
dpa-dp-0.75,3,175,0.4933,2.0198
dpa-dp-0.75,3,176,0.4972,1.9853
dpa-dp-0.75,3,177,0.5014,1.9363
dpa-dp-0.75,3,178,0.5007,1.9525
dpa-dp-0.75,3,179,0.5029,1.9595
dpa-dp-0.75,3,180,0.5025,1.9542
dpa-dp-0.75,3,181,0.5098,1.8769
dpa-dp-0.75,3,182,0.5085,1.8915
dpa-dp-0.75,3,183,0.5111,1.8559
dpa-dp-0.75,3,184,0.5118,1.8894
dpa-dp-0.75,3,185,0.5111,1.8762
dpa-dp-0.75,3,186,0.5161,1.8414
dpa-dp-0.75,3,187,0.5149,1.843
dpa-dp-0.75,3,188,0.5138,1.8639
dpa-dp-0.75,3,189,0.5156,1.8246
dpa-dp-0.75,3,190,0.5151,1.8447
dpa-dp-0.75,3,191,0.5199,1.8403
dpa-dp-0.75,3,192,0.5235,1.8712
dpa-dp-0.75,3,193,0.5183,1.8439
dpa-dp-0.75,3,194,0.5263,1.8135
dpa-dp-0.75,3,195,0.5224,1.8228
dpa-dp-0.75,3,196,0.5239,1.8279
dpa-dp-0.75,3,197,0.5252,1.8564
dpa-dp-0.75,3,198,0.5249,1.8387
dpa-dp-0.75,3,199,0.5178,1.8715
dpa-dp-0.75,3,200,0.5248,1.8224
dpa-dp-0.75,4,0,0.103,2.3073
dpa-dp-0.75,4,1,0.1261,2.2604
dpa-dp-0.75,4,2,0.1687,2.2054
dpa-dp-0.75,4,3,0.2067,2.1353
dpa-dp-0.75,4,4,0.2111,2.1016
dpa-dp-0.75,4,5,0.2569,2.031
dpa-dp-0.75,4,6,0.2682,1.9903
dpa-dp-0.75,4,7,0.2799,1.9599
dpa-dp-0.75,4,8,0.2941,1.915
dpa-dp-0.75,4,9,0.3135,1.8902
dpa-dp-0.75,4,10,0.3168,1.8655
dpa-dp-0.75,4,11,0.3267,1.8503
dpa-dp-0.75,4,12,0.3418,1.8306
dpa-dp-0.75,4,13,0.3476,1.8284
dpa-dp-0.75,4,14,0.3478,1.8102
dpa-dp-0.75,4,15,0.3587,1.791
dpa-dp-0.75,4,16,0.3507,1.8078
dpa-dp-0.75,4,17,0.3669,1.7745
dpa-dp-0.75,4,18,0.3757,1.7799
dpa-dp-0.75,4,19,0.3718,1.7679
dpa-dp-0.75,4,20,0.3753,1.746
dpa-dp-0.75,4,21,0.3824,1.7599
dpa-dp-0.75,4,22,0.3871,1.7612
dpa-dp-0.75,4,23,0.3859,1.7751
dpa-dp-0.75,4,24,0.387,1.7594
dpa-dp-0.75,4,25,0.3967,1.7388
dpa-dp-0.75,4,26,0.3975,1.7693
dpa-dp-0.75,4,27,0.394,1.7981
dpa-dp-0.75,4,28,0.4053,1.753
dpa-dp-0.75,4,29,0.4033,1.7484
dpa-dp-0.75,4,30,0.4181,1.7087
dpa-dp-0.75,4,31,0.4202,1.7038
dpa-dp-0.75,4,32,0.4143,1.7229
dpa-dp-0.75,4,33,0.4233,1.7194
dpa-dp-0.75,4,34,0.4245,1.7056
dpa-dp-0.75,4,35,0.4191,1.7192
dpa-dp-0.75,4,36,0.4166,1.7491
dpa-dp-0.75,4,37,0.4287,1.6976
dpa-dp-0.75,4,38,0.4252,1.7562
dpa-dp-0.75,4,39,0.4328,1.7363
dpa-dp-0.75,4,40,0.4337,1.733
dpa-dp-0.75,4,41,0.4324,1.7246
dpa-dp-0.75,4,42,0.4417,1.717
dpa-dp-0.75,4,43,0.4402,1.7224
dpa-dp-0.75,4,44,0.4321,1.7496
dpa-dp-0.75,4,45,0.4248,1.8229
dpa-dp-0.75,4,46,0.4466,1.7237
dpa-dp-0.75,4,47,0.4383,1.7709
dpa-dp-0.75,4,48,0.4264,1.8496
dpa-dp-0.75,4,49,0.4321,1.8176
dpa-dp-0.75,4,50,0.4348,1.7875
dpa-dp-0.75,4,51,0.43,1.8234
dpa-dp-0.75,4,52,0.4439,1.7653
dpa-dp-0.75,4,53,0.4405,1.8066
dpa-dp-0.75,4,54,0.4433,1.8152
dpa-dp-0.75,4,55,0.4369,1.8298
dpa-dp-0.75,4,56,0.4497,1.7936
dpa-dp-0.75,4,57,0.4469,1.814
dpa-dp-0.75,4,58,0.4532,1.7838
dpa-dp-0.75,4,59,0.456,1.7544
dpa-dp-0.75,4,60,0.4506,1.8374
dpa-dp-0.75,4,61,0.4509,1.8067
dpa-dp-0.75,4,62,0.4578,1.7806
dpa-dp-0.75,4,63,0.4475,1.8509
dpa-dp-0.75,4,64,0.4547,1.8614
dpa-dp-0.75,4,65,0.454,1.8325
dpa-dp-0.75,4,66,0.4611,1.7979
dpa-dp-0.75,4,67,0.4594,1.8176
dpa-dp-0.75,4,68,0.457,1.8582
dpa-dp-0.75,4,69,0.4566,1.8267
dpa-dp-0.75,4,70,0.464,1.7678
dpa-dp-0.75,4,71,0.4567,1.8171
dpa-dp-0.75,4,72,0.456,1.862
dpa-dp-0.75,4,73,0.4558,1.8715
dpa-dp-0.75,4,74,0.4656,1.8242
dpa-dp-0.75,4,75,0.4577,1.8909
dpa-dp-0.75,4,76,0.4644,1.8863
dpa-dp-0.75,4,77,0.4697,1.8591
dpa-dp-0.75,4,78,0.4599,1.8855
dpa-dp-0.75,4,79,0.4617,1.8782
dpa-dp-0.75,4,80,0.4662,1.8632
dpa-dp-0.75,4,81,0.4681,1.8361
dpa-dp-0.75,4,82,0.4749,1.8144
dpa-dp-0.75,4,83,0.4644,1.9156
dpa-dp-0.75,4,84,0.4656,1.8769
dpa-dp-0.75,4,85,0.4668,1.8465
dpa-dp-0.75,4,86,0.4793,1.7815
dpa-dp-0.75,4,87,0.4751,1.8183
dpa-dp-0.75,4,88,0.4882,1.7402
dpa-dp-0.75,4,89,0.4721,1.8601
dpa-dp-0.75,4,90,0.4699,1.8459
dpa-dp-0.75,4,91,0.4669,1.8787
dpa-dp-0.75,4,92,0.4759,1.824
dpa-dp-0.75,4,93,0.4752,1.8584
dpa-dp-0.75,4,94,0.4684,1.8745
dpa-dp-0.75,4,95,0.4869,1.7928
dpa-dp-0.75,4,96,0.4705,1.907
dpa-dp-0.75,4,97,0.4797,1.8494
dpa-dp-0.75,4,98,0.4792,1.8467
dpa-dp-0.75,4,99,0.4777,1.8809
dpa-dp-0.75,4,100,0.4864,1.7975
dpa-dp-0.75,4,101,0.4815,1.878
dpa-dp-0.75,4,102,0.4887,1.8289
dpa-dp-0.75,4,103,0.485,1.8722
dpa-dp-0.75,4,104,0.4837,1.8091
dpa-dp-0.75,4,105,0.4848,1.8616
dpa-dp-0.75,4,106,0.4794,1.9718
dpa-dp-0.75,4,107,0.4778,1.9187
dpa-dp-0.75,4,108,0.4719,1.9646
dpa-dp-0.75,4,109,0.4799,1.8968
dpa-dp-0.75,4,110,0.4774,1.9385
dpa-dp-0.75,4,111,0.4843,1.9251
dpa-dp-0.75,4,112,0.4845,1.9091
dpa-dp-0.75,4,113,0.4864,1.9036
dpa-dp-0.75,4,114,0.4814,1.9272
dpa-dp-0.75,4,115,0.4827,1.9144
dpa-dp-0.75,4,116,0.4794,1.939
dpa-dp-0.75,4,117,0.4729,2.0009
dpa-dp-0.75,4,118,0.4828,1.9174
dpa-dp-0.75,4,119,0.491,1.8862
dpa-dp-0.75,4,120,0.4792,1.9975
dpa-dp-0.75,4,121,0.4905,1.9197
dpa-dp-0.75,4,122,0.4842,1.93
dpa-dp-0.75,4,123,0.4784,1.9755
dpa-dp-0.75,4,124,0.488,1.9498
dpa-dp-0.75,4,125,0.4877,1.9661
dpa-dp-0.75,4,126,0.4838,1.9581
dpa-dp-0.75,4,127,0.4924,1.9332
dpa-dp-0.75,4,128,0.4864,1.9974
dpa-dp-0.75,4,129,0.4847,2.042
dpa-dp-0.75,4,130,0.4786,2.0223
dpa-dp-0.75,4,131,0.4871,1.9772
dpa-dp-0.75,4,132,0.4916,1.959
dpa-dp-0.75,4,133,0.4913,1.9384
dpa-dp-0.75,4,134,0.4952,1.8861
dpa-dp-0.75,4,135,0.4836,1.9558
dpa-dp-0.75,4,136,0.4946,1.9287
dpa-dp-0.75,4,137,0.4923,1.9432
dpa-dp-0.75,4,138,0.4923,1.9395
dpa-dp-0.75,4,139,0.4932,1.9162
dpa-dp-0.75,4,140,0.4926,1.8737
dpa-dp-0.75,4,141,0.4937,1.8765
dpa-dp-0.75,4,142,0.4927,1.8792
dpa-dp-0.75,4,143,0.4841,1.9502
dpa-dp-0.75,4,144,0.4865,1.9059
dpa-dp-0.75,4,145,0.4905,1.9058
dpa-dp-0.75,4,146,0.4944,1.8729
dpa-dp-0.75,4,147,0.4913,1.9217
dpa-dp-0.75,4,148,0.498,1.9
dpa-dp-0.75,4,149,0.4949,1.9146
dpa-dp-0.75,4,150,0.488,1.9368
dpa-dp-0.75,4,151,0.4886,1.9423
dpa-dp-0.75,4,152,0.4857,1.941
dpa-dp-0.75,4,153,0.491,1.9593
dpa-dp-0.75,4,154,0.4966,1.9171
dpa-dp-0.75,4,155,0.4969,1.8921
dpa-dp-0.75,4,156,0.5049,1.892
dpa-dp-0.75,4,157,0.4954,1.9682
dpa-dp-0.75,4,158,0.5,1.9328
dpa-dp-0.75,4,159,0.506,1.8846
dpa-dp-0.75,4,160,0.5069,1.8994
dpa-dp-0.75,4,161,0.5075,1.878
dpa-dp-0.75,4,162,0.4976,1.9484
dpa-dp-0.75,4,163,0.5095,1.8661
dpa-dp-0.75,4,164,0.5045,1.9183
dpa-dp-0.75,4,165,0.5101,1.8636
dpa-dp-0.75,4,166,0.5153,1.8149
dpa-dp-0.75,4,167,0.5088,1.8405
dpa-dp-0.75,4,168,0.5083,1.862
dpa-dp-0.75,4,169,0.5147,1.8898
dpa-dp-0.75,4,170,0.5209,1.8169
dpa-dp-0.75,4,171,0.5071,1.9337
dpa-dp-0.75,4,172,0.5142,1.8353
dpa-dp-0.75,4,173,0.5162,1.9032
dpa-dp-0.75,4,174,0.5112,1.9024
dpa-dp-0.75,4,175,0.5204,1.7859
dpa-dp-0.75,4,176,0.5173,1.8373
dpa-dp-0.75,4,177,0.5204,1.8215
dpa-dp-0.75,4,178,0.5175,1.9082
dpa-dp-0.75,4,179,0.5261,1.8188
dpa-dp-0.75,4,180,0.5324,1.8295
dpa-dp-0.75,4,181,0.5337,1.8037
dpa-dp-0.75,4,182,0.5379,1.7535
dpa-dp-0.75,4,183,0.5368,1.78
dpa-dp-0.75,4,184,0.5391,1.7749
dpa-dp-0.75,4,185,0.5379,1.7685
dpa-dp-0.75,4,186,0.5359,1.7713
dpa-dp-0.75,4,187,0.537,1.7894
dpa-dp-0.75,4,188,0.5348,1.7614
dpa-dp-0.75,4,189,0.5419,1.7398
dpa-dp-0.75,4,190,0.5381,1.7485
dpa-dp-0.75,4,191,0.5433,1.7218
dpa-dp-0.75,4,192,0.5445,1.7096
dpa-dp-0.75,4,193,0.5473,1.6819
dpa-dp-0.75,4,194,0.5453,1.7066
dpa-dp-0.75,4,195,0.5418,1.751
dpa-dp-0.75,4,196,0.5468,1.7117
dpa-dp-0.75,4,197,0.5433,1.7249
dpa-dp-0.75,4,198,0.5417,1.743
dpa-dp-0.75,4,199,0.542,1.7618
dpa-dp-0.75,4,200,0.5454,1.7334
dpa-dp-0.75,5,0,0.103,2.3073
dpa-dp-0.75,5,1,0.1841,2.255
dpa-dp-0.75,5,2,0.2231,2.1749
dpa-dp-0.75,5,3,0.2431,2.1045
dpa-dp-0.75,5,4,0.2443,2.0384
dpa-dp-0.75,5,5,0.2756,1.997
dpa-dp-0.75,5,6,0.2893,1.9567
dpa-dp-0.75,5,7,0.2991,1.9257
dpa-dp-0.75,5,8,0.305,1.9042
dpa-dp-0.75,5,9,0.2956,1.9132
dpa-dp-0.75,5,10,0.3343,1.8497
dpa-dp-0.75,5,11,0.3262,1.8498
dpa-dp-0.75,5,12,0.3295,1.8465
dpa-dp-0.75,5,13,0.3392,1.8239
dpa-dp-0.75,5,14,0.3342,1.8435
dpa-dp-0.75,5,15,0.3482,1.813
dpa-dp-0.75,5,16,0.3497,1.7983
dpa-dp-0.75,5,17,0.3627,1.7694
dpa-dp-0.75,5,18,0.3508,1.813
dpa-dp-0.75,5,19,0.371,1.7754
dpa-dp-0.75,5,20,0.3654,1.7852
dpa-dp-0.75,5,21,0.3718,1.7982
dpa-dp-0.75,5,22,0.3745,1.7747
dpa-dp-0.75,5,23,0.3814,1.779
dpa-dp-0.75,5,24,0.3857,1.7794
dpa-dp-0.75,5,25,0.3781,1.8293
dpa-dp-0.75,5,26,0.3913,1.7901
dpa-dp-0.75,5,27,0.3984,1.7772
dpa-dp-0.75,5,28,0.3854,1.8278
dpa-dp-0.75,5,29,0.3999,1.7767
dpa-dp-0.75,5,30,0.4019,1.7813
dpa-dp-0.75,5,31,0.3995,1.7931
dpa-dp-0.75,5,32,0.4119,1.7649
dpa-dp-0.75,5,33,0.4049,1.7834
dpa-dp-0.75,5,34,0.4063,1.8009
dpa-dp-0.75,5,35,0.4154,1.762
dpa-dp-0.75,5,36,0.4047,1.8175
dpa-dp-0.75,5,37,0.4244,1.7702
dpa-dp-0.75,5,38,0.4295,1.7679
dpa-dp-0.75,5,39,0.4234,1.7748
dpa-dp-0.75,5,40,0.4292,1.7425
dpa-dp-0.75,5,41,0.4269,1.7786
dpa-dp-0.75,5,42,0.4162,1.81
dpa-dp-0.75,5,43,0.4364,1.7682
dpa-dp-0.75,5,44,0.4314,1.7803
dpa-dp-0.75,5,45,0.4409,1.7519
dpa-dp-0.75,5,46,0.4438,1.7333
dpa-dp-0.75,5,47,0.4415,1.784
dpa-dp-0.75,5,48,0.4381,1.7731
dpa-dp-0.75,5,49,0.4302,1.8023
dpa-dp-0.75,5,50,0.4395,1.8109
dpa-dp-0.75,5,51,0.4407,1.7886
dpa-dp-0.75,5,52,0.4431,1.8061
dpa-dp-0.75,5,53,0.4402,1.811
dpa-dp-0.75,5,54,0.4485,1.7843
dpa-dp-0.75,5,55,0.4499,1.7605
dpa-dp-0.75,5,56,0.4551,1.7682
dpa-dp-0.75,5,57,0.4421,1.827
dpa-dp-0.75,5,58,0.4559,1.7807
dpa-dp-0.75,5,59,0.4558,1.7655
dpa-dp-0.75,5,60,0.4518,1.7946
dpa-dp-0.75,5,61,0.461,1.7605
dpa-dp-0.75,5,62,0.4524,1.8324
dpa-dp-0.75,5,63,0.4564,1.801
dpa-dp-0.75,5,64,0.4576,1.8045
dpa-dp-0.75,5,65,0.4621,1.8168
dpa-dp-0.75,5,66,0.4582,1.8188
dpa-dp-0.75,5,67,0.4647,1.7655
dpa-dp-0.75,5,68,0.4682,1.7566
dpa-dp-0.75,5,69,0.462,1.789
dpa-dp-0.75,5,70,0.46,1.7885
dpa-dp-0.75,5,71,0.4698,1.7803
dpa-dp-0.75,5,72,0.4709,1.8432
dpa-dp-0.75,5,73,0.4646,1.8231
dpa-dp-0.75,5,74,0.4671,1.8254
dpa-dp-0.75,5,75,0.4622,1.8326
dpa-dp-0.75,5,76,0.471,1.7881
dpa-dp-0.75,5,77,0.4624,1.8416
dpa-dp-0.75,5,78,0.4646,1.868
dpa-dp-0.75,5,79,0.4682,1.8201
dpa-dp-0.75,5,80,0.4701,1.8169
dpa-dp-0.75,5,81,0.4604,1.8791
dpa-dp-0.75,5,82,0.4643,1.8292
dpa-dp-0.75,5,83,0.4645,1.851
dpa-dp-0.75,5,84,0.4682,1.8227
dpa-dp-0.75,5,85,0.463,1.8289
dpa-dp-0.75,5,86,0.4657,1.8009
dpa-dp-0.75,5,87,0.4638,1.8376
dpa-dp-0.75,5,88,0.475,1.7792
dpa-dp-0.75,5,89,0.4599,1.8919
dpa-dp-0.75,5,90,0.469,1.8387
dpa-dp-0.75,5,91,0.4757,1.7968
dpa-dp-0.75,5,92,0.4716,1.8253
dpa-dp-0.75,5,93,0.4663,1.8589
dpa-dp-0.75,5,94,0.4811,1.781
dpa-dp-0.75,5,95,0.4821,1.8535
dpa-dp-0.75,5,96,0.4738,1.8468
dpa-dp-0.75,5,97,0.4717,1.8602
dpa-dp-0.75,5,98,0.4809,1.8174
dpa-dp-0.75,5,99,0.4793,1.8129
dpa-dp-0.75,5,100,0.4791,1.8498
dpa-dp-0.75,5,101,0.4827,1.8185
dpa-dp-0.75,5,102,0.4802,1.8336
dpa-dp-0.75,5,103,0.4871,1.7866
dpa-dp-0.75,5,104,0.477,1.8606
dpa-dp-0.75,5,105,0.4873,1.8317
dpa-dp-0.75,5,106,0.4731,1.8869
dpa-dp-0.75,5,107,0.4777,1.8879
dpa-dp-0.75,5,108,0.4733,1.8868
dpa-dp-0.75,5,109,0.485,1.8368
dpa-dp-0.75,5,110,0.4879,1.8288
dpa-dp-0.75,5,111,0.4833,1.8697
dpa-dp-0.75,5,112,0.4939,1.8553
dpa-dp-0.75,5,113,0.4889,1.8719
dpa-dp-0.75,5,114,0.4837,1.9217
dpa-dp-0.75,5,115,0.4816,1.9129
dpa-dp-0.75,5,116,0.4928,1.8623
dpa-dp-0.75,5,117,0.4894,1.8893
dpa-dp-0.75,5,118,0.4913,1.8592
dpa-dp-0.75,5,119,0.4887,1.8562
dpa-dp-0.75,5,120,0.4833,1.8982
dpa-dp-0.75,5,121,0.492,1.8746
dpa-dp-0.75,5,122,0.4808,1.9281
dpa-dp-0.75,5,123,0.4844,1.8933
dpa-dp-0.75,5,124,0.4854,1.9046
dpa-dp-0.75,5,125,0.4862,1.8812
dpa-dp-0.75,5,126,0.489,1.8459
dpa-dp-0.75,5,127,0.4844,1.8946
dpa-dp-0.75,5,128,0.4831,1.9439
dpa-dp-0.75,5,129,0.4896,1.9018
dpa-dp-0.75,5,130,0.4884,1.9355
dpa-dp-0.75,5,131,0.4854,1.9645
dpa-dp-0.75,5,132,0.4846,1.9529
dpa-dp-0.75,5,133,0.4888,1.9056
dpa-dp-0.75,5,134,0.4897,1.9591
dpa-dp-0.75,5,135,0.4978,1.8969
dpa-dp-0.75,5,136,0.4955,1.892
dpa-dp-0.75,5,137,0.4993,1.8861
dpa-dp-0.75,5,138,0.4993,1.8516
dpa-dp-0.75,5,139,0.5004,1.8658
dpa-dp-0.75,5,140,0.503,1.8815
dpa-dp-0.75,5,141,0.502,1.891
dpa-dp-0.75,5,142,0.5032,1.8629
dpa-dp-0.75,5,143,0.5119,1.8544
dpa-dp-0.75,5,144,0.5065,1.9133
dpa-dp-0.75,5,145,0.502,1.8921
dpa-dp-0.75,5,146,0.5136,1.848
dpa-dp-0.75,5,147,0.5093,1.8591
dpa-dp-0.75,5,148,0.5115,1.8767
dpa-dp-0.75,5,149,0.5065,1.8905
dpa-dp-0.75,5,150,0.5085,1.8856
dpa-dp-0.75,5,151,0.5152,1.8389
dpa-dp-0.75,5,152,0.5086,1.8829
dpa-dp-0.75,5,153,0.5126,1.8388
dpa-dp-0.75,5,154,0.5059,1.8838
dpa-dp-0.75,5,155,0.5019,1.8869
dpa-dp-0.75,5,156,0.5071,1.8846
dpa-dp-0.75,5,157,0.515,1.854
dpa-dp-0.75,5,158,0.5113,1.9306
dpa-dp-0.75,5,159,0.511,1.9013
dpa-dp-0.75,5,160,0.5135,1.8666
dpa-dp-0.75,5,161,0.5056,1.909
dpa-dp-0.75,5,162,0.51,1.9106
dpa-dp-0.75,5,163,0.5117,1.8925
dpa-dp-0.75,5,164,0.5047,1.906
dpa-dp-0.75,5,165,0.5165,1.8826
dpa-dp-0.75,5,166,0.5076,1.9203
dpa-dp-0.75,5,167,0.5118,1.8632
dpa-dp-0.75,5,168,0.5118,1.8834
dpa-dp-0.75,5,169,0.5113,1.8588
dpa-dp-0.75,5,170,0.512,1.8808
dpa-dp-0.75,5,171,0.5055,1.8803
dpa-dp-0.75,5,172,0.5102,1.8424
dpa-dp-0.75,5,173,0.5136,1.8712
dpa-dp-0.75,5,174,0.5078,1.9136
dpa-dp-0.75,5,175,0.5125,1.9303
dpa-dp-0.75,5,176,0.5145,1.8856
dpa-dp-0.75,5,177,0.5208,1.853
dpa-dp-0.75,5,178,0.5165,1.9076
dpa-dp-0.75,5,179,0.5102,1.9412
dpa-dp-0.75,5,180,0.5132,1.9154
dpa-dp-0.75,5,181,0.5241,1.8334
dpa-dp-0.75,5,182,0.5278,1.825
dpa-dp-0.75,5,183,0.529,1.8125
dpa-dp-0.75,5,184,0.5308,1.8192
dpa-dp-0.75,5,185,0.5317,1.8081
dpa-dp-0.75,5,186,0.5311,1.8067
dpa-dp-0.75,5,187,0.5383,1.797
dpa-dp-0.75,5,188,0.5401,1.8045
dpa-dp-0.75,5,189,0.5369,1.8091
dpa-dp-0.75,5,190,0.5408,1.796
dpa-dp-0.75,5,191,0.5435,1.7906
dpa-dp-0.75,5,192,0.5409,1.8212
dpa-dp-0.75,5,193,0.5425,1.806
dpa-dp-0.75,5,194,0.5401,1.8022
dpa-dp-0.75,5,195,0.5426,1.7983
dpa-dp-0.75,5,196,0.5479,1.7552
dpa-dp-0.75,5,197,0.5459,1.7909
dpa-dp-0.75,5,198,0.545,1.8283
dpa-dp-0.75,5,199,0.5498,1.7784
dpa-dp-0.75,5,200,0.5457,1.8217
dpa-dp-0.65,0,0,0.103,2.3073
dpa-dp-0.65,0,1,0.1446,2.2673
dpa-dp-0.65,0,2,0.1871,2.2213
dpa-dp-0.65,0,3,0.1938,2.1649
dpa-dp-0.65,0,4,0.2114,2.1403
dpa-dp-0.65,0,5,0.2291,2.0816
dpa-dp-0.65,0,6,0.2362,2.0948
dpa-dp-0.65,0,7,0.2469,2.0421
dpa-dp-0.65,0,8,0.282,1.9971
dpa-dp-0.65,0,9,0.2524,2.035
dpa-dp-0.65,0,10,0.2704,1.9957
dpa-dp-0.65,0,11,0.2484,2.0767
dpa-dp-0.65,0,12,0.2762,1.9987
dpa-dp-0.65,0,13,0.2719,1.9828
dpa-dp-0.65,0,14,0.2702,1.9981
dpa-dp-0.65,0,15,0.297,1.97
dpa-dp-0.65,0,16,0.2536,2.1952
dpa-dp-0.65,0,17,0.3038,2.013
dpa-dp-0.65,0,18,0.2856,2.0473
dpa-dp-0.65,0,19,0.303,2.0282
dpa-dp-0.65,0,20,0.3199,1.9208
dpa-dp-0.65,0,21,0.3133,2.0576
dpa-dp-0.65,0,22,0.3317,1.9298
dpa-dp-0.65,0,23,0.3279,1.9033
dpa-dp-0.65,0,24,0.3147,2.0144
dpa-dp-0.65,0,25,0.3075,2.0268
dpa-dp-0.65,0,26,0.3043,2.0437
dpa-dp-0.65,0,27,0.326,2.024
dpa-dp-0.65,0,28,0.3191,2.0168
dpa-dp-0.65,0,29,0.326,2.0114
dpa-dp-0.65,0,30,0.3184,2.0648
dpa-dp-0.65,0,31,0.3307,2.0287
dpa-dp-0.65,0,32,0.3299,2.034
dpa-dp-0.65,0,33,0.3406,2.0081
dpa-dp-0.65,0,34,0.3434,1.9639
dpa-dp-0.65,0,35,0.3451,1.983
dpa-dp-0.65,0,36,0.3353,2.0153
dpa-dp-0.65,0,37,0.3123,2.098
dpa-dp-0.65,0,38,0.3324,2.0264
dpa-dp-0.65,0,39,0.3381,2.0408
dpa-dp-0.65,0,40,0.312,2.1977
dpa-dp-0.65,0,41,0.3359,2.1043
dpa-dp-0.65,0,42,0.3206,2.2167
dpa-dp-0.65,0,43,0.3403,2.1155
dpa-dp-0.65,0,44,0.3278,2.2011
dpa-dp-0.65,0,45,0.3415,2.0422
dpa-dp-0.65,0,46,0.3302,2.1251
dpa-dp-0.65,0,47,0.3229,2.2354
dpa-dp-0.65,0,48,0.3466,2.0603
dpa-dp-0.65,0,49,0.3149,2.2848
dpa-dp-0.65,0,50,0.3249,2.2556
dpa-dp-0.65,0,51,0.3366,2.1737
dpa-dp-0.65,0,52,0.3455,2.1339
dpa-dp-0.65,0,53,0.3484,2.0611
dpa-dp-0.65,0,54,0.3192,2.3512
dpa-dp-0.65,0,55,0.337,2.187
dpa-dp-0.65,0,56,0.3532,2.1189
dpa-dp-0.65,0,57,0.3216,2.298
dpa-dp-0.65,0,58,0.3368,2.1103
dpa-dp-0.65,0,59,0.3257,2.207
dpa-dp-0.65,0,60,0.3415,2.1807
dpa-dp-0.65,0,61,0.3482,2.1242
dpa-dp-0.65,0,62,0.3346,2.2429
dpa-dp-0.65,0,63,0.3575,2.0472
dpa-dp-0.65,0,64,0.3414,2.1951
dpa-dp-0.65,0,65,0.3555,2.1216
dpa-dp-0.65,0,66,0.3388,2.2314
dpa-dp-0.65,0,67,0.3659,2.1453
dpa-dp-0.65,0,68,0.3613,2.1809
dpa-dp-0.65,0,69,0.3671,2.0384
dpa-dp-0.65,0,70,0.3329,2.4158
dpa-dp-0.65,0,71,0.3683,2.1538
dpa-dp-0.65,0,72,0.3317,2.3987
dpa-dp-0.65,0,73,0.3365,2.3235
dpa-dp-0.65,0,74,0.3495,2.1197
dpa-dp-0.65,0,75,0.3145,2.4055
dpa-dp-0.65,0,76,0.3583,2.133
dpa-dp-0.65,0,77,0.348,2.2378
dpa-dp-0.65,0,78,0.3461,2.1887
dpa-dp-0.65,0,79,0.3356,2.3011
dpa-dp-0.65,0,80,0.3574,2.2348
dpa-dp-0.65,0,81,0.3372,2.3479
dpa-dp-0.65,0,82,0.366,2.0259
dpa-dp-0.65,0,83,0.3641,2.1094
dpa-dp-0.65,0,84,0.3534,2.1826
dpa-dp-0.65,0,85,0.3385,2.3558
dpa-dp-0.65,0,86,0.3537,2.1603
dpa-dp-0.65,0,87,0.3694,2.1283
dpa-dp-0.65,0,88,0.362,2.1503
dpa-dp-0.65,0,89,0.3591,2.1666
dpa-dp-0.65,0,90,0.3615,2.1031
dpa-dp-0.65,0,91,0.3624,2.1457
dpa-dp-0.65,0,92,0.3513,2.3136
dpa-dp-0.65,0,93,0.3532,2.2649
dpa-dp-0.65,0,94,0.3508,2.263
dpa-dp-0.65,0,95,0.3715,2.1033
dpa-dp-0.65,0,96,0.3615,2.2066
dpa-dp-0.65,0,97,0.3562,2.3244
dpa-dp-0.65,0,98,0.3642,2.1499
dpa-dp-0.65,0,99,0.3603,2.2346
dpa-dp-0.65,0,100,0.3536,2.2511
dpa-dp-0.65,0,101,0.3487,2.28
dpa-dp-0.65,0,102,0.3606,2.2351
dpa-dp-0.65,0,103,0.3737,2.1265
dpa-dp-0.65,0,104,0.3632,2.235
dpa-dp-0.65,0,105,0.3685,2.3002
dpa-dp-0.65,0,106,0.3658,2.2331
dpa-dp-0.65,0,107,0.3692,2.2147
dpa-dp-0.65,0,108,0.3738,2.2704
dpa-dp-0.65,0,109,0.381,2.1995
dpa-dp-0.65,0,110,0.3783,2.1776
dpa-dp-0.65,0,111,0.3769,2.2258
dpa-dp-0.65,0,112,0.3534,2.3841
dpa-dp-0.65,0,113,0.3773,2.2262
dpa-dp-0.65,0,114,0.3548,2.4203
dpa-dp-0.65,0,115,0.3818,2.2542
dpa-dp-0.65,0,116,0.3809,2.223
dpa-dp-0.65,0,117,0.3818,2.2337
dpa-dp-0.65,0,118,0.3767,2.2976
dpa-dp-0.65,0,119,0.3837,2.2245
dpa-dp-0.65,0,120,0.3815,2.1578
dpa-dp-0.65,0,121,0.3666,2.2707
dpa-dp-0.65,0,122,0.372,2.2047
dpa-dp-0.65,0,123,0.3547,2.4408
dpa-dp-0.65,0,124,0.3887,2.1695
dpa-dp-0.65,0,125,0.3758,2.2911
dpa-dp-0.65,0,126,0.3756,2.2244
dpa-dp-0.65,0,127,0.3941,2.0615
dpa-dp-0.65,0,128,0.3923,2.16
dpa-dp-0.65,0,129,0.3839,2.1201
dpa-dp-0.65,0,130,0.3889,2.0599
dpa-dp-0.65,0,131,0.3846,2.1555
dpa-dp-0.65,0,132,0.3616,2.3095
dpa-dp-0.65,0,133,0.3551,2.3203
dpa-dp-0.65,0,134,0.3702,2.2331
dpa-dp-0.65,0,135,0.3653,2.2417
dpa-dp-0.65,0,136,0.3689,2.2262
dpa-dp-0.65,0,137,0.3787,2.2936
dpa-dp-0.65,0,138,0.3743,2.2193
dpa-dp-0.65,0,139,0.3835,2.2116
dpa-dp-0.65,0,140,0.3864,2.1933
dpa-dp-0.65,0,141,0.3758,2.2082
dpa-dp-0.65,0,142,0.3685,2.2892
dpa-dp-0.65,0,143,0.3815,2.1465
dpa-dp-0.65,0,144,0.3552,2.4257
dpa-dp-0.65,0,145,0.3638,2.3285
dpa-dp-0.65,0,146,0.3642,2.2937
dpa-dp-0.65,0,147,0.3417,2.4613
dpa-dp-0.65,0,148,0.3617,2.3347
dpa-dp-0.65,0,149,0.3627,2.3463
dpa-dp-0.65,0,150,0.3644,2.333
dpa-dp-0.65,0,151,0.3861,2.12
dpa-dp-0.65,0,152,0.377,2.2123
dpa-dp-0.65,0,153,0.3691,2.3429
dpa-dp-0.65,0,154,0.3867,2.122
dpa-dp-0.65,0,155,0.3615,2.2726
dpa-dp-0.65,0,156,0.3486,2.3625
dpa-dp-0.65,0,157,0.3443,2.4608
dpa-dp-0.65,0,158,0.3627,2.2808
dpa-dp-0.65,0,159,0.3612,2.2172
dpa-dp-0.65,0,160,0.3758,2.1628
dpa-dp-0.65,0,161,0.3781,2.1547
dpa-dp-0.65,0,162,0.3733,2.1968
dpa-dp-0.65,0,163,0.3677,2.2987
dpa-dp-0.65,0,164,0.346,2.4199
dpa-dp-0.65,0,165,0.3492,2.3416
dpa-dp-0.65,0,166,0.3546,2.2359
dpa-dp-0.65,0,167,0.3576,2.2712
dpa-dp-0.65,0,168,0.3684,2.1899
dpa-dp-0.65,0,169,0.3536,2.3934
dpa-dp-0.65,0,170,0.3515,2.3286
dpa-dp-0.65,0,171,0.3463,2.4148
dpa-dp-0.65,0,172,0.3459,2.427
dpa-dp-0.65,0,173,0.3547,2.3193
dpa-dp-0.65,0,174,0.3526,2.2555
dpa-dp-0.65,0,175,0.3382,2.4866
dpa-dp-0.65,0,176,0.3424,2.4122
dpa-dp-0.65,0,177,0.3787,2.1139
dpa-dp-0.65,0,178,0.3374,2.5574
dpa-dp-0.65,0,179,0.336,2.445
dpa-dp-0.65,0,180,0.3352,2.55
dpa-dp-0.65,0,181,0.3979,2.0316
dpa-dp-0.65,0,182,0.4013,2.016
dpa-dp-0.65,0,183,0.403,2.0551
dpa-dp-0.65,0,184,0.4082,2.0492
dpa-dp-0.65,0,185,0.4069,2.0161
dpa-dp-0.65,0,186,0.41,2.0164
dpa-dp-0.65,0,187,0.4141,2.0022
dpa-dp-0.65,0,188,0.4146,2.0516
dpa-dp-0.65,0,189,0.4198,2.0619
dpa-dp-0.65,0,190,0.4227,2.0513
dpa-dp-0.65,0,191,0.4315,2.0226
dpa-dp-0.65,0,192,0.4285,2.0136
dpa-dp-0.65,0,193,0.4318,2.0124
dpa-dp-0.65,0,194,0.4295,2.0472
dpa-dp-0.65,0,195,0.4372,1.9806
dpa-dp-0.65,0,196,0.434,1.9754
dpa-dp-0.65,0,197,0.4435,1.9784
dpa-dp-0.65,0,198,0.4367,2.003
dpa-dp-0.65,0,199,0.4419,1.9906
dpa-dp-0.65,0,200,0.4452,1.9516
dpa-dp-0.65,1,0,0.103,2.3073
dpa-dp-0.65,1,1,0.1064,2.2944
dpa-dp-0.65,1,2,0.1264,2.281
dpa-dp-0.65,1,3,0.1458,2.2225
dpa-dp-0.65,1,4,0.1931,2.1567
dpa-dp-0.65,1,5,0.223,2.097
dpa-dp-0.65,1,6,0.2475,2.0542
dpa-dp-0.65,1,7,0.2547,2.0598
dpa-dp-0.65,1,8,0.2721,2.0014
dpa-dp-0.65,1,9,0.2478,2.0323
dpa-dp-0.65,1,10,0.2749,2.0017
dpa-dp-0.65,1,11,0.2904,1.9714
dpa-dp-0.65,1,12,0.2786,1.9975
dpa-dp-0.65,1,13,0.2932,1.9702
dpa-dp-0.65,1,14,0.2768,1.9994
dpa-dp-0.65,1,15,0.2978,1.9445
dpa-dp-0.65,1,16,0.2906,1.9726
dpa-dp-0.65,1,17,0.2974,1.9532
dpa-dp-0.65,1,18,0.2995,1.94
dpa-dp-0.65,1,19,0.2951,1.9867
dpa-dp-0.65,1,20,0.2904,1.9766
dpa-dp-0.65,1,21,0.3042,2.0103
dpa-dp-0.65,1,22,0.2886,2.1172
dpa-dp-0.65,1,23,0.3121,1.9659
dpa-dp-0.65,1,24,0.3051,2.0082
dpa-dp-0.65,1,25,0.3398,1.9039
dpa-dp-0.65,1,26,0.2952,2.1033
dpa-dp-0.65,1,27,0.33,1.9842
dpa-dp-0.65,1,28,0.3396,1.9688
dpa-dp-0.65,1,29,0.3331,2.0328
dpa-dp-0.65,1,30,0.3287,2.0018
dpa-dp-0.65,1,31,0.3127,2.1208
dpa-dp-0.65,1,32,0.3304,2.0148
dpa-dp-0.65,1,33,0.3265,2.0205
dpa-dp-0.65,1,34,0.3198,2.0405
dpa-dp-0.65,1,35,0.3241,2.0813
dpa-dp-0.65,1,36,0.3465,1.9842
dpa-dp-0.65,1,37,0.3549,1.9895
dpa-dp-0.65,1,38,0.3398,2.0219
dpa-dp-0.65,1,39,0.3367,2.039
dpa-dp-0.65,1,40,0.3464,1.9834
dpa-dp-0.65,1,41,0.3513,2.0669
dpa-dp-0.65,1,42,0.3568,1.9764
dpa-dp-0.65,1,43,0.3622,2.0048
dpa-dp-0.65,1,44,0.359,2.0749
dpa-dp-0.65,1,45,0.3757,1.9543
dpa-dp-0.65,1,46,0.3653,1.9917
dpa-dp-0.65,1,47,0.3678,1.9911
dpa-dp-0.65,1,48,0.3589,2.0269
dpa-dp-0.65,1,49,0.355,2.0399
dpa-dp-0.65,1,50,0.3781,1.9833
dpa-dp-0.65,1,51,0.3795,1.9729
dpa-dp-0.65,1,52,0.3681,2.0828
dpa-dp-0.65,1,53,0.3653,1.987
dpa-dp-0.65,1,54,0.3778,1.9739
dpa-dp-0.65,1,55,0.3622,1.9911
dpa-dp-0.65,1,56,0.3547,2.1125
dpa-dp-0.65,1,57,0.3454,2.2595
dpa-dp-0.65,1,58,0.3629,2.1438
dpa-dp-0.65,1,59,0.3513,2.1911
dpa-dp-0.65,1,60,0.3818,2.0437
dpa-dp-0.65,1,61,0.3676,2.1236
dpa-dp-0.65,1,62,0.3654,2.1236
dpa-dp-0.65,1,63,0.3764,2.0339
dpa-dp-0.65,1,64,0.381,2.0159
dpa-dp-0.65,1,65,0.3716,2.0497
dpa-dp-0.65,1,66,0.3845,2.0028
dpa-dp-0.65,1,67,0.3724,2.1396
dpa-dp-0.65,1,68,0.3806,2.0392
dpa-dp-0.65,1,69,0.3894,2.0573
dpa-dp-0.65,1,70,0.3703,2.1336
dpa-dp-0.65,1,71,0.3773,2.1094
dpa-dp-0.65,1,72,0.3748,2.1584
dpa-dp-0.65,1,73,0.3571,2.2661
dpa-dp-0.65,1,74,0.3622,2.3599
dpa-dp-0.65,1,75,0.3706,2.2136
dpa-dp-0.65,1,76,0.3612,2.1367
dpa-dp-0.65,1,77,0.375,2.2309
dpa-dp-0.65,1,78,0.3686,2.262
dpa-dp-0.65,1,79,0.3818,2.1135
dpa-dp-0.65,1,80,0.3938,2.0442
dpa-dp-0.65,1,81,0.3991,2.0346
dpa-dp-0.65,1,82,0.3882,2.1116
dpa-dp-0.65,1,83,0.3889,2.1328
dpa-dp-0.65,1,84,0.4063,2.0291
dpa-dp-0.65,1,85,0.3958,2.0553
dpa-dp-0.65,1,86,0.3938,2.0206
dpa-dp-0.65,1,87,0.3904,2.1109
dpa-dp-0.65,1,88,0.3872,2.17
dpa-dp-0.65,1,89,0.4046,2.0223
dpa-dp-0.65,1,90,0.3948,2.106
dpa-dp-0.65,1,91,0.3875,2.1551
dpa-dp-0.65,1,92,0.392,2.1588
dpa-dp-0.65,1,93,0.3905,2.2963
dpa-dp-0.65,1,94,0.3957,2.1002
dpa-dp-0.65,1,95,0.4035,2.0652
dpa-dp-0.65,1,96,0.3857,2.2597
dpa-dp-0.65,1,97,0.3966,2.1547
dpa-dp-0.65,1,98,0.3815,2.2153
dpa-dp-0.65,1,99,0.3856,2.1566
dpa-dp-0.65,1,100,0.3813,2.2148
dpa-dp-0.65,1,101,0.3952,2.1733
dpa-dp-0.65,1,102,0.3988,2.2087
dpa-dp-0.65,1,103,0.4087,2.1095
dpa-dp-0.65,1,104,0.3905,2.2167
dpa-dp-0.65,1,105,0.3927,2.1652
dpa-dp-0.65,1,106,0.3977,2.0859
dpa-dp-0.65,1,107,0.3936,2.2032
dpa-dp-0.65,1,108,0.4049,2.1218
dpa-dp-0.65,1,109,0.4006,2.2148
dpa-dp-0.65,1,110,0.3902,2.2826
dpa-dp-0.65,1,111,0.3941,2.1859
dpa-dp-0.65,1,112,0.3946,2.2546
dpa-dp-0.65,1,113,0.3813,2.4014
dpa-dp-0.65,1,114,0.3796,2.3223
dpa-dp-0.65,1,115,0.4004,2.1889
dpa-dp-0.65,1,116,0.3888,2.3454
dpa-dp-0.65,1,117,0.4095,2.1526
dpa-dp-0.65,1,118,0.3991,2.2514
dpa-dp-0.65,1,119,0.3893,2.2716
dpa-dp-0.65,1,120,0.4068,2.2101
dpa-dp-0.65,1,121,0.3742,2.373
dpa-dp-0.65,1,122,0.3947,2.2015
dpa-dp-0.65,1,123,0.4001,2.2936
dpa-dp-0.65,1,124,0.4089,2.1795
dpa-dp-0.65,1,125,0.3986,2.2497
dpa-dp-0.65,1,126,0.4146,2.2164
dpa-dp-0.65,1,127,0.4092,2.1586
dpa-dp-0.65,1,128,0.4122,2.1678
dpa-dp-0.65,1,129,0.4141,2.2097
dpa-dp-0.65,1,130,0.4078,2.2291
dpa-dp-0.65,1,131,0.4126,2.1579
dpa-dp-0.65,1,132,0.4194,2.1244
dpa-dp-0.65,1,133,0.424,2.1399
dpa-dp-0.65,1,134,0.4085,2.2572
dpa-dp-0.65,1,135,0.4092,2.2157
dpa-dp-0.65,1,136,0.4077,2.1389
dpa-dp-0.65,1,137,0.4201,2.0965
dpa-dp-0.65,1,138,0.4123,2.3289
dpa-dp-0.65,1,139,0.4135,2.2464
dpa-dp-0.65,1,140,0.4184,2.2695
dpa-dp-0.65,1,141,0.414,2.2489
dpa-dp-0.65,1,142,0.4088,2.2236
dpa-dp-0.65,1,143,0.4101,2.219
dpa-dp-0.65,1,144,0.4037,2.1765
dpa-dp-0.65,1,145,0.4132,2.2197
dpa-dp-0.65,1,146,0.4199,2.2534
dpa-dp-0.65,1,147,0.3831,2.4121
dpa-dp-0.65,1,148,0.4056,2.3178
dpa-dp-0.65,1,149,0.4149,2.2277
dpa-dp-0.65,1,150,0.4025,2.3914
dpa-dp-0.65,1,151,0.4075,2.2546
dpa-dp-0.65,1,152,0.3883,2.4516
dpa-dp-0.65,1,153,0.4151,2.2006
dpa-dp-0.65,1,154,0.4024,2.2478
dpa-dp-0.65,1,155,0.4082,2.3593
dpa-dp-0.65,1,156,0.3883,2.4417
dpa-dp-0.65,1,157,0.4152,2.3336
dpa-dp-0.65,1,158,0.4085,2.3829
dpa-dp-0.65,1,159,0.4192,2.3069
dpa-dp-0.65,1,160,0.4093,2.4333
dpa-dp-0.65,1,161,0.4184,2.2874
dpa-dp-0.65,1,162,0.3888,2.4703
dpa-dp-0.65,1,163,0.3966,2.3919
dpa-dp-0.65,1,164,0.4026,2.241
dpa-dp-0.65,1,165,0.4011,2.2955
dpa-dp-0.65,1,166,0.3939,2.5333
dpa-dp-0.65,1,167,0.3741,2.61
dpa-dp-0.65,1,168,0.4142,2.2272
dpa-dp-0.65,1,169,0.4032,2.3782
dpa-dp-0.65,1,170,0.4035,2.4157
dpa-dp-0.65,1,171,0.393,2.439
dpa-dp-0.65,1,172,0.4071,2.3321
dpa-dp-0.65,1,173,0.4118,2.2923
dpa-dp-0.65,1,174,0.4045,2.2434
dpa-dp-0.65,1,175,0.3853,2.5205
dpa-dp-0.65,1,176,0.374,2.6379
dpa-dp-0.65,1,177,0.405,2.3202
dpa-dp-0.65,1,178,0.397,2.4946
dpa-dp-0.65,1,179,0.4041,2.4083
dpa-dp-0.65,1,180,0.4047,2.3915
dpa-dp-0.65,1,181,0.4352,2.1253
dpa-dp-0.65,1,182,0.4432,2.0633
dpa-dp-0.65,1,183,0.4494,2.0698
dpa-dp-0.65,1,184,0.4547,2.0055
dpa-dp-0.65,1,185,0.4591,2.0036
dpa-dp-0.65,1,186,0.4615,1.9712
dpa-dp-0.65,1,187,0.4637,1.9591
dpa-dp-0.65,1,188,0.4707,1.9464
dpa-dp-0.65,1,189,0.4706,1.949
dpa-dp-0.65,1,190,0.4705,1.9546
dpa-dp-0.65,1,191,0.4696,1.9643
dpa-dp-0.65,1,192,0.4777,1.9236
dpa-dp-0.65,1,193,0.4766,1.949
dpa-dp-0.65,1,194,0.483,1.916
dpa-dp-0.65,1,195,0.4865,1.9186
dpa-dp-0.65,1,196,0.486,1.8736
dpa-dp-0.65,1,197,0.4846,1.9084
dpa-dp-0.65,1,198,0.489,1.8856
dpa-dp-0.65,1,199,0.49,1.9073
dpa-dp-0.65,1,200,0.485,1.9004
dpa-dp-0.65,2,0,0.103,2.3073
dpa-dp-0.65,2,1,0.1344,2.2789
dpa-dp-0.65,2,2,0.1576,2.2458
dpa-dp-0.65,2,3,0.174,2.216
dpa-dp-0.65,2,4,0.2349,2.1386
dpa-dp-0.65,2,5,0.2265,2.0849
dpa-dp-0.65,2,6,0.2195,2.0986
dpa-dp-0.65,2,7,0.2369,2.0515
dpa-dp-0.65,2,8,0.24,2.0086
dpa-dp-0.65,2,9,0.2657,1.9751
dpa-dp-0.65,2,10,0.2581,2.0704
dpa-dp-0.65,2,11,0.2853,1.9649
dpa-dp-0.65,2,12,0.2709,2.0219
dpa-dp-0.65,2,13,0.3004,1.9719
dpa-dp-0.65,2,14,0.2826,1.9672
dpa-dp-0.65,2,15,0.3032,1.9763
dpa-dp-0.65,2,16,0.3121,1.9328
dpa-dp-0.65,2,17,0.3117,1.9792
dpa-dp-0.65,2,18,0.3337,1.8848
dpa-dp-0.65,2,19,0.3203,2.0001
dpa-dp-0.65,2,20,0.3298,1.8925
dpa-dp-0.65,2,21,0.3161,2.0465
dpa-dp-0.65,2,22,0.3273,1.9504
dpa-dp-0.65,2,23,0.321,2.0272
dpa-dp-0.65,2,24,0.3243,1.9608
dpa-dp-0.65,2,25,0.3266,2.0323
dpa-dp-0.65,2,26,0.348,1.9314
dpa-dp-0.65,2,27,0.3313,1.9456
dpa-dp-0.65,2,28,0.3238,2.0418
dpa-dp-0.65,2,29,0.3189,2.079
dpa-dp-0.65,2,30,0.3306,1.9887
dpa-dp-0.65,2,31,0.3191,2.0806
dpa-dp-0.65,2,32,0.3183,2.1188
dpa-dp-0.65,2,33,0.346,1.9786
dpa-dp-0.65,2,34,0.3449,2.0085
dpa-dp-0.65,2,35,0.3215,2.1264
dpa-dp-0.65,2,36,0.32,2.1563
dpa-dp-0.65,2,37,0.2946,2.2752
dpa-dp-0.65,2,38,0.3606,1.8912
dpa-dp-0.65,2,39,0.373,1.917
dpa-dp-0.65,2,40,0.345,1.983
dpa-dp-0.65,2,41,0.3448,2.0372
dpa-dp-0.65,2,42,0.3601,1.9834
dpa-dp-0.65,2,43,0.333,2.1087
dpa-dp-0.65,2,44,0.3627,1.9922
dpa-dp-0.65,2,45,0.3651,1.9553
dpa-dp-0.65,2,46,0.3233,2.2467
dpa-dp-0.65,2,47,0.3581,1.9675
dpa-dp-0.65,2,48,0.3588,2.0298
dpa-dp-0.65,2,49,0.3651,1.9805
dpa-dp-0.65,2,50,0.3679,1.9974
dpa-dp-0.65,2,51,0.3478,2.1231
dpa-dp-0.65,2,52,0.3762,1.9714
dpa-dp-0.65,2,53,0.3633,2.0708
dpa-dp-0.65,2,54,0.3732,2.0097
dpa-dp-0.65,2,55,0.3529,2.1255
dpa-dp-0.65,2,56,0.3652,2.0884
dpa-dp-0.65,2,57,0.3496,2.269
dpa-dp-0.65,2,58,0.3618,2.1335
dpa-dp-0.65,2,59,0.3521,2.2192
dpa-dp-0.65,2,60,0.3579,2.2688
dpa-dp-0.65,2,61,0.3774,2.0606
dpa-dp-0.65,2,62,0.3769,2.091
dpa-dp-0.65,2,63,0.3816,2.1432
dpa-dp-0.65,2,64,0.3624,2.2444
dpa-dp-0.65,2,65,0.372,2.1097
dpa-dp-0.65,2,66,0.3453,2.2468
dpa-dp-0.65,2,67,0.3633,2.2943
dpa-dp-0.65,2,68,0.3551,2.3536
dpa-dp-0.65,2,69,0.3702,2.1737
dpa-dp-0.65,2,70,0.3573,2.3087
dpa-dp-0.65,2,71,0.3307,2.6049
dpa-dp-0.65,2,72,0.3704,2.3074
dpa-dp-0.65,2,73,0.3604,2.3465
dpa-dp-0.65,2,74,0.3588,2.3077
dpa-dp-0.65,2,75,0.38,2.1765
dpa-dp-0.65,2,76,0.3533,2.3576
dpa-dp-0.65,2,77,0.3767,2.1464
dpa-dp-0.65,2,78,0.3526,2.2883
dpa-dp-0.65,2,79,0.3725,2.183
dpa-dp-0.65,2,80,0.3631,2.2585
dpa-dp-0.65,2,81,0.3681,2.2242
dpa-dp-0.65,2,82,0.3808,2.2018
dpa-dp-0.65,2,83,0.358,2.4291
dpa-dp-0.65,2,84,0.3756,2.2461
dpa-dp-0.65,2,85,0.3733,2.2359
dpa-dp-0.65,2,86,0.3868,2.1516
dpa-dp-0.65,2,87,0.3732,2.2568
dpa-dp-0.65,2,88,0.387,2.1895
dpa-dp-0.65,2,89,0.3531,2.3363
dpa-dp-0.65,2,90,0.3844,2.1626
dpa-dp-0.65,2,91,0.3635,2.3006
dpa-dp-0.65,2,92,0.3683,2.2863
dpa-dp-0.65,2,93,0.3896,2.1497
dpa-dp-0.65,2,94,0.386,2.1992
dpa-dp-0.65,2,95,0.3874,2.1003
dpa-dp-0.65,2,96,0.3711,2.3079
dpa-dp-0.65,2,97,0.3797,2.2092
dpa-dp-0.65,2,98,0.354,2.5403
dpa-dp-0.65,2,99,0.3848,2.2308
dpa-dp-0.65,2,100,0.3812,2.2198
dpa-dp-0.65,2,101,0.3757,2.3178
dpa-dp-0.65,2,102,0.3733,2.3798
dpa-dp-0.65,2,103,0.3912,2.2652
dpa-dp-0.65,2,104,0.3664,2.3639
dpa-dp-0.65,2,105,0.3631,2.4005
dpa-dp-0.65,2,106,0.3388,2.5349
dpa-dp-0.65,2,107,0.3617,2.3751
dpa-dp-0.65,2,108,0.3766,2.3609
dpa-dp-0.65,2,109,0.3673,2.3945
dpa-dp-0.65,2,110,0.3753,2.3854
dpa-dp-0.65,2,111,0.3703,2.4028
dpa-dp-0.65,2,112,0.3809,2.2391
dpa-dp-0.65,2,113,0.3687,2.3299
dpa-dp-0.65,2,114,0.3823,2.2825
dpa-dp-0.65,2,115,0.3635,2.3667
dpa-dp-0.65,2,116,0.3698,2.3415
dpa-dp-0.65,2,117,0.3836,2.1563
dpa-dp-0.65,2,118,0.388,2.1853
dpa-dp-0.65,2,119,0.3944,2.173
dpa-dp-0.65,2,120,0.3619,2.5105
dpa-dp-0.65,2,121,0.349,2.7623
dpa-dp-0.65,2,122,0.3724,2.391
dpa-dp-0.65,2,123,0.3632,2.6225
dpa-dp-0.65,2,124,0.379,2.3414
dpa-dp-0.65,2,125,0.382,2.3608
dpa-dp-0.65,2,126,0.3691,2.501
dpa-dp-0.65,2,127,0.3767,2.3379
dpa-dp-0.65,2,128,0.3748,2.4048
dpa-dp-0.65,2,129,0.3832,2.407
dpa-dp-0.65,2,130,0.3768,2.5189
dpa-dp-0.65,2,131,0.382,2.3615
dpa-dp-0.65,2,132,0.3851,2.3919
dpa-dp-0.65,2,133,0.3868,2.4126
dpa-dp-0.65,2,134,0.3861,2.3562
dpa-dp-0.65,2,135,0.3753,2.3622
dpa-dp-0.65,2,136,0.3752,2.5812
dpa-dp-0.65,2,137,0.3744,2.5549
dpa-dp-0.65,2,138,0.3479,2.7694
dpa-dp-0.65,2,139,0.3493,2.6578
dpa-dp-0.65,2,140,0.3651,2.5828
dpa-dp-0.65,2,141,0.3271,3.0975
dpa-dp-0.65,2,142,0.3734,2.5824
dpa-dp-0.65,2,143,0.3426,2.7994
dpa-dp-0.65,2,144,0.3626,2.5364
dpa-dp-0.65,2,145,0.3235,3.1202
dpa-dp-0.65,2,146,0.3558,2.7771
dpa-dp-0.65,2,147,0.3442,2.8959
dpa-dp-0.65,2,148,0.3573,2.674
dpa-dp-0.65,2,149,0.3716,2.5295
dpa-dp-0.65,2,150,0.3769,2.4395
dpa-dp-0.65,2,151,0.3709,2.5427
dpa-dp-0.65,2,152,0.3386,2.971
dpa-dp-0.65,2,153,0.354,2.7758
dpa-dp-0.65,2,154,0.3117,3.4421
dpa-dp-0.65,2,155,0.3616,2.6214
dpa-dp-0.65,2,156,0.3714,2.6358
dpa-dp-0.65,2,157,0.3756,2.6121
dpa-dp-0.65,2,158,0.3603,2.6661
dpa-dp-0.65,2,159,0.3574,2.8207
dpa-dp-0.65,2,160,0.3586,2.709
dpa-dp-0.65,2,161,0.3468,2.8367
dpa-dp-0.65,2,162,0.3568,2.6281
dpa-dp-0.65,2,163,0.3639,2.6189
dpa-dp-0.65,2,164,0.3597,2.7875
dpa-dp-0.65,2,165,0.3789,2.5367
dpa-dp-0.65,2,166,0.3751,2.6217
dpa-dp-0.65,2,167,0.3729,2.5522
dpa-dp-0.65,2,168,0.3504,2.751
dpa-dp-0.65,2,169,0.3798,2.4979
dpa-dp-0.65,2,170,0.3665,2.5806
dpa-dp-0.65,2,171,0.3547,2.8715
dpa-dp-0.65,2,172,0.3705,2.6731
dpa-dp-0.65,2,173,0.3592,2.6861
dpa-dp-0.65,2,174,0.3618,2.681
dpa-dp-0.65,2,175,0.3817,2.4493
dpa-dp-0.65,2,176,0.3311,2.8417
dpa-dp-0.65,2,177,0.358,2.7357
dpa-dp-0.65,2,178,0.3614,2.7617
dpa-dp-0.65,2,179,0.3477,2.8619
dpa-dp-0.65,2,180,0.3656,2.7101
dpa-dp-0.65,2,181,0.4397,2.0793
dpa-dp-0.65,2,182,0.4477,2.018
dpa-dp-0.65,2,183,0.4524,1.9815
dpa-dp-0.65,2,184,0.4478,2.013
dpa-dp-0.65,2,185,0.4546,1.9682
dpa-dp-0.65,2,186,0.462,1.962
dpa-dp-0.65,2,187,0.4661,1.9425
dpa-dp-0.65,2,188,0.4693,1.9235
dpa-dp-0.65,2,189,0.4686,1.9746
dpa-dp-0.65,2,190,0.4767,1.8973
dpa-dp-0.65,2,191,0.4724,1.9108
dpa-dp-0.65,2,192,0.4755,1.9136
dpa-dp-0.65,2,193,0.4757,1.919
dpa-dp-0.65,2,194,0.4792,1.8778
dpa-dp-0.65,2,195,0.4766,1.9053
dpa-dp-0.65,2,196,0.4726,1.9555
dpa-dp-0.65,2,197,0.477,1.9494
dpa-dp-0.65,2,198,0.4813,1.908
dpa-dp-0.65,2,199,0.4741,1.9965
dpa-dp-0.65,2,200,0.4833,1.9026
dpa-dp-0.65,3,0,0.103,2.3073
dpa-dp-0.65,3,1,0.1496,2.2825
dpa-dp-0.65,3,2,0.1676,2.2466
dpa-dp-0.65,3,3,0.1717,2.2077
dpa-dp-0.65,3,4,0.2283,2.1526
dpa-dp-0.65,3,5,0.234,2.0824
dpa-dp-0.65,3,6,0.2487,2.0317
dpa-dp-0.65,3,7,0.2756,1.9912
dpa-dp-0.65,3,8,0.2893,1.9636
dpa-dp-0.65,3,9,0.2915,1.9331
dpa-dp-0.65,3,10,0.2668,1.9822
dpa-dp-0.65,3,11,0.2816,1.9777
dpa-dp-0.65,3,12,0.2905,1.9687
dpa-dp-0.65,3,13,0.3113,1.9112
dpa-dp-0.65,3,14,0.3116,1.919
dpa-dp-0.65,3,15,0.2914,1.9697
dpa-dp-0.65,3,16,0.2897,1.971
dpa-dp-0.65,3,17,0.2952,1.9681
dpa-dp-0.65,3,18,0.3026,1.9658
dpa-dp-0.65,3,19,0.3097,1.9771
dpa-dp-0.65,3,20,0.2982,2.0247
dpa-dp-0.65,3,21,0.3317,1.9041
dpa-dp-0.65,3,22,0.3322,1.9068
dpa-dp-0.65,3,23,0.3046,2.0394
dpa-dp-0.65,3,24,0.342,1.885
dpa-dp-0.65,3,25,0.3386,1.9351
dpa-dp-0.65,3,26,0.3283,1.9618
dpa-dp-0.65,3,27,0.3192,2.0138
dpa-dp-0.65,3,28,0.3189,2.0226
dpa-dp-0.65,3,29,0.3171,2.0693
dpa-dp-0.65,3,30,0.3385,1.9864
dpa-dp-0.65,3,31,0.3308,2.0679
dpa-dp-0.65,3,32,0.3448,1.9467
dpa-dp-0.65,3,33,0.3401,2.0038
dpa-dp-0.65,3,34,0.3466,2.0406
dpa-dp-0.65,3,35,0.3269,2.0796
dpa-dp-0.65,3,36,0.3449,2.0192
dpa-dp-0.65,3,37,0.3471,2.047
dpa-dp-0.65,3,38,0.3281,2.2229
dpa-dp-0.65,3,39,0.3288,2.1251
dpa-dp-0.65,3,40,0.3414,2.0958
dpa-dp-0.65,3,41,0.327,2.1689
dpa-dp-0.65,3,42,0.3377,2.0849
dpa-dp-0.65,3,43,0.3577,2.0552
dpa-dp-0.65,3,44,0.3588,2.1029
dpa-dp-0.65,3,45,0.3625,2.0032
dpa-dp-0.65,3,46,0.3555,2.0495
dpa-dp-0.65,3,47,0.3577,2.1154
dpa-dp-0.65,3,48,0.3552,2.0164
dpa-dp-0.65,3,49,0.3546,2.135
dpa-dp-0.65,3,50,0.3534,2.124
dpa-dp-0.65,3,51,0.3644,2.0307
dpa-dp-0.65,3,52,0.3444,2.2379
dpa-dp-0.65,3,53,0.3676,2.1368
dpa-dp-0.65,3,54,0.3739,2.0245
dpa-dp-0.65,3,55,0.3653,2.1248
dpa-dp-0.65,3,56,0.3629,2.1566
dpa-dp-0.65,3,57,0.3653,2.1595
dpa-dp-0.65,3,58,0.3582,2.2591
dpa-dp-0.65,3,59,0.3789,2.1588
dpa-dp-0.65,3,60,0.3816,2.1181
dpa-dp-0.65,3,61,0.3809,2.0658
dpa-dp-0.65,3,62,0.3893,1.997
dpa-dp-0.65,3,63,0.3747,2.1262
dpa-dp-0.65,3,64,0.3733,2.1423
dpa-dp-0.65,3,65,0.3832,2.1362
dpa-dp-0.65,3,66,0.3991,2.0606
dpa-dp-0.65,3,67,0.3903,2.179
dpa-dp-0.65,3,68,0.3876,2.1098
dpa-dp-0.65,3,69,0.3868,2.0948
dpa-dp-0.65,3,70,0.3862,2.1464
dpa-dp-0.65,3,71,0.3917,2.0744
dpa-dp-0.65,3,72,0.3865,2.1365
dpa-dp-0.65,3,73,0.393,2.1332
dpa-dp-0.65,3,74,0.3868,2.17
dpa-dp-0.65,3,75,0.3587,2.3339
dpa-dp-0.65,3,76,0.3672,2.3018
dpa-dp-0.65,3,77,0.3784,2.212
dpa-dp-0.65,3,78,0.3801,2.2123
dpa-dp-0.65,3,79,0.3773,2.2633
dpa-dp-0.65,3,80,0.3985,2.1274
dpa-dp-0.65,3,81,0.3351,2.6844
dpa-dp-0.65,3,82,0.3636,2.3919
dpa-dp-0.65,3,83,0.3795,2.2747
dpa-dp-0.65,3,84,0.3382,2.4857
dpa-dp-0.65,3,85,0.3692,2.2285
dpa-dp-0.65,3,86,0.3673,2.261
dpa-dp-0.65,3,87,0.3524,2.3985
dpa-dp-0.65,3,88,0.3737,2.3485
dpa-dp-0.65,3,89,0.3844,2.1736
dpa-dp-0.65,3,90,0.3973,2.0866
dpa-dp-0.65,3,91,0.378,2.2731
dpa-dp-0.65,3,92,0.3719,2.3601
dpa-dp-0.65,3,93,0.3811,2.2687
dpa-dp-0.65,3,94,0.3898,2.4382
dpa-dp-0.65,3,95,0.3847,2.3185
dpa-dp-0.65,3,96,0.3849,2.2869
dpa-dp-0.65,3,97,0.3859,2.1603
dpa-dp-0.65,3,98,0.3964,2.1197
dpa-dp-0.65,3,99,0.3779,2.2719
dpa-dp-0.65,3,100,0.3914,2.1323
dpa-dp-0.65,3,101,0.3907,2.2569
dpa-dp-0.65,3,102,0.3967,2.2474
dpa-dp-0.65,3,103,0.4026,2.2272
dpa-dp-0.65,3,104,0.3932,2.291
dpa-dp-0.65,3,105,0.3952,2.2776
dpa-dp-0.65,3,106,0.3956,2.1911
dpa-dp-0.65,3,107,0.3898,2.339
dpa-dp-0.65,3,108,0.3976,2.2988
dpa-dp-0.65,3,109,0.3873,2.3345
dpa-dp-0.65,3,110,0.3955,2.3152
dpa-dp-0.65,3,111,0.3853,2.5023
dpa-dp-0.65,3,112,0.3897,2.3299
dpa-dp-0.65,3,113,0.3943,2.2514
dpa-dp-0.65,3,114,0.3822,2.4312
dpa-dp-0.65,3,115,0.3881,2.4387
dpa-dp-0.65,3,116,0.3877,2.3431
dpa-dp-0.65,3,117,0.3952,2.2977
dpa-dp-0.65,3,118,0.3919,2.3668
dpa-dp-0.65,3,119,0.3956,2.2637
dpa-dp-0.65,3,120,0.3801,2.3585
dpa-dp-0.65,3,121,0.3891,2.4601
dpa-dp-0.65,3,122,0.3807,2.5202
dpa-dp-0.65,3,123,0.3864,2.4996
dpa-dp-0.65,3,124,0.391,2.4946
dpa-dp-0.65,3,125,0.3878,2.4778
dpa-dp-0.65,3,126,0.3745,2.5487
dpa-dp-0.65,3,127,0.3757,2.5204
dpa-dp-0.65,3,128,0.3869,2.3391
dpa-dp-0.65,3,129,0.3746,2.3945
dpa-dp-0.65,3,130,0.3864,2.2968
dpa-dp-0.65,3,131,0.3792,2.3436
dpa-dp-0.65,3,132,0.3837,2.2874
dpa-dp-0.65,3,133,0.3781,2.2808
dpa-dp-0.65,3,134,0.3895,2.2145
dpa-dp-0.65,3,135,0.3324,2.7837
dpa-dp-0.65,3,136,0.3757,2.3731
dpa-dp-0.65,3,137,0.3531,2.4683
dpa-dp-0.65,3,138,0.3547,2.5062
dpa-dp-0.65,3,139,0.3713,2.3207
dpa-dp-0.65,3,140,0.3729,2.3339
dpa-dp-0.65,3,141,0.3522,2.6083
dpa-dp-0.65,3,142,0.3505,2.5164
dpa-dp-0.65,3,143,0.3744,2.3088
dpa-dp-0.65,3,144,0.3854,2.2546
dpa-dp-0.65,3,145,0.3724,2.3867
dpa-dp-0.65,3,146,0.3672,2.3808
dpa-dp-0.65,3,147,0.3583,2.6277
dpa-dp-0.65,3,148,0.3819,2.2979
dpa-dp-0.65,3,149,0.3652,2.3838
dpa-dp-0.65,3,150,0.3756,2.3626
dpa-dp-0.65,3,151,0.3749,2.3684
dpa-dp-0.65,3,152,0.3677,2.476
dpa-dp-0.65,3,153,0.3663,2.3919
dpa-dp-0.65,3,154,0.3724,2.418
dpa-dp-0.65,3,155,0.3835,2.3549
dpa-dp-0.65,3,156,0.3744,2.6234
dpa-dp-0.65,3,157,0.3834,2.5038
dpa-dp-0.65,3,158,0.3785,2.3871
dpa-dp-0.65,3,159,0.3748,2.5637
dpa-dp-0.65,3,160,0.3941,2.4339
dpa-dp-0.65,3,161,0.3858,2.372
dpa-dp-0.65,3,162,0.3856,2.2473
dpa-dp-0.65,3,163,0.3655,2.3329
dpa-dp-0.65,3,164,0.3836,2.321
dpa-dp-0.65,3,165,0.3983,2.2006
dpa-dp-0.65,3,166,0.389,2.1751
dpa-dp-0.65,3,167,0.384,2.3812
dpa-dp-0.65,3,168,0.3881,2.2975
dpa-dp-0.65,3,169,0.3788,2.3617
dpa-dp-0.65,3,170,0.3736,2.3491
dpa-dp-0.65,3,171,0.378,2.4027
dpa-dp-0.65,3,172,0.4008,2.2614
dpa-dp-0.65,3,173,0.3867,2.3518
dpa-dp-0.65,3,174,0.401,2.2498
dpa-dp-0.65,3,175,0.3638,2.5616
dpa-dp-0.65,3,176,0.3617,2.4821
dpa-dp-0.65,3,177,0.372,2.4623
dpa-dp-0.65,3,178,0.3806,2.3476
dpa-dp-0.65,3,179,0.3795,2.4093
dpa-dp-0.65,3,180,0.3796,2.4788
dpa-dp-0.65,3,181,0.4124,2.1222
dpa-dp-0.65,3,182,0.4264,2.0515
dpa-dp-0.65,3,183,0.4245,2.0546
dpa-dp-0.65,3,184,0.4328,2.0593
dpa-dp-0.65,3,185,0.435,2.0239
dpa-dp-0.65,3,186,0.4331,2.0635
dpa-dp-0.65,3,187,0.4358,2.0365
dpa-dp-0.65,3,188,0.4401,2.0064
dpa-dp-0.65,3,189,0.4421,1.9879
dpa-dp-0.65,3,190,0.4485,1.9768
dpa-dp-0.65,3,191,0.4502,1.9851
dpa-dp-0.65,3,192,0.4483,2.0213
dpa-dp-0.65,3,193,0.4461,2.0312
dpa-dp-0.65,3,194,0.451,2.0011
dpa-dp-0.65,3,195,0.4583,1.9793
dpa-dp-0.65,3,196,0.4591,1.9928
dpa-dp-0.65,3,197,0.4648,2.0015
dpa-dp-0.65,3,198,0.4617,2.0189
dpa-dp-0.65,3,199,0.4599,1.9915
dpa-dp-0.65,3,200,0.4659,1.9686
dpa-dp-0.65,4,0,0.103,2.3073
dpa-dp-0.65,4,1,0.123,2.2766
dpa-dp-0.65,4,2,0.1289,2.247
dpa-dp-0.65,4,3,0.1902,2.185
dpa-dp-0.65,4,4,0.1736,2.1922
dpa-dp-0.65,4,5,0.2209,2.1177
dpa-dp-0.65,4,6,0.2402,2.1009
dpa-dp-0.65,4,7,0.2359,2.0733
dpa-dp-0.65,4,8,0.2473,2.0363
dpa-dp-0.65,4,9,0.2682,2.0066
dpa-dp-0.65,4,10,0.2654,2.0069
dpa-dp-0.65,4,11,0.2848,1.9855
dpa-dp-0.65,4,12,0.2906,1.9657
dpa-dp-0.65,4,13,0.2782,2.0072
dpa-dp-0.65,4,14,0.2851,1.9941
dpa-dp-0.65,4,15,0.3038,1.9339
dpa-dp-0.65,4,16,0.2985,1.9537
dpa-dp-0.65,4,17,0.33,1.8798
dpa-dp-0.65,4,18,0.3237,1.9279
dpa-dp-0.65,4,19,0.3114,1.9336
dpa-dp-0.65,4,20,0.3179,1.9229
dpa-dp-0.65,4,21,0.3347,1.903
dpa-dp-0.65,4,22,0.335,1.9269
dpa-dp-0.65,4,23,0.3288,1.9759
dpa-dp-0.65,4,24,0.3364,1.9492
dpa-dp-0.65,4,25,0.3425,1.9265
dpa-dp-0.65,4,26,0.3594,1.9248
dpa-dp-0.65,4,27,0.3539,1.9104
dpa-dp-0.65,4,28,0.3458,1.9264
dpa-dp-0.65,4,29,0.3323,2.0058
dpa-dp-0.65,4,30,0.3664,1.873
dpa-dp-0.65,4,31,0.3541,1.9243
dpa-dp-0.65,4,32,0.3454,1.9456
dpa-dp-0.65,4,33,0.3415,1.991
dpa-dp-0.65,4,34,0.3419,1.9709
dpa-dp-0.65,4,35,0.3505,1.9556
dpa-dp-0.65,4,36,0.3249,2.0993
dpa-dp-0.65,4,37,0.3472,1.9912
dpa-dp-0.65,4,38,0.344,2.0955
dpa-dp-0.65,4,39,0.344,2.0999
dpa-dp-0.65,4,40,0.3429,2.0929
dpa-dp-0.65,4,41,0.3523,2.0156
dpa-dp-0.65,4,42,0.3461,2.0698
dpa-dp-0.65,4,43,0.3562,2.0122
dpa-dp-0.65,4,44,0.3576,1.9974
dpa-dp-0.65,4,45,0.3344,2.1683
dpa-dp-0.65,4,46,0.3607,2.0402
dpa-dp-0.65,4,47,0.3504,2.1545
dpa-dp-0.65,4,48,0.3447,2.2254
dpa-dp-0.65,4,49,0.3453,2.2474
dpa-dp-0.65,4,50,0.3648,2.1147
dpa-dp-0.65,4,51,0.3556,2.1597
dpa-dp-0.65,4,52,0.3541,2.1612
dpa-dp-0.65,4,53,0.3764,2.0354
dpa-dp-0.65,4,54,0.3613,2.2023
dpa-dp-0.65,4,55,0.3699,2.1188
dpa-dp-0.65,4,56,0.3752,2.1034
dpa-dp-0.65,4,57,0.3843,1.9847
dpa-dp-0.65,4,58,0.3889,2.0123
dpa-dp-0.65,4,59,0.3912,1.9627
dpa-dp-0.65,4,60,0.3836,2.0686
dpa-dp-0.65,4,61,0.367,2.112
dpa-dp-0.65,4,62,0.359,2.2026
dpa-dp-0.65,4,63,0.3774,2.1084
dpa-dp-0.65,4,64,0.3722,2.2262
dpa-dp-0.65,4,65,0.3696,2.1604
dpa-dp-0.65,4,66,0.3894,2.0676
dpa-dp-0.65,4,67,0.3682,2.1383
dpa-dp-0.65,4,68,0.3807,2.1325
dpa-dp-0.65,4,69,0.3858,2.1526
dpa-dp-0.65,4,70,0.3925,2.0477
dpa-dp-0.65,4,71,0.3667,2.1714
dpa-dp-0.65,4,72,0.3803,2.1031
dpa-dp-0.65,4,73,0.3714,2.2418
dpa-dp-0.65,4,74,0.3697,2.2533
dpa-dp-0.65,4,75,0.3802,2.2304
dpa-dp-0.65,4,76,0.3844,2.1321
dpa-dp-0.65,4,77,0.3954,2.0882
dpa-dp-0.65,4,78,0.3788,2.1859
dpa-dp-0.65,4,79,0.3721,2.3234
dpa-dp-0.65,4,80,0.3747,2.2852
dpa-dp-0.65,4,81,0.3951,2.216
dpa-dp-0.65,4,82,0.3974,2.1752
dpa-dp-0.65,4,83,0.3794,2.3404
dpa-dp-0.65,4,84,0.3952,2.1773
dpa-dp-0.65,4,85,0.3858,2.1362
dpa-dp-0.65,4,86,0.3937,2.0841
dpa-dp-0.65,4,87,0.3915,2.1205
dpa-dp-0.65,4,88,0.4059,2.0208
dpa-dp-0.65,4,89,0.3881,2.2874
dpa-dp-0.65,4,90,0.3886,2.2191
dpa-dp-0.65,4,91,0.3459,2.4911
dpa-dp-0.65,4,92,0.3496,2.5136
dpa-dp-0.65,4,93,0.3794,2.2659
dpa-dp-0.65,4,94,0.3655,2.3556
dpa-dp-0.65,4,95,0.3706,2.3974
dpa-dp-0.65,4,96,0.3568,2.4902
dpa-dp-0.65,4,97,0.3664,2.3353
dpa-dp-0.65,4,98,0.3735,2.3051
dpa-dp-0.65,4,99,0.3824,2.2535
dpa-dp-0.65,4,100,0.3868,2.2562
dpa-dp-0.65,4,101,0.3834,2.2212
dpa-dp-0.65,4,102,0.4088,2.0875
dpa-dp-0.65,4,103,0.3767,2.3651
dpa-dp-0.65,4,104,0.3917,2.1117
dpa-dp-0.65,4,105,0.3844,2.2131
dpa-dp-0.65,4,106,0.387,2.326
dpa-dp-0.65,4,107,0.3687,2.4314
dpa-dp-0.65,4,108,0.3682,2.4451
dpa-dp-0.65,4,109,0.3801,2.286
dpa-dp-0.65,4,110,0.3861,2.2846
dpa-dp-0.65,4,111,0.3996,2.3016
dpa-dp-0.65,4,112,0.3864,2.2917
dpa-dp-0.65,4,113,0.3916,2.2427
dpa-dp-0.65,4,114,0.4059,2.2146
dpa-dp-0.65,4,115,0.3925,2.2821
dpa-dp-0.65,4,116,0.3847,2.3196
dpa-dp-0.65,4,117,0.3231,2.9904
dpa-dp-0.65,4,118,0.3835,2.3472
dpa-dp-0.65,4,119,0.3722,2.416
dpa-dp-0.65,4,120,0.3636,2.5077
dpa-dp-0.65,4,121,0.4011,2.1759
dpa-dp-0.65,4,122,0.3714,2.4531
dpa-dp-0.65,4,123,0.3853,2.3412
dpa-dp-0.65,4,124,0.391,2.2934
dpa-dp-0.65,4,125,0.3956,2.2355
dpa-dp-0.65,4,126,0.3457,2.6309
dpa-dp-0.65,4,127,0.3931,2.3003
dpa-dp-0.65,4,128,0.3984,2.2644
dpa-dp-0.65,4,129,0.3853,2.3807
dpa-dp-0.65,4,130,0.4046,2.2368
dpa-dp-0.65,4,131,0.4049,2.2541
dpa-dp-0.65,4,132,0.3948,2.2666
dpa-dp-0.65,4,133,0.4114,2.0979
dpa-dp-0.65,4,134,0.3926,2.2035
dpa-dp-0.65,4,135,0.3797,2.2204
dpa-dp-0.65,4,136,0.3962,2.2142
dpa-dp-0.65,4,137,0.3727,2.4132
dpa-dp-0.65,4,138,0.4,2.2048
dpa-dp-0.65,4,139,0.3972,2.0921
dpa-dp-0.65,4,140,0.3935,2.1063
dpa-dp-0.65,4,141,0.3892,2.1876
dpa-dp-0.65,4,142,0.3901,2.2258
dpa-dp-0.65,4,143,0.3702,2.3656
dpa-dp-0.65,4,144,0.3745,2.3045
dpa-dp-0.65,4,145,0.3611,2.4696
dpa-dp-0.65,4,146,0.3745,2.4394
dpa-dp-0.65,4,147,0.3908,2.2709
dpa-dp-0.65,4,148,0.3996,2.2399
dpa-dp-0.65,4,149,0.3903,2.281
dpa-dp-0.65,4,150,0.3747,2.3142
dpa-dp-0.65,4,151,0.395,2.09
dpa-dp-0.65,4,152,0.3527,2.5227
dpa-dp-0.65,4,153,0.3924,2.2194
dpa-dp-0.65,4,154,0.3719,2.4539
dpa-dp-0.65,4,155,0.3984,2.0858
dpa-dp-0.65,4,156,0.3941,2.1899
dpa-dp-0.65,4,157,0.3824,2.1775
dpa-dp-0.65,4,158,0.3891,2.2735
dpa-dp-0.65,4,159,0.3836,2.1147
dpa-dp-0.65,4,160,0.3999,2.2215
dpa-dp-0.65,4,161,0.3892,2.1431
dpa-dp-0.65,4,162,0.3871,2.2463
dpa-dp-0.65,4,163,0.3831,2.2014
dpa-dp-0.65,4,164,0.3616,2.514
dpa-dp-0.65,4,165,0.3864,2.1393
dpa-dp-0.65,4,166,0.3774,2.308
dpa-dp-0.65,4,167,0.3872,2.2076
dpa-dp-0.65,4,168,0.4087,2.0685
dpa-dp-0.65,4,169,0.3975,2.189
dpa-dp-0.65,4,170,0.4003,2.1085
dpa-dp-0.65,4,171,0.3853,2.1767
dpa-dp-0.65,4,172,0.4001,2.1606
dpa-dp-0.65,4,173,0.3866,2.296
dpa-dp-0.65,4,174,0.3416,2.9239
dpa-dp-0.65,4,175,0.3784,2.2458
dpa-dp-0.65,4,176,0.3648,2.4305
dpa-dp-0.65,4,177,0.3989,2.1788
dpa-dp-0.65,4,178,0.3791,2.2117
dpa-dp-0.65,4,179,0.3932,2.0365
dpa-dp-0.65,4,180,0.3914,2.123
dpa-dp-0.65,4,181,0.4293,1.8888
dpa-dp-0.65,4,182,0.4339,1.8644
dpa-dp-0.65,4,183,0.4411,1.8715
dpa-dp-0.65,4,184,0.447,1.8691
dpa-dp-0.65,4,185,0.4484,1.8473
dpa-dp-0.65,4,186,0.4526,1.8567
dpa-dp-0.65,4,187,0.4546,1.8514
dpa-dp-0.65,4,188,0.4581,1.8479
dpa-dp-0.65,4,189,0.4615,1.8363
dpa-dp-0.65,4,190,0.4676,1.8027
dpa-dp-0.65,4,191,0.4661,1.8217
dpa-dp-0.65,4,192,0.4695,1.8208
dpa-dp-0.65,4,193,0.4647,1.8259
dpa-dp-0.65,4,194,0.4673,1.8385
dpa-dp-0.65,4,195,0.474,1.8101
dpa-dp-0.65,4,196,0.4732,1.8217
dpa-dp-0.65,4,197,0.4689,1.8309
dpa-dp-0.65,4,198,0.4797,1.8109
dpa-dp-0.65,4,199,0.479,1.794
dpa-dp-0.65,4,200,0.4851,1.8005
dpa-dp-0.65,5,0,0.103,2.3073
dpa-dp-0.65,5,1,0.162,2.28
dpa-dp-0.65,5,2,0.2062,2.2119
dpa-dp-0.65,5,3,0.1697,2.1771
dpa-dp-0.65,5,4,0.2264,2.1012
dpa-dp-0.65,5,5,0.2453,2.0801
dpa-dp-0.65,5,6,0.253,2.0551
dpa-dp-0.65,5,7,0.2537,2.0439
dpa-dp-0.65,5,8,0.2567,2.0102
dpa-dp-0.65,5,9,0.2424,2.0561
dpa-dp-0.65,5,10,0.2808,1.954
dpa-dp-0.65,5,11,0.2868,1.9727
dpa-dp-0.65,5,12,0.2875,1.9572
dpa-dp-0.65,5,13,0.2917,1.9458
dpa-dp-0.65,5,14,0.2839,2.0121
dpa-dp-0.65,5,15,0.2977,1.9612
dpa-dp-0.65,5,16,0.3071,1.9161
dpa-dp-0.65,5,17,0.3028,1.9345
dpa-dp-0.65,5,18,0.2885,1.997
dpa-dp-0.65,5,19,0.3152,1.9372
dpa-dp-0.65,5,20,0.3147,2.0108
dpa-dp-0.65,5,21,0.3116,2.0307
dpa-dp-0.65,5,22,0.3296,1.9117
dpa-dp-0.65,5,23,0.3274,2.0011
dpa-dp-0.65,5,24,0.3144,1.9967
dpa-dp-0.65,5,25,0.3053,2.044
dpa-dp-0.65,5,26,0.3244,2.0628
dpa-dp-0.65,5,27,0.3371,1.9717
dpa-dp-0.65,5,28,0.3254,2.0147
dpa-dp-0.65,5,29,0.3429,1.9688
dpa-dp-0.65,5,30,0.3424,1.9916
dpa-dp-0.65,5,31,0.3438,2.019
dpa-dp-0.65,5,32,0.3386,2.0667
dpa-dp-0.65,5,33,0.333,2.0964
dpa-dp-0.65,5,34,0.3362,2.0814
dpa-dp-0.65,5,35,0.3482,2.0063
dpa-dp-0.65,5,36,0.3425,2.042
dpa-dp-0.65,5,37,0.3332,2.1458
dpa-dp-0.65,5,38,0.3595,2.066
dpa-dp-0.65,5,39,0.3501,2.1205
dpa-dp-0.65,5,40,0.3655,2.0586
dpa-dp-0.65,5,41,0.3498,2.1205
dpa-dp-0.65,5,42,0.3531,2.1186
dpa-dp-0.65,5,43,0.3565,2.2249
dpa-dp-0.65,5,44,0.3768,2.007
dpa-dp-0.65,5,45,0.3632,2.0356
dpa-dp-0.65,5,46,0.373,2.0295
dpa-dp-0.65,5,47,0.3584,2.1292
dpa-dp-0.65,5,48,0.363,2.0974
dpa-dp-0.65,5,49,0.3663,2.1264
dpa-dp-0.65,5,50,0.3597,2.1988
dpa-dp-0.65,5,51,0.3732,2.1107
dpa-dp-0.65,5,52,0.3555,2.1682
dpa-dp-0.65,5,53,0.3724,2.0874
dpa-dp-0.65,5,54,0.3733,2.0907
dpa-dp-0.65,5,55,0.3813,2.0882
dpa-dp-0.65,5,56,0.3815,2.1351
dpa-dp-0.65,5,57,0.3698,2.25
dpa-dp-0.65,5,58,0.3839,2.1176
dpa-dp-0.65,5,59,0.3874,2.0171
dpa-dp-0.65,5,60,0.3915,2.0965
dpa-dp-0.65,5,61,0.3917,2.1223
dpa-dp-0.65,5,62,0.3904,2.1109
dpa-dp-0.65,5,63,0.365,2.2566
dpa-dp-0.65,5,64,0.37,2.2051
dpa-dp-0.65,5,65,0.3857,2.1912
dpa-dp-0.65,5,66,0.3892,2.1898
dpa-dp-0.65,5,67,0.3861,2.1711
dpa-dp-0.65,5,68,0.3972,2.0727
dpa-dp-0.65,5,69,0.391,2.1264
dpa-dp-0.65,5,70,0.3936,2.0981
dpa-dp-0.65,5,71,0.3998,2.0382
dpa-dp-0.65,5,72,0.3913,2.2353
dpa-dp-0.65,5,73,0.3951,2.1191
dpa-dp-0.65,5,74,0.3795,2.2748
dpa-dp-0.65,5,75,0.3897,2.2105
dpa-dp-0.65,5,76,0.3944,2.155
dpa-dp-0.65,5,77,0.377,2.2405
dpa-dp-0.65,5,78,0.3912,2.17
dpa-dp-0.65,5,79,0.3987,2.0955
dpa-dp-0.65,5,80,0.3965,2.0921
dpa-dp-0.65,5,81,0.3949,2.1263
dpa-dp-0.65,5,82,0.3756,2.2547
dpa-dp-0.65,5,83,0.3774,2.3091
dpa-dp-0.65,5,84,0.3875,2.1988
dpa-dp-0.65,5,85,0.3821,2.1757
dpa-dp-0.65,5,86,0.383,2.2169
dpa-dp-0.65,5,87,0.3802,2.2397
dpa-dp-0.65,5,88,0.3941,2.093
dpa-dp-0.65,5,89,0.3934,2.1866
dpa-dp-0.65,5,90,0.3854,2.1624
dpa-dp-0.65,5,91,0.399,2.1143
dpa-dp-0.65,5,92,0.405,2.0875
dpa-dp-0.65,5,93,0.377,2.2215
dpa-dp-0.65,5,94,0.4019,2.07
dpa-dp-0.65,5,95,0.4106,2.0916
dpa-dp-0.65,5,96,0.374,2.328
dpa-dp-0.65,5,97,0.3805,2.2962
dpa-dp-0.65,5,98,0.3952,2.1586
dpa-dp-0.65,5,99,0.3998,2.1099
dpa-dp-0.65,5,100,0.3931,2.1555
dpa-dp-0.65,5,101,0.3464,2.5759
dpa-dp-0.65,5,102,0.3778,2.2869
dpa-dp-0.65,5,103,0.3797,2.2679
dpa-dp-0.65,5,104,0.3903,2.1924
dpa-dp-0.65,5,105,0.3891,2.2205
dpa-dp-0.65,5,106,0.3932,2.1855
dpa-dp-0.65,5,107,0.3587,2.4347
dpa-dp-0.65,5,108,0.3584,2.42
dpa-dp-0.65,5,109,0.3894,2.1342
dpa-dp-0.65,5,110,0.3987,2.202
dpa-dp-0.65,5,111,0.369,2.3634
dpa-dp-0.65,5,112,0.3856,2.2481
dpa-dp-0.65,5,113,0.3998,2.2118
dpa-dp-0.65,5,114,0.4013,2.2175
dpa-dp-0.65,5,115,0.381,2.301
dpa-dp-0.65,5,116,0.3849,2.2292
dpa-dp-0.65,5,117,0.3939,2.3539
dpa-dp-0.65,5,118,0.3921,2.2738
dpa-dp-0.65,5,119,0.3961,2.2153
dpa-dp-0.65,5,120,0.3824,2.3296
dpa-dp-0.65,5,121,0.399,2.2756
dpa-dp-0.65,5,122,0.385,2.4255
dpa-dp-0.65,5,123,0.3858,2.3455
dpa-dp-0.65,5,124,0.3721,2.4636
dpa-dp-0.65,5,125,0.3985,2.3138
dpa-dp-0.65,5,126,0.3882,2.4276
dpa-dp-0.65,5,127,0.3882,2.2959
dpa-dp-0.65,5,128,0.3662,2.5544
dpa-dp-0.65,5,129,0.3993,2.3
dpa-dp-0.65,5,130,0.3819,2.3633
dpa-dp-0.65,5,131,0.3873,2.3401
dpa-dp-0.65,5,132,0.3805,2.497
dpa-dp-0.65,5,133,0.3713,2.4291
dpa-dp-0.65,5,134,0.3844,2.3546
dpa-dp-0.65,5,135,0.395,2.2905
dpa-dp-0.65,5,136,0.3956,2.3223
dpa-dp-0.65,5,137,0.3835,2.449
dpa-dp-0.65,5,138,0.3967,2.2233
dpa-dp-0.65,5,139,0.3943,2.2424
dpa-dp-0.65,5,140,0.4018,2.2836
dpa-dp-0.65,5,141,0.4085,2.2676
dpa-dp-0.65,5,142,0.4035,2.1955
dpa-dp-0.65,5,143,0.4011,2.2715
dpa-dp-0.65,5,144,0.4026,2.2164
dpa-dp-0.65,5,145,0.398,2.2915
dpa-dp-0.65,5,146,0.4077,2.1812
dpa-dp-0.65,5,147,0.4143,2.1871
dpa-dp-0.65,5,148,0.4034,2.2277
dpa-dp-0.65,5,149,0.3979,2.3378
dpa-dp-0.65,5,150,0.4063,2.3264
dpa-dp-0.65,5,151,0.4029,2.3455
dpa-dp-0.65,5,152,0.3691,2.5966
dpa-dp-0.65,5,153,0.3968,2.2547
dpa-dp-0.65,5,154,0.373,2.4591
dpa-dp-0.65,5,155,0.3911,2.298
dpa-dp-0.65,5,156,0.3949,2.3022
dpa-dp-0.65,5,157,0.4048,2.3033
dpa-dp-0.65,5,158,0.4094,2.293
dpa-dp-0.65,5,159,0.3784,2.3794
dpa-dp-0.65,5,160,0.3907,2.3529
dpa-dp-0.65,5,161,0.3651,2.5138
dpa-dp-0.65,5,162,0.3734,2.5021
dpa-dp-0.65,5,163,0.3737,2.5611
dpa-dp-0.65,5,164,0.4042,2.1978
dpa-dp-0.65,5,165,0.3898,2.2346
dpa-dp-0.65,5,166,0.3879,2.259
dpa-dp-0.65,5,167,0.3702,2.3726
dpa-dp-0.65,5,168,0.3601,2.4725
dpa-dp-0.65,5,169,0.381,2.3674
dpa-dp-0.65,5,170,0.3873,2.3978
dpa-dp-0.65,5,171,0.3878,2.2521
dpa-dp-0.65,5,172,0.3687,2.3172
dpa-dp-0.65,5,173,0.3893,2.3215
dpa-dp-0.65,5,174,0.3448,2.6364
dpa-dp-0.65,5,175,0.3786,2.3318
dpa-dp-0.65,5,176,0.4021,2.2493
dpa-dp-0.65,5,177,0.3811,2.4751
dpa-dp-0.65,5,178,0.3734,2.4907
dpa-dp-0.65,5,179,0.3533,2.7169
dpa-dp-0.65,5,180,0.3814,2.4942
dpa-dp-0.65,5,181,0.4163,2.1322
dpa-dp-0.65,5,182,0.4236,2.0971
dpa-dp-0.65,5,183,0.4341,2.0504
dpa-dp-0.65,5,184,0.4364,2.0214
dpa-dp-0.65,5,185,0.4428,2.0162
dpa-dp-0.65,5,186,0.4366,2.0092
dpa-dp-0.65,5,187,0.448,1.9872
dpa-dp-0.65,5,188,0.4465,1.9774
dpa-dp-0.65,5,189,0.4515,1.9959
dpa-dp-0.65,5,190,0.448,2.0007
dpa-dp-0.65,5,191,0.4494,1.9669
dpa-dp-0.65,5,192,0.454,2.0017
dpa-dp-0.65,5,193,0.4583,1.955
dpa-dp-0.65,5,194,0.4571,1.9563
dpa-dp-0.65,5,195,0.4667,1.8996
dpa-dp-0.65,5,196,0.4669,1.8987
dpa-dp-0.65,5,197,0.4601,1.9687
dpa-dp-0.65,5,198,0.4669,1.9324
dpa-dp-0.65,5,199,0.4712,1.9288
dpa-dp-0.65,5,200,0.4611,1.9605
